"","filename","sentence","file_id2","id","article_id","date","url","lynching","attempted_y_n","similar_coverage_y_n","notes","reviewed_by_te","notes_from_te","rsw_questions","sn","newspaper_name","year","month","day","page","edition","mod_id","newspaper_state","unsure4","unsure1","unsure2","random","source","filepath"
"1","14213_0.txt","It is very much to be hoped that there is","14213_0",14213,"0",1836-11-09,"https://articleextractor.org/pages/14213/mimtptc_alpena_ver01/sn83016620/1836/11/09/ed-1/seq-1/1","Yes","","","","x","Mr. Weed, an abolitionist left town, was followed by the mob. ...""""himself suspened a tree by a rope of bark until he was dead"""" happened near Chillicothe 1836","","sn83016620","Constantine republican (Constantine, Mi...)",1836,11,9,"seq-1","ed-1",1,"Michigan",304,1139,234812,115,"students","~/Code/hcij_lynching_phase_two/Storage_Older_Versions/latest_articles_aug23/14213_0.txt"
"2","14213_0.txt","utter falsehood or gross exaggeration at least,","14213_0",14213,"0",1836-11-09,"https://articleextractor.org/pages/14213/mimtptc_alpena_ver01/sn83016620/1836/11/09/ed-1/seq-1/1","Yes","","","","x","Mr. Weed, an abolitionist left town, was followed by the mob. ...""""himself suspened a tree by a rope of bark until he was dead"""" happened near Chillicothe 1836","","sn83016620","Constantine republican (Constantine, Mi...)",1836,11,9,"seq-1","ed-1",1,"Michigan",304,1139,234812,115,"students","~/Code/hcij_lynching_phase_two/Storage_Older_Versions/latest_articles_aug23/14213_0.txt"
"3","14213_0.txt","in the following report which we copy from","14213_0",14213,"0",1836-11-09,"https://articleextractor.org/pages/14213/mimtptc_alpena_ver01/sn83016620/1836/11/09/ed-1/seq-1/1","Yes","","","","x","Mr. Weed, an abolitionist left town, was followed by the mob. ...""""himself suspened a tree by a rope of bark until he was dead"""" happened near Chillicothe 1836","","sn83016620","Constantine republican (Constantine, Mi...)",1836,11,9,"seq-1","ed-1",1,"Michigan",304,1139,234812,115,"students","~/Code/hcij_lynching_phase_two/Storage_Older_Versions/latest_articles_aug23/14213_0.txt"
"4","14213_0.txt","the Ohio Atlas, published at Elyria in that","14213_0",14213,"0",1836-11-09,"https://articleextractor.org/pages/14213/mimtptc_alpena_ver01/sn83016620/1836/11/09/ed-1/seq-1/1","Yes","","","","x","Mr. Weed, an abolitionist left town, was followed by the mob. ...""""himself suspened a tree by a rope of bark until he was dead"""" happened near Chillicothe 1836","","sn83016620","Constantine republican (Constantine, Mi...)",1836,11,9,"seq-1","ed-1",1,"Michigan",304,1139,234812,115,"students","~/Code/hcij_lynching_phase_two/Storage_Older_Versions/latest_articles_aug23/14213_0.txt"
"5","14213_0.txt","State. If the details here given are indeed","14213_0",14213,"0",1836-11-09,"https://articleextractor.org/pages/14213/mimtptc_alpena_ver01/sn83016620/1836/11/09/ed-1/seq-1/1","Yes","","","","x","Mr. Weed, an abolitionist left town, was followed by the mob. ...""""himself suspened a tree by a rope of bark until he was dead"""" happened near Chillicothe 1836","","sn83016620","Constantine republican (Constantine, Mi...)",1836,11,9,"seq-1","ed-1",1,"Michigan",304,1139,234812,115,"students","~/Code/hcij_lynching_phase_two/Storage_Older_Versions/latest_articles_aug23/14213_0.txt"
"6","14213_0.txt","true, it manifests a state of society, most deplorable","14213_0",14213,"0",1836-11-09,"https://articleextractor.org/pages/14213/mimtptc_alpena_ver01/sn83016620/1836/11/09/ed-1/seq-1/1","Yes","","","","x","Mr. Weed, an abolitionist left town, was followed by the mob. ...""""himself suspened a tree by a rope of bark until he was dead"""" happened near Chillicothe 1836","","sn83016620","Constantine republican (Constantine, Mi...)",1836,11,9,"seq-1","ed-1",1,"Michigan",304,1139,234812,115,"students","~/Code/hcij_lynching_phase_two/Storage_Older_Versions/latest_articles_aug23/14213_0.txt"
"7","14213_0.txt",", to be sure. The truth is, this stu","14213_0",14213,"0",1836-11-09,"https://articleextractor.org/pages/14213/mimtptc_alpena_ver01/sn83016620/1836/11/09/ed-1/seq-1/1","Yes","","","","x","Mr. Weed, an abolitionist left town, was followed by the mob. ...""""himself suspened a tree by a rope of bark until he was dead"""" happened near Chillicothe 1836","","sn83016620","Constantine republican (Constantine, Mi...)",1836,11,9,"seq-1","ed-1",1,"Michigan",304,1139,234812,115,"students","~/Code/hcij_lynching_phase_two/Storage_Older_Versions/latest_articles_aug23/14213_0.txt"
"8","14213_0.txt",""" pendous system of violence and misrule,","14213_0",14213,"0",1836-11-09,"https://articleextractor.org/pages/14213/mimtptc_alpena_ver01/sn83016620/1836/11/09/ed-1/seq-1/1","Yes","","","","x","Mr. Weed, an abolitionist left town, was followed by the mob. ...""""himself suspened a tree by a rope of bark until he was dead"""" happened near Chillicothe 1836","","sn83016620","Constantine republican (Constantine, Mi...)",1836,11,9,"seq-1","ed-1",1,"Michigan",304,1139,234812,115,"students","~/Code/hcij_lynching_phase_two/Storage_Older_Versions/latest_articles_aug23/14213_0.txt"
"9","14213_0.txt","- denominated Lynch law, must be put down","14213_0",14213,"0",1836-11-09,"https://articleextractor.org/pages/14213/mimtptc_alpena_ver01/sn83016620/1836/11/09/ed-1/seq-1/1","Yes","","","","x","Mr. Weed, an abolitionist left town, was followed by the mob. ...""""himself suspened a tree by a rope of bark until he was dead"""" happened near Chillicothe 1836","","sn83016620","Constantine republican (Constantine, Mi...)",1836,11,9,"seq-1","ed-1",1,"Michigan",304,1139,234812,115,"students","~/Code/hcij_lynching_phase_two/Storage_Older_Versions/latest_articles_aug23/14213_0.txt"
"10","14213_0.txt","in this country, or our regular institutions will","14213_0",14213,"0",1836-11-09,"https://articleextractor.org/pages/14213/mimtptc_alpena_ver01/sn83016620/1836/11/09/ed-1/seq-1/1","Yes","","","","x","Mr. Weed, an abolitionist left town, was followed by the mob. ...""""himself suspened a tree by a rope of bark until he was dead"""" happened near Chillicothe 1836","","sn83016620","Constantine republican (Constantine, Mi...)",1836,11,9,"seq-1","ed-1",1,"Michigan",304,1139,234812,115,"students","~/Code/hcij_lynching_phase_two/Storage_Older_Versions/latest_articles_aug23/14213_0.txt"
"11","14213_0.txt","not only become a mockery and a bye- word","14213_0",14213,"0",1836-11-09,"https://articleextractor.org/pages/14213/mimtptc_alpena_ver01/sn83016620/1836/11/09/ed-1/seq-1/1","Yes","","","","x","Mr. Weed, an abolitionist left town, was followed by the mob. ...""""himself suspened a tree by a rope of bark until he was dead"""" happened near Chillicothe 1836","","sn83016620","Constantine republican (Constantine, Mi...)",1836,11,9,"seq-1","ed-1",1,"Michigan",304,1139,234812,115,"students","~/Code/hcij_lynching_phase_two/Storage_Older_Versions/latest_articles_aug23/14213_0.txt"
"12","14213_0.txt","of reproach throughout the world; but they","14213_0",14213,"0",1836-11-09,"https://articleextractor.org/pages/14213/mimtptc_alpena_ver01/sn83016620/1836/11/09/ed-1/seq-1/1","Yes","","","","x","Mr. Weed, an abolitionist left town, was followed by the mob. ...""""himself suspened a tree by a rope of bark until he was dead"""" happened near Chillicothe 1836","","sn83016620","Constantine republican (Constantine, Mi...)",1836,11,9,"seq-1","ed-1",1,"Michigan",304,1139,234812,115,"students","~/Code/hcij_lynching_phase_two/Storage_Older_Versions/latest_articles_aug23/14213_0.txt"
"13","14213_0.txt",". will very soon be undermined and destroy","14213_0",14213,"0",1836-11-09,"https://articleextractor.org/pages/14213/mimtptc_alpena_ver01/sn83016620/1836/11/09/ed-1/seq-1/1","Yes","","","","x","Mr. Weed, an abolitionist left town, was followed by the mob. ...""""himself suspened a tree by a rope of bark until he was dead"""" happened near Chillicothe 1836","","sn83016620","Constantine republican (Constantine, Mi...)",1836,11,9,"seq-1","ed-1",1,"Michigan",304,1139,234812,115,"students","~/Code/hcij_lynching_phase_two/Storage_Older_Versions/latest_articles_aug23/14213_0.txt"
"14","14213_0.txt","ed, our boasted"" free reduced","14213_0",14213,"0",1836-11-09,"https://articleextractor.org/pages/14213/mimtptc_alpena_ver01/sn83016620/1836/11/09/ed-1/seq-1/1","Yes","","","","x","Mr. Weed, an abolitionist left town, was followed by the mob. ...""""himself suspened a tree by a rope of bark until he was dead"""" happened near Chillicothe 1836","","sn83016620","Constantine republican (Constantine, Mi...)",1836,11,9,"seq-1","ed-1",1,"Michigan",304,1139,234812,115,"students","~/Code/hcij_lynching_phase_two/Storage_Older_Versions/latest_articles_aug23/14213_0.txt"
"15","14213_0.txt","at once to a mere ruffian system of","14213_0",14213,"0",1836-11-09,"https://articleextractor.org/pages/14213/mimtptc_alpena_ver01/sn83016620/1836/11/09/ed-1/seq-1/1","Yes","","","","x","Mr. Weed, an abolitionist left town, was followed by the mob. ...""""himself suspened a tree by a rope of bark until he was dead"""" happened near Chillicothe 1836","","sn83016620","Constantine republican (Constantine, Mi...)",1836,11,9,"seq-1","ed-1",1,"Michigan",304,1139,234812,115,"students","~/Code/hcij_lynching_phase_two/Storage_Older_Versions/latest_articles_aug23/14213_0.txt"
"16","14213_0.txt","confusion, bloodshed, and unmitigated anar.","14213_0",14213,"0",1836-11-09,"https://articleextractor.org/pages/14213/mimtptc_alpena_ver01/sn83016620/1836/11/09/ed-1/seq-1/1","Yes","","","","x","Mr. Weed, an abolitionist left town, was followed by the mob. ...""""himself suspened a tree by a rope of bark until he was dead"""" happened near Chillicothe 1836","","sn83016620","Constantine republican (Constantine, Mi...)",1836,11,9,"seq-1","ed-1",1,"Michigan",304,1139,234812,115,"students","~/Code/hcij_lynching_phase_two/Storage_Older_Versions/latest_articles_aug23/14213_0.txt"
"17","14213_0.txt","chy.-N. Y. Cour. and Enq.","14213_0",14213,"0",1836-11-09,"https://articleextractor.org/pages/14213/mimtptc_alpena_ver01/sn83016620/1836/11/09/ed-1/seq-1/1","Yes","","","","x","Mr. Weed, an abolitionist left town, was followed by the mob. ...""""himself suspened a tree by a rope of bark until he was dead"""" happened near Chillicothe 1836","","sn83016620","Constantine republican (Constantine, Mi...)",1836,11,9,"seq-1","ed-1",1,"Michigan",304,1139,234812,115,"students","~/Code/hcij_lynching_phase_two/Storage_Older_Versions/latest_articles_aug23/14213_0.txt"
"18","14213_0.txt",""" Reports are rife in this vicinity of the","14213_0",14213,"0",1836-11-09,"https://articleextractor.org/pages/14213/mimtptc_alpena_ver01/sn83016620/1836/11/09/ed-1/seq-1/1","Yes","","","","x","Mr. Weed, an abolitionist left town, was followed by the mob. ...""""himself suspened a tree by a rope of bark until he was dead"""" happened near Chillicothe 1836","","sn83016620","Constantine republican (Constantine, Mi...)",1836,11,9,"seq-1","ed-1",1,"Michigan",304,1139,234812,115,"students","~/Code/hcij_lynching_phase_two/Storage_Older_Versions/latest_articles_aug23/14213_0.txt"
"19","14213_0.txt",", murder, by a mob, near Chillicothe, of Mr.","14213_0",14213,"0",1836-11-09,"https://articleextractor.org/pages/14213/mimtptc_alpena_ver01/sn83016620/1836/11/09/ed-1/seq-1/1","Yes","","","","x","Mr. Weed, an abolitionist left town, was followed by the mob. ...""""himself suspened a tree by a rope of bark until he was dead"""" happened near Chillicothe 1836","","sn83016620","Constantine republican (Constantine, Mi...)",1836,11,9,"seq-1","ed-1",1,"Michigan",304,1139,234812,115,"students","~/Code/hcij_lynching_phase_two/Storage_Older_Versions/latest_articles_aug23/14213_0.txt"
"20","14213_0.txt",", Edward Weed, late of Lane Seminary, and","14213_0",14213,"0",1836-11-09,"https://articleextractor.org/pages/14213/mimtptc_alpena_ver01/sn83016620/1836/11/09/ed-1/seq-1/1","Yes","","","","x","Mr. Weed, an abolitionist left town, was followed by the mob. ...""""himself suspened a tree by a rope of bark until he was dead"""" happened near Chillicothe 1836","","sn83016620","Constantine republican (Constantine, Mi...)",1836,11,9,"seq-1","ed-1",1,"Michigan",304,1139,234812,115,"students","~/Code/hcij_lynching_phase_two/Storage_Older_Versions/latest_articles_aug23/14213_0.txt"
"21","14213_0.txt","since of Cummingsville. A gentleman of","14213_0",14213,"0",1836-11-09,"https://articleextractor.org/pages/14213/mimtptc_alpena_ver01/sn83016620/1836/11/09/ed-1/seq-1/1","Yes","","","","x","Mr. Weed, an abolitionist left town, was followed by the mob. ...""""himself suspened a tree by a rope of bark until he was dead"""" happened near Chillicothe 1836","","sn83016620","Constantine republican (Constantine, Mi...)",1836,11,9,"seq-1","ed-1",1,"Michigan",304,1139,234812,115,"students","~/Code/hcij_lynching_phase_two/Storage_Older_Versions/latest_articles_aug23/14213_0.txt"
"22","14213_0.txt","Marietta, in whom entire confidence may","14213_0",14213,"0",1836-11-09,"https://articleextractor.org/pages/14213/mimtptc_alpena_ver01/sn83016620/1836/11/09/ed-1/seq-1/1","Yes","","","","x","Mr. Weed, an abolitionist left town, was followed by the mob. ...""""himself suspened a tree by a rope of bark until he was dead"""" happened near Chillicothe 1836","","sn83016620","Constantine republican (Constantine, Mi...)",1836,11,9,"seq-1","ed-1",1,"Michigan",304,1139,234812,115,"students","~/Code/hcij_lynching_phase_two/Storage_Older_Versions/latest_articles_aug23/14213_0.txt"
"23","14213_0.txt","be placed, reports the following statement","14213_0",14213,"0",1836-11-09,"https://articleextractor.org/pages/14213/mimtptc_alpena_ver01/sn83016620/1836/11/09/ed-1/seq-1/1","Yes","","","","x","Mr. Weed, an abolitionist left town, was followed by the mob. ...""""himself suspened a tree by a rope of bark until he was dead"""" happened near Chillicothe 1836","","sn83016620","Constantine republican (Constantine, Mi...)",1836,11,9,"seq-1","ed-1",1,"Michigan",304,1139,234812,115,"students","~/Code/hcij_lynching_phase_two/Storage_Older_Versions/latest_articles_aug23/14213_0.txt"
"24","14213_0.txt","as having been made in the stage house at","14213_0",14213,"0",1836-11-09,"https://articleextractor.org/pages/14213/mimtptc_alpena_ver01/sn83016620/1836/11/09/ed-1/seq-1/1","Yes","","","","x","Mr. Weed, an abolitionist left town, was followed by the mob. ...""""himself suspened a tree by a rope of bark until he was dead"""" happened near Chillicothe 1836","","sn83016620","Constantine republican (Constantine, Mi...)",1836,11,9,"seq-1","ed-1",1,"Michigan",304,1139,234812,115,"students","~/Code/hcij_lynching_phase_two/Storage_Older_Versions/latest_articles_aug23/14213_0.txt"
"25","14213_0.txt","Wooster, by a Kentuckian travelling north","14213_0",14213,"0",1836-11-09,"https://articleextractor.org/pages/14213/mimtptc_alpena_ver01/sn83016620/1836/11/09/ed-1/seq-1/1","Yes","","","","x","Mr. Weed, an abolitionist left town, was followed by the mob. ...""""himself suspened a tree by a rope of bark until he was dead"""" happened near Chillicothe 1836","","sn83016620","Constantine republican (Constantine, Mi...)",1836,11,9,"seq-1","ed-1",1,"Michigan",304,1139,234812,115,"students","~/Code/hcij_lynching_phase_two/Storage_Older_Versions/latest_articles_aug23/14213_0.txt"
"26","14213_0.txt","in pursuit of slaves, and afterwards repeat","14213_0",14213,"0",1836-11-09,"https://articleextractor.org/pages/14213/mimtptc_alpena_ver01/sn83016620/1836/11/09/ed-1/seq-1/1","Yes","","","","x","Mr. Weed, an abolitionist left town, was followed by the mob. ...""""himself suspened a tree by a rope of bark until he was dead"""" happened near Chillicothe 1836","","sn83016620","Constantine republican (Constantine, Mi...)",1836,11,9,"seq-1","ed-1",1,"Michigan",304,1139,234812,115,"students","~/Code/hcij_lynching_phase_two/Storage_Older_Versions/latest_articles_aug23/14213_0.txt"
"27","14213_0.txt","ed by the same individual in the stage, viz:","14213_0",14213,"0",1836-11-09,"https://articleextractor.org/pages/14213/mimtptc_alpena_ver01/sn83016620/1836/11/09/ed-1/seq-1/1","Yes","","","","x","Mr. Weed, an abolitionist left town, was followed by the mob. ...""""himself suspened a tree by a rope of bark until he was dead"""" happened near Chillicothe 1836","","sn83016620","Constantine republican (Constantine, Mi...)",1836,11,9,"seq-1","ed-1",1,"Michigan",304,1139,234812,115,"students","~/Code/hcij_lynching_phase_two/Storage_Older_Versions/latest_articles_aug23/14213_0.txt"
"28","14213_0.txt","that there was a town gathering at Chillicothe","14213_0",14213,"0",1836-11-09,"https://articleextractor.org/pages/14213/mimtptc_alpena_ver01/sn83016620/1836/11/09/ed-1/seq-1/1","Yes","","","","x","Mr. Weed, an abolitionist left town, was followed by the mob. ...""""himself suspened a tree by a rope of bark until he was dead"""" happened near Chillicothe 1836","","sn83016620","Constantine republican (Constantine, Mi...)",1836,11,9,"seq-1","ed-1",1,"Michigan",304,1139,234812,115,"students","~/Code/hcij_lynching_phase_two/Storage_Older_Versions/latest_articles_aug23/14213_0.txt"
"29","14213_0.txt","on the same day of last week, when Mr.","14213_0",14213,"0",1836-11-09,"https://articleextractor.org/pages/14213/mimtptc_alpena_ver01/sn83016620/1836/11/09/ed-1/seq-1/1","Yes","","","","x","Mr. Weed, an abolitionist left town, was followed by the mob. ...""""himself suspened a tree by a rope of bark until he was dead"""" happened near Chillicothe 1836","","sn83016620","Constantine republican (Constantine, Mi...)",1836,11,9,"seq-1","ed-1",1,"Michigan",304,1139,234812,115,"students","~/Code/hcij_lynching_phase_two/Storage_Older_Versions/latest_articles_aug23/14213_0.txt"
"30","14213_0.txt","Weed arrived in town on some business;","14213_0",14213,"0",1836-11-09,"https://articleextractor.org/pages/14213/mimtptc_alpena_ver01/sn83016620/1836/11/09/ed-1/seq-1/1","Yes","","","","x","Mr. Weed, an abolitionist left town, was followed by the mob. ...""""himself suspened a tree by a rope of bark until he was dead"""" happened near Chillicothe 1836","","sn83016620","Constantine republican (Constantine, Mi...)",1836,11,9,"seq-1","ed-1",1,"Michigan",304,1139,234812,115,"students","~/Code/hcij_lynching_phase_two/Storage_Older_Versions/latest_articles_aug23/14213_0.txt"
"31","14213_0.txt","and being known as an abolitionist, some","14213_0",14213,"0",1836-11-09,"https://articleextractor.org/pages/14213/mimtptc_alpena_ver01/sn83016620/1836/11/09/ed-1/seq-1/1","Yes","","","","x","Mr. Weed, an abolitionist left town, was followed by the mob. ...""""himself suspened a tree by a rope of bark until he was dead"""" happened near Chillicothe 1836","","sn83016620","Constantine republican (Constantine, Mi...)",1836,11,9,"seq-1","ed-1",1,"Michigan",304,1139,234812,115,"students","~/Code/hcij_lynching_phase_two/Storage_Older_Versions/latest_articles_aug23/14213_0.txt"
"32","14213_0.txt","indignities were offered to him- such as","14213_0",14213,"0",1836-11-09,"https://articleextractor.org/pages/14213/mimtptc_alpena_ver01/sn83016620/1836/11/09/ed-1/seq-1/1","Yes","","","","x","Mr. Weed, an abolitionist left town, was followed by the mob. ...""""himself suspened a tree by a rope of bark until he was dead"""" happened near Chillicothe 1836","","sn83016620","Constantine republican (Constantine, Mi...)",1836,11,9,"seq-1","ed-1",1,"Michigan",304,1139,234812,115,"students","~/Code/hcij_lynching_phase_two/Storage_Older_Versions/latest_articles_aug23/14213_0.txt"
"33","14213_0.txt","shaving his horse, removing the wheels of","14213_0",14213,"0",1836-11-09,"https://articleextractor.org/pages/14213/mimtptc_alpena_ver01/sn83016620/1836/11/09/ed-1/seq-1/1","Yes","","","","x","Mr. Weed, an abolitionist left town, was followed by the mob. ...""""himself suspened a tree by a rope of bark until he was dead"""" happened near Chillicothe 1836","","sn83016620","Constantine republican (Constantine, Mi...)",1836,11,9,"seq-1","ed-1",1,"Michigan",304,1139,234812,115,"students","~/Code/hcij_lynching_phase_two/Storage_Older_Versions/latest_articles_aug23/14213_0.txt"
"34","14213_0.txt","his wagon,& c .; that Mr. Weed soon after","14213_0",14213,"0",1836-11-09,"https://articleextractor.org/pages/14213/mimtptc_alpena_ver01/sn83016620/1836/11/09/ed-1/seq-1/1","Yes","","","","x","Mr. Weed, an abolitionist left town, was followed by the mob. ...""""himself suspened a tree by a rope of bark until he was dead"""" happened near Chillicothe 1836","","sn83016620","Constantine republican (Constantine, Mi...)",1836,11,9,"seq-1","ed-1",1,"Michigan",304,1139,234812,115,"students","~/Code/hcij_lynching_phase_two/Storage_Older_Versions/latest_articles_aug23/14213_0.txt"
"35","14213_0.txt","left town, was followed by the mob, his","14213_0",14213,"0",1836-11-09,"https://articleextractor.org/pages/14213/mimtptc_alpena_ver01/sn83016620/1836/11/09/ed-1/seq-1/1","Yes","","","","x","Mr. Weed, an abolitionist left town, was followed by the mob. ...""""himself suspened a tree by a rope of bark until he was dead"""" happened near Chillicothe 1836","","sn83016620","Constantine republican (Constantine, Mi...)",1836,11,9,"seq-1","ed-1",1,"Michigan",304,1139,234812,115,"students","~/Code/hcij_lynching_phase_two/Storage_Older_Versions/latest_articles_aug23/14213_0.txt"
"36","14213_0.txt","wagon broken to pieces, his horse killed,","14213_0",14213,"0",1836-11-09,"https://articleextractor.org/pages/14213/mimtptc_alpena_ver01/sn83016620/1836/11/09/ed-1/seq-1/1","Yes","","","","x","Mr. Weed, an abolitionist left town, was followed by the mob. ...""""himself suspened a tree by a rope of bark until he was dead"""" happened near Chillicothe 1836","","sn83016620","Constantine republican (Constantine, Mi...)",1836,11,9,"seq-1","ed-1",1,"Michigan",304,1139,234812,115,"students","~/Code/hcij_lynching_phase_two/Storage_Older_Versions/latest_articles_aug23/14213_0.txt"
"37","14213_0.txt","and at length himself suspended to a tree","14213_0",14213,"0",1836-11-09,"https://articleextractor.org/pages/14213/mimtptc_alpena_ver01/sn83016620/1836/11/09/ed-1/seq-1/1","Yes","","","","x","Mr. Weed, an abolitionist left town, was followed by the mob. ...""""himself suspened a tree by a rope of bark until he was dead"""" happened near Chillicothe 1836","","sn83016620","Constantine republican (Constantine, Mi...)",1836,11,9,"seq-1","ed-1",1,"Michigan",304,1139,234812,115,"students","~/Code/hcij_lynching_phase_two/Storage_Older_Versions/latest_articles_aug23/14213_0.txt"
"38","14213_0.txt","by a rope of bark until he was dead. The","14213_0",14213,"0",1836-11-09,"https://articleextractor.org/pages/14213/mimtptc_alpena_ver01/sn83016620/1836/11/09/ed-1/seq-1/1","Yes","","","","x","Mr. Weed, an abolitionist left town, was followed by the mob. ...""""himself suspened a tree by a rope of bark until he was dead"""" happened near Chillicothe 1836","","sn83016620","Constantine republican (Constantine, Mi...)",1836,11,9,"seq-1","ed-1",1,"Michigan",304,1139,234812,115,"students","~/Code/hcij_lynching_phase_two/Storage_Older_Versions/latest_articles_aug23/14213_0.txt"
"39","14213_0.txt","Kentuckian stated that he was informed of","14213_0",14213,"0",1836-11-09,"https://articleextractor.org/pages/14213/mimtptc_alpena_ver01/sn83016620/1836/11/09/ed-1/seq-1/1","Yes","","","","x","Mr. Weed, an abolitionist left town, was followed by the mob. ...""""himself suspened a tree by a rope of bark until he was dead"""" happened near Chillicothe 1836","","sn83016620","Constantine republican (Constantine, Mi...)",1836,11,9,"seq-1","ed-1",1,"Michigan",304,1139,234812,115,"students","~/Code/hcij_lynching_phase_two/Storage_Older_Versions/latest_articles_aug23/14213_0.txt"
"40","14213_0.txt","the fact on his arrival at Chillicothe and","14213_0",14213,"0",1836-11-09,"https://articleextractor.org/pages/14213/mimtptc_alpena_ver01/sn83016620/1836/11/09/ed-1/seq-1/1","Yes","","","","x","Mr. Weed, an abolitionist left town, was followed by the mob. ...""""himself suspened a tree by a rope of bark until he was dead"""" happened near Chillicothe 1836","","sn83016620","Constantine republican (Constantine, Mi...)",1836,11,9,"seq-1","ed-1",1,"Michigan",304,1139,234812,115,"students","~/Code/hcij_lynching_phase_two/Storage_Older_Versions/latest_articles_aug23/14213_0.txt"
"41","14213_0.txt","went and saw the body of Mr. Weed.,","14213_0",14213,"0",1836-11-09,"https://articleextractor.org/pages/14213/mimtptc_alpena_ver01/sn83016620/1836/11/09/ed-1/seq-1/1","Yes","","","","x","Mr. Weed, an abolitionist left town, was followed by the mob. ...""""himself suspened a tree by a rope of bark until he was dead"""" happened near Chillicothe 1836","","sn83016620","Constantine republican (Constantine, Mi...)",1836,11,9,"seq-1","ed-1",1,"Michigan",304,1139,234812,115,"students","~/Code/hcij_lynching_phase_two/Storage_Older_Versions/latest_articles_aug23/14213_0.txt"
"42","16741_0.txt","Extract of a letter to a gentleman in","16741_0",16741,"0",1805-01-14,"https://articleextractor.org/pages/16741/dlc_domestic_ver01/sn83045242/1805/01/14/ed-1/seq-3/1","Yes","","Yes, 5","","x","Mentions poor inhabitants hanging their governor. Does not mention the location. Details are from a letter addressed to someone in NY written in 1805.","","sn83045242","The national intelligencer and Washington advertiser (Washington City...)",1805,1,14,"seq-3","ed-1",1,"District of Columbia",834,1665,40945,140,"students","~/Code/hcij_lynching_phase_two/Storage_Older_Versions/latest_articles_aug23/16741_0.txt"
"43","16741_0.txt","New York, dated Cadiz, November","16741_0",16741,"0",1805-01-14,"https://articleextractor.org/pages/16741/dlc_domestic_ver01/sn83045242/1805/01/14/ed-1/seq-3/1","Yes","","Yes, 5","","x","Mentions poor inhabitants hanging their governor. Does not mention the location. Details are from a letter addressed to someone in NY written in 1805.","","sn83045242","The national intelligencer and Washington advertiser (Washington City...)",1805,1,14,"seq-3","ed-1",1,"District of Columbia",834,1665,40945,140,"students","~/Code/hcij_lynching_phase_two/Storage_Older_Versions/latest_articles_aug23/16741_0.txt"
"44","16741_0.txt","13.","16741_0",16741,"0",1805-01-14,"https://articleextractor.org/pages/16741/dlc_domestic_ver01/sn83045242/1805/01/14/ed-1/seq-3/1","Yes","","Yes, 5","","x","Mentions poor inhabitants hanging their governor. Does not mention the location. Details are from a letter addressed to someone in NY written in 1805.","","sn83045242","The national intelligencer and Washington advertiser (Washington City...)",1805,1,14,"seq-3","ed-1",1,"District of Columbia",834,1665,40945,140,"students","~/Code/hcij_lynching_phase_two/Storage_Older_Versions/latest_articles_aug23/16741_0.txt"
"45","16741_0.txt",""" The news yeſterday from the in-","16741_0",16741,"0",1805-01-14,"https://articleextractor.org/pages/16741/dlc_domestic_ver01/sn83045242/1805/01/14/ed-1/seq-3/1","Yes","","Yes, 5","","x","Mentions poor inhabitants hanging their governor. Does not mention the location. Details are from a letter addressed to someone in NY written in 1805.","","sn83045242","The national intelligencer and Washington advertiser (Washington City...)",1805,1,14,"seq-3","ed-1",1,"District of Columbia",834,1665,40945,140,"students","~/Code/hcij_lynching_phase_two/Storage_Older_Versions/latest_articles_aug23/16741_0.txt"
"46","16741_0.txt","terior of this country is of a very alarm","16741_0",16741,"0",1805-01-14,"https://articleextractor.org/pages/16741/dlc_domestic_ver01/sn83045242/1805/01/14/ed-1/seq-3/1","Yes","","Yes, 5","","x","Mentions poor inhabitants hanging their governor. Does not mention the location. Details are from a letter addressed to someone in NY written in 1805.","","sn83045242","The national intelligencer and Washington advertiser (Washington City...)",1805,1,14,"seq-3","ed-1",1,"District of Columbia",834,1665,40945,140,"students","~/Code/hcij_lynching_phase_two/Storage_Older_Versions/latest_articles_aug23/16741_0.txt"
"47","16741_0.txt","ing nature. In many places the peo","16741_0",16741,"0",1805-01-14,"https://articleextractor.org/pages/16741/dlc_domestic_ver01/sn83045242/1805/01/14/ed-1/seq-3/1","Yes","","Yes, 5","","x","Mentions poor inhabitants hanging their governor. Does not mention the location. Details are from a letter addressed to someone in NY written in 1805.","","sn83045242","The national intelligencer and Washington advertiser (Washington City...)",1805,1,14,"seq-3","ed-1",1,"District of Columbia",834,1665,40945,140,"students","~/Code/hcij_lynching_phase_two/Storage_Older_Versions/latest_articles_aug23/16741_0.txt"
"48","16741_0.txt","ple are in a state of infurrection. Want","16741_0",16741,"0",1805-01-14,"https://articleextractor.org/pages/16741/dlc_domestic_ver01/sn83045242/1805/01/14/ed-1/seq-3/1","Yes","","Yes, 5","","x","Mentions poor inhabitants hanging their governor. Does not mention the location. Details are from a letter addressed to someone in NY written in 1805.","","sn83045242","The national intelligencer and Washington advertiser (Washington City...)",1805,1,14,"seq-3","ed-1",1,"District of Columbia",834,1665,40945,140,"students","~/Code/hcij_lynching_phase_two/Storage_Older_Versions/latest_articles_aug23/16741_0.txt"
"49","16741_0.txt","of bread has driven the lower claffes to","16741_0",16741,"0",1805-01-14,"https://articleextractor.org/pages/16741/dlc_domestic_ver01/sn83045242/1805/01/14/ed-1/seq-3/1","Yes","","Yes, 5","","x","Mentions poor inhabitants hanging their governor. Does not mention the location. Details are from a letter addressed to someone in NY written in 1805.","","sn83045242","The national intelligencer and Washington advertiser (Washington City...)",1805,1,14,"seq-3","ed-1",1,"District of Columbia",834,1665,40945,140,"students","~/Code/hcij_lynching_phase_two/Storage_Older_Versions/latest_articles_aug23/16741_0.txt"
"50","16741_0.txt","grant extremity, and in confequence to","16741_0",16741,"0",1805-01-14,"https://articleextractor.org/pages/16741/dlc_domestic_ver01/sn83045242/1805/01/14/ed-1/seq-3/1","Yes","","Yes, 5","","x","Mentions poor inhabitants hanging their governor. Does not mention the location. Details are from a letter addressed to someone in NY written in 1805.","","sn83045242","The national intelligencer and Washington advertiser (Washington City...)",1805,1,14,"seq-3","ed-1",1,"District of Columbia",834,1665,40945,140,"students","~/Code/hcij_lynching_phase_two/Storage_Older_Versions/latest_articles_aug23/16741_0.txt"
"51","16741_0.txt","media.feme fhocking outrages. In one town","16741_0",16741,"0",1805-01-14,"https://articleextractor.org/pages/16741/dlc_domestic_ver01/sn83045242/1805/01/14/ed-1/seq-3/1","Yes","","Yes, 5","","x","Mentions poor inhabitants hanging their governor. Does not mention the location. Details are from a letter addressed to someone in NY written in 1805.","","sn83045242","The national intelligencer and Washington advertiser (Washington City...)",1805,1,14,"seq-3","ed-1",1,"District of Columbia",834,1665,40945,140,"students","~/Code/hcij_lynching_phase_two/Storage_Older_Versions/latest_articles_aug23/16741_0.txt"
"52","16741_0.txt","the poorer inhabitants have in a","16741_0",16741,"0",1805-01-14,"https://articleextractor.org/pages/16741/dlc_domestic_ver01/sn83045242/1805/01/14/ed-1/seq-3/1","Yes","","Yes, 5","","x","Mentions poor inhabitants hanging their governor. Does not mention the location. Details are from a letter addressed to someone in NY written in 1805.","","sn83045242","The national intelligencer and Washington advertiser (Washington City...)",1805,1,14,"seq-3","ed-1",1,"District of Columbia",834,1665,40945,140,"students","~/Code/hcij_lynching_phase_two/Storage_Older_Versions/latest_articles_aug23/16741_0.txt"
"53","16741_0.txt","mob and hanged the governor. rifen""","16741_0",16741,"0",1805-01-14,"https://articleextractor.org/pages/16741/dlc_domestic_ver01/sn83045242/1805/01/14/ed-1/seq-3/1","Yes","","Yes, 5","","x","Mentions poor inhabitants hanging their governor. Does not mention the location. Details are from a letter addressed to someone in NY written in 1805.","","sn83045242","The national intelligencer and Washington advertiser (Washington City...)",1805,1,14,"seq-3","ed-1",1,"District of Columbia",834,1665,40945,140,"students","~/Code/hcij_lynching_phase_two/Storage_Older_Versions/latest_articles_aug23/16741_0.txt"
"54","16742_0.txt","Extact of a letter to a gentleman in New","16742_0",16742,"0",1805-01-19,"https://articleextractor.org/pages/16742/vi_otters_ver02/sn84024710/1805/01/19/ed-1/seq-3/1","Yes","","Yes, 5","","x","Mentions poor inhabitants hanging their governor. Does not mention the location. Details are from a letter addressed to someone in NY written in 1805.","","sn84024710","Virginia Argus (Richmond, Va.)",1805,1,19,"seq-3","ed-1",1,"Virginia",835,1666,648991,141,"students","~/Code/hcij_lynching_phase_two/Storage_Older_Versions/latest_articles_aug23/16742_0.txt"
"55","16742_0.txt","York, dated Cadiz, November 13.","16742_0",16742,"0",1805-01-19,"https://articleextractor.org/pages/16742/vi_otters_ver02/sn84024710/1805/01/19/ed-1/seq-3/1","Yes","","Yes, 5","","x","Mentions poor inhabitants hanging their governor. Does not mention the location. Details are from a letter addressed to someone in NY written in 1805.","","sn84024710","Virginia Argus (Richmond, Va.)",1805,1,19,"seq-3","ed-1",1,"Virginia",835,1666,648991,141,"students","~/Code/hcij_lynching_phase_two/Storage_Older_Versions/latest_articles_aug23/16742_0.txt"
"56","16742_0.txt",""" The nets yesterday from the interior","16742_0",16742,"0",1805-01-19,"https://articleextractor.org/pages/16742/vi_otters_ver02/sn84024710/1805/01/19/ed-1/seq-3/1","Yes","","Yes, 5","","x","Mentions poor inhabitants hanging their governor. Does not mention the location. Details are from a letter addressed to someone in NY written in 1805.","","sn84024710","Virginia Argus (Richmond, Va.)",1805,1,19,"seq-3","ed-1",1,"Virginia",835,1666,648991,141,"students","~/Code/hcij_lynching_phase_two/Storage_Older_Versions/latest_articles_aug23/16742_0.txt"
"57","16742_0.txt","of this country is of a very alarming na","16742_0",16742,"0",1805-01-19,"https://articleextractor.org/pages/16742/vi_otters_ver02/sn84024710/1805/01/19/ed-1/seq-3/1","Yes","","Yes, 5","","x","Mentions poor inhabitants hanging their governor. Does not mention the location. Details are from a letter addressed to someone in NY written in 1805.","","sn84024710","Virginia Argus (Richmond, Va.)",1805,1,19,"seq-3","ed-1",1,"Virginia",835,1666,648991,141,"students","~/Code/hcij_lynching_phase_two/Storage_Older_Versions/latest_articles_aug23/16742_0.txt"
"58","16742_0.txt","ture. In many places the people are in a","16742_0",16742,"0",1805-01-19,"https://articleextractor.org/pages/16742/vi_otters_ver02/sn84024710/1805/01/19/ed-1/seq-3/1","Yes","","Yes, 5","","x","Mentions poor inhabitants hanging their governor. Does not mention the location. Details are from a letter addressed to someone in NY written in 1805.","","sn84024710","Virginia Argus (Richmond, Va.)",1805,1,19,"seq-3","ed-1",1,"Virginia",835,1666,648991,141,"students","~/Code/hcij_lynching_phase_two/Storage_Older_Versions/latest_articles_aug23/16742_0.txt"
"59","16742_0.txt","state of insurrection. Want of bread has","16742_0",16742,"0",1805-01-19,"https://articleextractor.org/pages/16742/vi_otters_ver02/sn84024710/1805/01/19/ed-1/seq-3/1","Yes","","Yes, 5","","x","Mentions poor inhabitants hanging their governor. Does not mention the location. Details are from a letter addressed to someone in NY written in 1805.","","sn84024710","Virginia Argus (Richmond, Va.)",1805,1,19,"seq-3","ed-1",1,"Virginia",835,1666,648991,141,"students","~/Code/hcij_lynching_phase_two/Storage_Older_Versions/latest_articles_aug23/16742_0.txt"
"60","16742_0.txt","driven the lower classes to great extremity","16742_0",16742,"0",1805-01-19,"https://articleextractor.org/pages/16742/vi_otters_ver02/sn84024710/1805/01/19/ed-1/seq-3/1","Yes","","Yes, 5","","x","Mentions poor inhabitants hanging their governor. Does not mention the location. Details are from a letter addressed to someone in NY written in 1805.","","sn84024710","Virginia Argus (Richmond, Va.)",1805,1,19,"seq-3","ed-1",1,"Virginia",835,1666,648991,141,"students","~/Code/hcij_lynching_phase_two/Storage_Older_Versions/latest_articles_aug23/16742_0.txt"
"61","16742_0.txt",", and in consequence to some shocking","16742_0",16742,"0",1805-01-19,"https://articleextractor.org/pages/16742/vi_otters_ver02/sn84024710/1805/01/19/ed-1/seq-3/1","Yes","","Yes, 5","","x","Mentions poor inhabitants hanging their governor. Does not mention the location. Details are from a letter addressed to someone in NY written in 1805.","","sn84024710","Virginia Argus (Richmond, Va.)",1805,1,19,"seq-3","ed-1",1,"Virginia",835,1666,648991,141,"students","~/Code/hcij_lynching_phase_two/Storage_Older_Versions/latest_articles_aug23/16742_0.txt"
"62","16742_0.txt","outrages. In one town the poorer inhabitants","16742_0",16742,"0",1805-01-19,"https://articleextractor.org/pages/16742/vi_otters_ver02/sn84024710/1805/01/19/ed-1/seq-3/1","Yes","","Yes, 5","","x","Mentions poor inhabitants hanging their governor. Does not mention the location. Details are from a letter addressed to someone in NY written in 1805.","","sn84024710","Virginia Argus (Richmond, Va.)",1805,1,19,"seq-3","ed-1",1,"Virginia",835,1666,648991,141,"students","~/Code/hcij_lynching_phase_two/Storage_Older_Versions/latest_articles_aug23/16742_0.txt"
"63","16742_0.txt","have risen in a mob and hanged","16742_0",16742,"0",1805-01-19,"https://articleextractor.org/pages/16742/vi_otters_ver02/sn84024710/1805/01/19/ed-1/seq-3/1","Yes","","Yes, 5","","x","Mentions poor inhabitants hanging their governor. Does not mention the location. Details are from a letter addressed to someone in NY written in 1805.","","sn84024710","Virginia Argus (Richmond, Va.)",1805,1,19,"seq-3","ed-1",1,"Virginia",835,1666,648991,141,"students","~/Code/hcij_lynching_phase_two/Storage_Older_Versions/latest_articles_aug23/16742_0.txt"
"64","16742_0.txt","the governor.","16742_0",16742,"0",1805-01-19,"https://articleextractor.org/pages/16742/vi_otters_ver02/sn84024710/1805/01/19/ed-1/seq-3/1","Yes","","Yes, 5","","x","Mentions poor inhabitants hanging their governor. Does not mention the location. Details are from a letter addressed to someone in NY written in 1805.","","sn84024710","Virginia Argus (Richmond, Va.)",1805,1,19,"seq-3","ed-1",1,"Virginia",835,1666,648991,141,"students","~/Code/hcij_lynching_phase_two/Storage_Older_Versions/latest_articles_aug23/16742_0.txt"
"65","16744_0.txt","Extract of a letter to a gentleman in New-","16744_0",16744,"0",1805-02-01,"https://articleextractor.org/pages/16744/wvu_hogan_ver01/sn85059525/1805/02/01/ed-1/seq-2/2","Yes","","Yes, 5","","x","Mentions poor inhabitants hanging their governor. Does not mention the location. Details are from a letter addressed to someone in NY written in 1805.","","sn85059525","Berkeley and Jefferson intelligencer (Martinsburg, Va...)",1805,2,1,"seq-2","ed-1",2,"Virginia",836,1667,699135,142,"students","~/Code/hcij_lynching_phase_two/Storage_Older_Versions/latest_articles_aug23/16744_0.txt"
"66","16744_0.txt","York, dated Gadiz, November 13.","16744_0",16744,"0",1805-02-01,"https://articleextractor.org/pages/16744/wvu_hogan_ver01/sn85059525/1805/02/01/ed-1/seq-2/2","Yes","","Yes, 5","","x","Mentions poor inhabitants hanging their governor. Does not mention the location. Details are from a letter addressed to someone in NY written in 1805.","","sn85059525","Berkeley and Jefferson intelligencer (Martinsburg, Va...)",1805,2,1,"seq-2","ed-1",2,"Virginia",836,1667,699135,142,"students","~/Code/hcij_lynching_phase_two/Storage_Older_Versions/latest_articles_aug23/16744_0.txt"
"67","16744_0.txt",""" The news yesterday from the interior","16744_0",16744,"0",1805-02-01,"https://articleextractor.org/pages/16744/wvu_hogan_ver01/sn85059525/1805/02/01/ed-1/seq-2/2","Yes","","Yes, 5","","x","Mentions poor inhabitants hanging their governor. Does not mention the location. Details are from a letter addressed to someone in NY written in 1805.","","sn85059525","Berkeley and Jefferson intelligencer (Martinsburg, Va...)",1805,2,1,"seq-2","ed-1",2,"Virginia",836,1667,699135,142,"students","~/Code/hcij_lynching_phase_two/Storage_Older_Versions/latest_articles_aug23/16744_0.txt"
"68","16744_0.txt","of this country is of a very alarming","16744_0",16744,"0",1805-02-01,"https://articleextractor.org/pages/16744/wvu_hogan_ver01/sn85059525/1805/02/01/ed-1/seq-2/2","Yes","","Yes, 5","","x","Mentions poor inhabitants hanging their governor. Does not mention the location. Details are from a letter addressed to someone in NY written in 1805.","","sn85059525","Berkeley and Jefferson intelligencer (Martinsburg, Va...)",1805,2,1,"seq-2","ed-1",2,"Virginia",836,1667,699135,142,"students","~/Code/hcij_lynching_phase_two/Storage_Older_Versions/latest_articles_aug23/16744_0.txt"
"69","16744_0.txt","nature. In many places the people are","16744_0",16744,"0",1805-02-01,"https://articleextractor.org/pages/16744/wvu_hogan_ver01/sn85059525/1805/02/01/ed-1/seq-2/2","Yes","","Yes, 5","","x","Mentions poor inhabitants hanging their governor. Does not mention the location. Details are from a letter addressed to someone in NY written in 1805.","","sn85059525","Berkeley and Jefferson intelligencer (Martinsburg, Va...)",1805,2,1,"seq-2","ed-1",2,"Virginia",836,1667,699135,142,"students","~/Code/hcij_lynching_phase_two/Storage_Older_Versions/latest_articles_aug23/16744_0.txt"
"70","16744_0.txt","in a state of insurrection.- Want of","16744_0",16744,"0",1805-02-01,"https://articleextractor.org/pages/16744/wvu_hogan_ver01/sn85059525/1805/02/01/ed-1/seq-2/2","Yes","","Yes, 5","","x","Mentions poor inhabitants hanging their governor. Does not mention the location. Details are from a letter addressed to someone in NY written in 1805.","","sn85059525","Berkeley and Jefferson intelligencer (Martinsburg, Va...)",1805,2,1,"seq-2","ed-1",2,"Virginia",836,1667,699135,142,"students","~/Code/hcij_lynching_phase_two/Storage_Older_Versions/latest_articles_aug23/16744_0.txt"
"71","16744_0.txt","bread has driven the lower classes to","16744_0",16744,"0",1805-02-01,"https://articleextractor.org/pages/16744/wvu_hogan_ver01/sn85059525/1805/02/01/ed-1/seq-2/2","Yes","","Yes, 5","","x","Mentions poor inhabitants hanging their governor. Does not mention the location. Details are from a letter addressed to someone in NY written in 1805.","","sn85059525","Berkeley and Jefferson intelligencer (Martinsburg, Va...)",1805,2,1,"seq-2","ed-1",2,"Virginia",836,1667,699135,142,"students","~/Code/hcij_lynching_phase_two/Storage_Older_Versions/latest_articles_aug23/16744_0.txt"
"72","16744_0.txt","great extremity, and in consequence,","16744_0",16744,"0",1805-02-01,"https://articleextractor.org/pages/16744/wvu_hogan_ver01/sn85059525/1805/02/01/ed-1/seq-2/2","Yes","","Yes, 5","","x","Mentions poor inhabitants hanging their governor. Does not mention the location. Details are from a letter addressed to someone in NY written in 1805.","","sn85059525","Berkeley and Jefferson intelligencer (Martinsburg, Va...)",1805,2,1,"seq-2","ed-1",2,"Virginia",836,1667,699135,142,"students","~/Code/hcij_lynching_phase_two/Storage_Older_Versions/latest_articles_aug23/16744_0.txt"
"73","16744_0.txt","to some shocking outrages. In one town","16744_0",16744,"0",1805-02-01,"https://articleextractor.org/pages/16744/wvu_hogan_ver01/sn85059525/1805/02/01/ed-1/seq-2/2","Yes","","Yes, 5","","x","Mentions poor inhabitants hanging their governor. Does not mention the location. Details are from a letter addressed to someone in NY written in 1805.","","sn85059525","Berkeley and Jefferson intelligencer (Martinsburg, Va...)",1805,2,1,"seq-2","ed-1",2,"Virginia",836,1667,699135,142,"students","~/Code/hcij_lynching_phase_two/Storage_Older_Versions/latest_articles_aug23/16744_0.txt"
"74","16744_0.txt","poorer inhabitants have risen in a","16744_0",16744,"0",1805-02-01,"https://articleextractor.org/pages/16744/wvu_hogan_ver01/sn85059525/1805/02/01/ed-1/seq-2/2","Yes","","Yes, 5","","x","Mentions poor inhabitants hanging their governor. Does not mention the location. Details are from a letter addressed to someone in NY written in 1805.","","sn85059525","Berkeley and Jefferson intelligencer (Martinsburg, Va...)",1805,2,1,"seq-2","ed-1",2,"Virginia",836,1667,699135,142,"students","~/Code/hcij_lynching_phase_two/Storage_Older_Versions/latest_articles_aug23/16744_0.txt"
"75","16744_0.txt","the mob and hanged the governor.""","16744_0",16744,"0",1805-02-01,"https://articleextractor.org/pages/16744/wvu_hogan_ver01/sn85059525/1805/02/01/ed-1/seq-2/2","Yes","","Yes, 5","","x","Mentions poor inhabitants hanging their governor. Does not mention the location. Details are from a letter addressed to someone in NY written in 1805.","","sn85059525","Berkeley and Jefferson intelligencer (Martinsburg, Va...)",1805,2,1,"seq-2","ed-1",2,"Virginia",836,1667,699135,142,"students","~/Code/hcij_lynching_phase_two/Storage_Older_Versions/latest_articles_aug23/16744_0.txt"
"76","16745_0.txt","Attempted Murder and Riots. Robert R.","16745_0",16745,"0",1835-07-23,"https://articleextractor.org/pages/16745/vi_dartmoor_ver03/sn84024649/1835/07/23/ed-1/seq-2/1","Yes","","Yes, 16","","x","Mentions the hanging of two white men and seven negroes in Livingston, Mississippi 1835","","sn84024649","Lynchburg Virginian (Lynchburg [Va.])",1835,7,23,"seq-2","ed-1",1,"Virginia",837,1668,630085,143,"students","~/Code/hcij_lynching_phase_two/Storage_Older_Versions/latest_articles_aug23/16745_0.txt"
"77","16745_0.txt","Stewart, Esq. of Philadelphia, whilst residing at","16745_0",16745,"0",1835-07-23,"https://articleextractor.org/pages/16745/vi_dartmoor_ver03/sn84024649/1835/07/23/ed-1/seq-2/1","Yes","","Yes, 16","","x","Mentions the hanging of two white men and seven negroes in Livingston, Mississippi 1835","","sn84024649","Lynchburg Virginian (Lynchburg [Va.])",1835,7,23,"seq-2","ed-1",1,"Virginia",837,1668,630085,143,"students","~/Code/hcij_lynching_phase_two/Storage_Older_Versions/latest_articles_aug23/16745_0.txt"
"78","16745_0.txt","Trinidad, Cuba, as American consul, purchased a","16745_0",16745,"0",1835-07-23,"https://articleextractor.org/pages/16745/vi_dartmoor_ver03/sn84024649/1835/07/23/ed-1/seq-2/1","Yes","","Yes, 16","","x","Mentions the hanging of two white men and seven negroes in Livingston, Mississippi 1835","","sn84024649","Lynchburg Virginian (Lynchburg [Va.])",1835,7,23,"seq-2","ed-1",1,"Virginia",837,1668,630085,143,"students","~/Code/hcij_lynching_phase_two/Storage_Older_Versions/latest_articles_aug23/16745_0.txt"
"79","16745_0.txt","negro boy for six hundred dollars- a native of Af","16745_0",16745,"0",1835-07-23,"https://articleextractor.org/pages/16745/vi_dartmoor_ver03/sn84024649/1835/07/23/ed-1/seq-2/1","Yes","","Yes, 16","","x","Mentions the hanging of two white men and seven negroes in Livingston, Mississippi 1835","","sn84024649","Lynchburg Virginian (Lynchburg [Va.])",1835,7,23,"seq-2","ed-1",1,"Virginia",837,1668,630085,143,"students","~/Code/hcij_lynching_phase_two/Storage_Older_Versions/latest_articles_aug23/16745_0.txt"
"80","16745_0.txt","rica, of the Eboe tribe. Being about to leave Tri-","16745_0",16745,"0",1835-07-23,"https://articleextractor.org/pages/16745/vi_dartmoor_ver03/sn84024649/1835/07/23/ed-1/seq-2/1","Yes","","Yes, 16","","x","Mentions the hanging of two white men and seven negroes in Livingston, Mississippi 1835","","sn84024649","Lynchburg Virginian (Lynchburg [Va.])",1835,7,23,"seq-2","ed-1",1,"Virginia",837,1668,630085,143,"students","~/Code/hcij_lynching_phase_two/Storage_Older_Versions/latest_articles_aug23/16745_0.txt"
"81","16745_0.txt","regularly him, giving Juan,","16745_0",16745,"0",1835-07-23,"https://articleextractor.org/pages/16745/vi_dartmoor_ver03/sn84024649/1835/07/23/ed-1/seq-2/1","Yes","","Yes, 16","","x","Mentions the hanging of two white men and seven negroes in Livingston, Mississippi 1835","","sn84024649","Lynchburg Virginian (Lynchburg [Va.])",1835,7,23,"seq-2","ed-1",1,"Virginia",837,1668,630085,143,"students","~/Code/hcij_lynching_phase_two/Storage_Older_Versions/latest_articles_aug23/16745_0.txt"
"82","16745_0.txt","or Whan, the choice of coming with him to the U","16745_0",16745,"0",1835-07-23,"https://articleextractor.org/pages/16745/vi_dartmoor_ver03/sn84024649/1835/07/23/ed-1/seq-2/1","Yes","","Yes, 16","","x","Mentions the hanging of two white men and seven negroes in Livingston, Mississippi 1835","","sn84024649","Lynchburg Virginian (Lynchburg [Va.])",1835,7,23,"seq-2","ed-1",1,"Virginia",837,1668,630085,143,"students","~/Code/hcij_lynching_phase_two/Storage_Older_Versions/latest_articles_aug23/16745_0.txt"
"83","16745_0.txt","nited States, or of remaining behind; but apparently","16745_0",16745,"0",1835-07-23,"https://articleextractor.org/pages/16745/vi_dartmoor_ver03/sn84024649/1835/07/23/ed-1/seq-2/1","Yes","","Yes, 16","","x","Mentions the hanging of two white men and seven negroes in Livingston, Mississippi 1835","","sn84024649","Lynchburg Virginian (Lynchburg [Va.])",1835,7,23,"seq-2","ed-1",1,"Virginia",837,1668,630085,143,"students","~/Code/hcij_lynching_phase_two/Storage_Older_Versions/latest_articles_aug23/16745_0.txt"
"84","16745_0.txt","attached to the family, he preferred the former.","16745_0",16745,"0",1835-07-23,"https://articleextractor.org/pages/16745/vi_dartmoor_ver03/sn84024649/1835/07/23/ed-1/seq-2/1","Yes","","Yes, 16","","x","Mentions the hanging of two white men and seven negroes in Livingston, Mississippi 1835","","sn84024649","Lynchburg Virginian (Lynchburg [Va.])",1835,7,23,"seq-2","ed-1",1,"Virginia",837,1668,630085,143,"students","~/Code/hcij_lynching_phase_two/Storage_Older_Versions/latest_articles_aug23/16745_0.txt"
"85","16745_0.txt","On Friday, Whan ordered some new clothes to be","16745_0",16745,"0",1835-07-23,"https://articleextractor.org/pages/16745/vi_dartmoor_ver03/sn84024649/1835/07/23/ed-1/seq-2/1","Yes","","Yes, 16","","x","Mentions the hanging of two white men and seven negroes in Livingston, Mississippi 1835","","sn84024649","Lynchburg Virginian (Lynchburg [Va.])",1835,7,23,"seq-2","ed-1",1,"Virginia",837,1668,630085,143,"students","~/Code/hcij_lynching_phase_two/Storage_Older_Versions/latest_articles_aug23/16745_0.txt"
"86","16745_0.txt","resentme- ving that Mr. Stewart would pay for","16745_0",16745,"0",1835-07-23,"https://articleextractor.org/pages/16745/vi_dartmoor_ver03/sn84024649/1835/07/23/ed-1/seq-2/1","Yes","","Yes, 16","","x","Mentions the hanging of two white men and seven negroes in Livingston, Mississippi 1835","","sn84024649","Lynchburg Virginian (Lynchburg [Va.])",1835,7,23,"seq-2","ed-1",1,"Virginia",837,1668,630085,143,"students","~/Code/hcij_lynching_phase_two/Storage_Older_Versions/latest_articles_aug23/16745_0.txt"
"87","16745_0.txt","them to the amount of 35 dollars; but Mr. Stewart","16745_0",16745,"0",1835-07-23,"https://articleextractor.org/pages/16745/vi_dartmoor_ver03/sn84024649/1835/07/23/ed-1/seq-2/1","Yes","","Yes, 16","","x","Mentions the hanging of two white men and seven negroes in Livingston, Mississippi 1835","","sn84024649","Lynchburg Virginian (Lynchburg [Va.])",1835,7,23,"seq-2","ed-1",1,"Virginia",837,1668,630085,143,"students","~/Code/hcij_lynching_phase_two/Storage_Older_Versions/latest_articles_aug23/16745_0.txt"
"88","16745_0.txt","said that as he had several trunks of clothes, and","16745_0",16745,"0",1835-07-23,"https://articleextractor.org/pages/16745/vi_dartmoor_ver03/sn84024649/1835/07/23/ed-1/seq-2/1","Yes","","Yes, 16","","x","Mentions the hanging of two white men and seven negroes in Livingston, Mississippi 1835","","sn84024649","Lynchburg Virginian (Lynchburg [Va.])",1835,7,23,"seq-2","ed-1",1,"Virginia",837,1668,630085,143,"students","~/Code/hcij_lynching_phase_two/Storage_Older_Versions/latest_articles_aug23/16745_0.txt"
"89","16745_0.txt","upwards of$ 100 in money, that it was unreasonable","16745_0",16745,"0",1835-07-23,"https://articleextractor.org/pages/16745/vi_dartmoor_ver03/sn84024649/1835/07/23/ed-1/seq-2/1","Yes","","Yes, 16","","x","Mentions the hanging of two white men and seven negroes in Livingston, Mississippi 1835","","sn84024649","Lynchburg Virginian (Lynchburg [Va.])",1835,7,23,"seq-2","ed-1",1,"Virginia",837,1668,630085,143,"students","~/Code/hcij_lynching_phase_two/Storage_Older_Versions/latest_articles_aug23/16745_0.txt"
"90","16745_0.txt","to request it. Mr. S. however, was un","16745_0",16745,"0",1835-07-23,"https://articleextractor.org/pages/16745/vi_dartmoor_ver03/sn84024649/1835/07/23/ed-1/seq-2/1","Yes","","Yes, 16","","x","Mentions the hanging of two white men and seven negroes in Livingston, Mississippi 1835","","sn84024649","Lynchburg Virginian (Lynchburg [Va.])",1835,7,23,"seq-2","ed-1",1,"Virginia",837,1668,630085,143,"students","~/Code/hcij_lynching_phase_two/Storage_Older_Versions/latest_articles_aug23/16745_0.txt"
"91","16745_0.txt","willing to disappoint his domestic, and agreed to pay","16745_0",16745,"0",1835-07-23,"https://articleextractor.org/pages/16745/vi_dartmoor_ver03/sn84024649/1835/07/23/ed-1/seq-2/1","Yes","","Yes, 16","","x","Mentions the hanging of two white men and seven negroes in Livingston, Mississippi 1835","","sn84024649","Lynchburg Virginian (Lynchburg [Va.])",1835,7,23,"seq-2","ed-1",1,"Virginia",837,1668,630085,143,"students","~/Code/hcij_lynching_phase_two/Storage_Older_Versions/latest_articles_aug23/16745_0.txt"
"92","16745_0.txt","for a part of the clothes, which he selected- and","16745_0",16745,"0",1835-07-23,"https://articleextractor.org/pages/16745/vi_dartmoor_ver03/sn84024649/1835/07/23/ed-1/seq-2/1","Yes","","Yes, 16","","x","Mentions the hanging of two white men and seven negroes in Livingston, Mississippi 1835","","sn84024649","Lynchburg Virginian (Lynchburg [Va.])",1835,7,23,"seq-2","ed-1",1,"Virginia",837,1668,630085,143,"students","~/Code/hcij_lynching_phase_two/Storage_Older_Versions/latest_articles_aug23/16745_0.txt"
"93","16745_0.txt","here it was thought that the matter had ended.","16745_0",16745,"0",1835-07-23,"https://articleextractor.org/pages/16745/vi_dartmoor_ver03/sn84024649/1835/07/23/ed-1/seq-2/1","Yes","","Yes, 16","","x","Mentions the hanging of two white men and seven negroes in Livingston, Mississippi 1835","","sn84024649","Lynchburg Virginian (Lynchburg [Va.])",1835,7,23,"seq-2","ed-1",1,"Virginia",837,1668,630085,143,"students","~/Code/hcij_lynching_phase_two/Storage_Older_Versions/latest_articles_aug23/16745_0.txt"
"94","16745_0.txt","But on last Sunday, as Mr. Stewart was taken his","16745_0",16745,"0",1835-07-23,"https://articleextractor.org/pages/16745/vi_dartmoor_ver03/sn84024649/1835/07/23/ed-1/seq-2/1","Yes","","Yes, 16","","x","Mentions the hanging of two white men and seven negroes in Livingston, Mississippi 1835","","sn84024649","Lynchburg Virginian (Lynchburg [Va.])",1835,7,23,"seq-2","ed-1",1,"Virginia",837,1668,630085,143,"students","~/Code/hcij_lynching_phase_two/Storage_Older_Versions/latest_articles_aug23/16745_0.txt"
"95","16745_0.txt","afternoon's nap, Whan entered his room, and","16745_0",16745,"0",1835-07-23,"https://articleextractor.org/pages/16745/vi_dartmoor_ver03/sn84024649/1835/07/23/ed-1/seq-2/1","Yes","","Yes, 16","","x","Mentions the hanging of two white men and seven negroes in Livingston, Mississippi 1835","","sn84024649","Lynchburg Virginian (Lynchburg [Va.])",1835,7,23,"seq-2","ed-1",1,"Virginia",837,1668,630085,143,"students","~/Code/hcij_lynching_phase_two/Storage_Older_Versions/latest_articles_aug23/16745_0.txt"
"96","16745_0.txt","struck him two blows with an axe on the head, one","16745_0",16745,"0",1835-07-23,"https://articleextractor.org/pages/16745/vi_dartmoor_ver03/sn84024649/1835/07/23/ed-1/seq-2/1","Yes","","Yes, 16","","x","Mentions the hanging of two white men and seven negroes in Livingston, Mississippi 1835","","sn84024649","Lynchburg Virginian (Lynchburg [Va.])",1835,7,23,"seq-2","ed-1",1,"Virginia",837,1668,630085,143,"students","~/Code/hcij_lynching_phase_two/Storage_Older_Versions/latest_articles_aug23/16745_0.txt"
"97","16745_0.txt","of which mashed his hand,( with which it is supposed","16745_0",16745,"0",1835-07-23,"https://articleextractor.org/pages/16745/vi_dartmoor_ver03/sn84024649/1835/07/23/ed-1/seq-2/1","Yes","","Yes, 16","","x","Mentions the hanging of two white men and seven negroes in Livingston, Mississippi 1835","","sn84024649","Lynchburg Virginian (Lynchburg [Va.])",1835,7,23,"seq-2","ed-1",1,"Virginia",837,1668,630085,143,"students","~/Code/hcij_lynching_phase_two/Storage_Older_Versions/latest_articles_aug23/16745_0.txt"
"98","16745_0.txt","that his face was covered,) and left him as killed","16745_0",16745,"0",1835-07-23,"https://articleextractor.org/pages/16745/vi_dartmoor_ver03/sn84024649/1835/07/23/ed-1/seq-2/1","Yes","","Yes, 16","","x","Mentions the hanging of two white men and seven negroes in Livingston, Mississippi 1835","","sn84024649","Lynchburg Virginian (Lynchburg [Va.])",1835,7,23,"seq-2","ed-1",1,"Virginia",837,1668,630085,143,"students","~/Code/hcij_lynching_phase_two/Storage_Older_Versions/latest_articles_aug23/16745_0.txt"
"99","16745_0.txt","He then came down stairs, and quietly seated him","16745_0",16745,"0",1835-07-23,"https://articleextractor.org/pages/16745/vi_dartmoor_ver03/sn84024649/1835/07/23/ed-1/seq-2/1","Yes","","Yes, 16","","x","Mentions the hanging of two white men and seven negroes in Livingston, Mississippi 1835","","sn84024649","Lynchburg Virginian (Lynchburg [Va.])",1835,7,23,"seq-2","ed-1",1,"Virginia",837,1668,630085,143,"students","~/Code/hcij_lynching_phase_two/Storage_Older_Versions/latest_articles_aug23/16745_0.txt"
"100","16745_0.txt","self at the front door, and confessed what he had","16745_0",16745,"0",1835-07-23,"https://articleextractor.org/pages/16745/vi_dartmoor_ver03/sn84024649/1835/07/23/ed-1/seq-2/1","Yes","","Yes, 16","","x","Mentions the hanging of two white men and seven negroes in Livingston, Mississippi 1835","","sn84024649","Lynchburg Virginian (Lynchburg [Va.])",1835,7,23,"seq-2","ed-1",1,"Virginia",837,1668,630085,143,"students","~/Code/hcij_lynching_phase_two/Storage_Older_Versions/latest_articles_aug23/16745_0.txt"
"101","16745_0.txt","done, when he was arrested- which very soon hap-","16745_0",16745,"0",1835-07-23,"https://articleextractor.org/pages/16745/vi_dartmoor_ver03/sn84024649/1835/07/23/ed-1/seq-2/1","Yes","","Yes, 16","","x","Mentions the hanging of two white men and seven negroes in Livingston, Mississippi 1835","","sn84024649","Lynchburg Virginian (Lynchburg [Va.])",1835,7,23,"seq-2","ed-1",1,"Virginia",837,1668,630085,143,"students","~/Code/hcij_lynching_phase_two/Storage_Older_Versions/latest_articles_aug23/16745_0.txt"
"102","16745_0.txt","pened. He made no attempt to escape.","16745_0",16745,"0",1835-07-23,"https://articleextractor.org/pages/16745/vi_dartmoor_ver03/sn84024649/1835/07/23/ed-1/seq-2/1","Yes","","Yes, 16","","x","Mentions the hanging of two white men and seven negroes in Livingston, Mississippi 1835","","sn84024649","Lynchburg Virginian (Lynchburg [Va.])",1835,7,23,"seq-2","ed-1",1,"Virginia",837,1668,630085,143,"students","~/Code/hcij_lynching_phase_two/Storage_Older_Versions/latest_articles_aug23/16745_0.txt"
"103","16745_0.txt","It was believed that Mr. Stewart would certainly","16745_0",16745,"0",1835-07-23,"https://articleextractor.org/pages/16745/vi_dartmoor_ver03/sn84024649/1835/07/23/ed-1/seq-2/1","Yes","","Yes, 16","","x","Mentions the hanging of two white men and seven negroes in Livingston, Mississippi 1835","","sn84024649","Lynchburg Virginian (Lynchburg [Va.])",1835,7,23,"seq-2","ed-1",1,"Virginia",837,1668,630085,143,"students","~/Code/hcij_lynching_phase_two/Storage_Older_Versions/latest_articles_aug23/16745_0.txt"
"104","16745_0.txt","die -- but the opinion is now entertained that he","16745_0",16745,"0",1835-07-23,"https://articleextractor.org/pages/16745/vi_dartmoor_ver03/sn84024649/1835/07/23/ed-1/seq-2/1","Yes","","Yes, 16","","x","Mentions the hanging of two white men and seven negroes in Livingston, Mississippi 1835","","sn84024649","Lynchburg Virginian (Lynchburg [Va.])",1835,7,23,"seq-2","ed-1",1,"Virginia",837,1668,630085,143,"students","~/Code/hcij_lynching_phase_two/Storage_Older_Versions/latest_articles_aug23/16745_0.txt"
"105","16745_0.txt","may recover. The case, however, was doub ful, at","16745_0",16745,"0",1835-07-23,"https://articleextractor.org/pages/16745/vi_dartmoor_ver03/sn84024649/1835/07/23/ed-1/seq-2/1","Yes","","Yes, 16","","x","Mentions the hanging of two white men and seven negroes in Livingston, Mississippi 1835","","sn84024649","Lynchburg Virginian (Lynchburg [Va.])",1835,7,23,"seq-2","ed-1",1,"Virginia",837,1668,630085,143,"students","~/Code/hcij_lynching_phase_two/Storage_Older_Versions/latest_articles_aug23/16745_0.txt"
"106","16745_0.txt","the last accounts.","16745_0",16745,"0",1835-07-23,"https://articleextractor.org/pages/16745/vi_dartmoor_ver03/sn84024649/1835/07/23/ed-1/seq-2/1","Yes","","Yes, 16","","x","Mentions the hanging of two white men and seven negroes in Livingston, Mississippi 1835","","sn84024649","Lynchburg Virginian (Lynchburg [Va.])",1835,7,23,"seq-2","ed-1",1,"Virginia",837,1668,630085,143,"students","~/Code/hcij_lynching_phase_two/Storage_Older_Versions/latest_articles_aug23/16745_0.txt"
"107","16745_0.txt","In consequence, a choral attack was made on","16745_0",16745,"0",1835-07-23,"https://articleextractor.org/pages/16745/vi_dartmoor_ver03/sn84024649/1835/07/23/ed-1/seq-2/1","Yes","","Yes, 16","","x","Mentions the hanging of two white men and seven negroes in Livingston, Mississippi 1835","","sn84024649","Lynchburg Virginian (Lynchburg [Va.])",1835,7,23,"seq-2","ed-1",1,"Virginia",837,1668,630085,143,"students","~/Code/hcij_lynching_phase_two/Storage_Older_Versions/latest_articles_aug23/16745_0.txt"
"108","16745_0.txt","the colored people of the southern part of the city,","16745_0",16745,"0",1835-07-23,"https://articleextractor.org/pages/16745/vi_dartmoor_ver03/sn84024649/1835/07/23/ed-1/seq-2/1","Yes","","Yes, 16","","x","Mentions the hanging of two white men and seven negroes in Livingston, Mississippi 1835","","sn84024649","Lynchburg Virginian (Lynchburg [Va.])",1835,7,23,"seq-2","ed-1",1,"Virginia",837,1668,630085,143,"students","~/Code/hcij_lynching_phase_two/Storage_Older_Versions/latest_articles_aug23/16745_0.txt"
"109","16745_0.txt","( out of its corporate limit), last Monday night,","16745_0",16745,"0",1835-07-23,"https://articleextractor.org/pages/16745/vi_dartmoor_ver03/sn84024649/1835/07/23/ed-1/seq-2/1","Yes","","Yes, 16","","x","Mentions the hanging of two white men and seven negroes in Livingston, Mississippi 1835","","sn84024649","Lynchburg Virginian (Lynchburg [Va.])",1835,7,23,"seq-2","ed-1",1,"Virginia",837,1668,630085,143,"students","~/Code/hcij_lynching_phase_two/Storage_Older_Versions/latest_articles_aug23/16745_0.txt"
"110","16745_0.txt","many houses being attacked with the fury of sav","16745_0",16745,"0",1835-07-23,"https://articleextractor.org/pages/16745/vi_dartmoor_ver03/sn84024649/1835/07/23/ed-1/seq-2/1","Yes","","Yes, 16","","x","Mentions the hanging of two white men and seven negroes in Livingston, Mississippi 1835","","sn84024649","Lynchburg Virginian (Lynchburg [Va.])",1835,7,23,"seq-2","ed-1",1,"Virginia",837,1668,630085,143,"students","~/Code/hcij_lynching_phase_two/Storage_Older_Versions/latest_articles_aug23/16745_0.txt"
"111","16745_0.txt","ages, and the blacks that were seized exceedingly","16745_0",16745,"0",1835-07-23,"https://articleextractor.org/pages/16745/vi_dartmoor_ver03/sn84024649/1835/07/23/ed-1/seq-2/1","Yes","","Yes, 16","","x","Mentions the hanging of two white men and seven negroes in Livingston, Mississippi 1835","","sn84024649","Lynchburg Virginian (Lynchburg [Va.])",1835,7,23,"seq-2","ed-1",1,"Virginia",837,1668,630085,143,"students","~/Code/hcij_lynching_phase_two/Storage_Older_Versions/latest_articles_aug23/16745_0.txt"
"112","16745_0.txt","abused- some of them so much so that they will","16745_0",16745,"0",1835-07-23,"https://articleextractor.org/pages/16745/vi_dartmoor_ver03/sn84024649/1835/07/23/ed-1/seq-2/1","Yes","","Yes, 16","","x","Mentions the hanging of two white men and seven negroes in Livingston, Mississippi 1835","","sn84024649","Lynchburg Virginian (Lynchburg [Va.])",1835,7,23,"seq-2","ed-1",1,"Virginia",837,1668,630085,143,"students","~/Code/hcij_lynching_phase_two/Storage_Older_Versions/latest_articles_aug23/16745_0.txt"
"113","16745_0.txt","hardly survive. A house was fired, and a battle","16745_0",16745,"0",1835-07-23,"https://articleextractor.org/pages/16745/vi_dartmoor_ver03/sn84024649/1835/07/23/ed-1/seq-2/1","Yes","","Yes, 16","","x","Mentions the hanging of two white men and seven negroes in Livingston, Mississippi 1835","","sn84024649","Lynchburg Virginian (Lynchburg [Va.])",1835,7,23,"seq-2","ed-1",1,"Virginia",837,1668,630085,143,"students","~/Code/hcij_lynching_phase_two/Storage_Older_Versions/latest_articles_aug23/16745_0.txt"
"114","16745_0.txt","took place between the firemen and the mob","16745_0",16745,"0",1835-07-23,"https://articleextractor.org/pages/16745/vi_dartmoor_ver03/sn84024649/1835/07/23/ed-1/seq-2/1","Yes","","Yes, 16","","x","Mentions the hanging of two white men and seven negroes in Livingston, Mississippi 1835","","sn84024649","Lynchburg Virginian (Lynchburg [Va.])",1835,7,23,"seq-2","ed-1",1,"Virginia",837,1668,630085,143,"students","~/Code/hcij_lynching_phase_two/Storage_Older_Versions/latest_articles_aug23/16745_0.txt"
"115","16745_0.txt","-- but","16745_0",16745,"0",1835-07-23,"https://articleextractor.org/pages/16745/vi_dartmoor_ver03/sn84024649/1835/07/23/ed-1/seq-2/1","Yes","","Yes, 16","","x","Mentions the hanging of two white men and seven negroes in Livingston, Mississippi 1835","","sn84024649","Lynchburg Virginian (Lynchburg [Va.])",1835,7,23,"seq-2","ed-1",1,"Virginia",837,1668,630085,143,"students","~/Code/hcij_lynching_phase_two/Storage_Older_Versions/latest_articles_aug23/16745_0.txt"
"116","16745_0.txt","after some terrific scenes, the former succeeded in","16745_0",16745,"0",1835-07-23,"https://articleextractor.org/pages/16745/vi_dartmoor_ver03/sn84024649/1835/07/23/ed-1/seq-2/1","Yes","","Yes, 16","","x","Mentions the hanging of two white men and seven negroes in Livingston, Mississippi 1835","","sn84024649","Lynchburg Virginian (Lynchburg [Va.])",1835,7,23,"seq-2","ed-1",1,"Virginia",837,1668,630085,143,"students","~/Code/hcij_lynching_phase_two/Storage_Older_Versions/latest_articles_aug23/16745_0.txt"
"117","16745_0.txt","quenching the flames. The mob then changed","16745_0",16745,"0",1835-07-23,"https://articleextractor.org/pages/16745/vi_dartmoor_ver03/sn84024649/1835/07/23/ed-1/seq-2/1","Yes","","Yes, 16","","x","Mentions the hanging of two white men and seven negroes in Livingston, Mississippi 1835","","sn84024649","Lynchburg Virginian (Lynchburg [Va.])",1835,7,23,"seq-2","ed-1",1,"Virginia",837,1668,630085,143,"students","~/Code/hcij_lynching_phase_two/Storage_Older_Versions/latest_articles_aug23/16745_0.txt"
"118","16745_0.txt","their scence of operations, and attacked other hou-","16745_0",16745,"0",1835-07-23,"https://articleextractor.org/pages/16745/vi_dartmoor_ver03/sn84024649/1835/07/23/ed-1/seq-2/1","Yes","","Yes, 16","","x","Mentions the hanging of two white men and seven negroes in Livingston, Mississippi 1835","","sn84024649","Lynchburg Virginian (Lynchburg [Va.])",1835,7,23,"seq-2","ed-1",1,"Virginia",837,1668,630085,143,"students","~/Code/hcij_lynching_phase_two/Storage_Older_Versions/latest_articles_aug23/16745_0.txt"
"119","16745_0.txt","ses and persons. At 2 o'clock, exhausted with","16745_0",16745,"0",1835-07-23,"https://articleextractor.org/pages/16745/vi_dartmoor_ver03/sn84024649/1835/07/23/ed-1/seq-2/1","Yes","","Yes, 16","","x","Mentions the hanging of two white men and seven negroes in Livingston, Mississippi 1835","","sn84024649","Lynchburg Virginian (Lynchburg [Va.])",1835,7,23,"seq-2","ed-1",1,"Virginia",837,1668,630085,143,"students","~/Code/hcij_lynching_phase_two/Storage_Older_Versions/latest_articles_aug23/16745_0.txt"
"120","16745_0.txt","their own violence, they dispersed, after having","16745_0",16745,"0",1835-07-23,"https://articleextractor.org/pages/16745/vi_dartmoor_ver03/sn84024649/1835/07/23/ed-1/seq-2/1","Yes","","Yes, 16","","x","Mentions the hanging of two white men and seven negroes in Livingston, Mississippi 1835","","sn84024649","Lynchburg Virginian (Lynchburg [Va.])",1835,7,23,"seq-2","ed-1",1,"Virginia",837,1668,630085,143,"students","~/Code/hcij_lynching_phase_two/Storage_Older_Versions/latest_articles_aug23/16745_0.txt"
"121","16745_0.txt","reigned about six hours from S P. M. on Monday,","16745_0",16745,"0",1835-07-23,"https://articleextractor.org/pages/16745/vi_dartmoor_ver03/sn84024649/1835/07/23/ed-1/seq-2/1","Yes","","Yes, 16","","x","Mentions the hanging of two white men and seven negroes in Livingston, Mississippi 1835","","sn84024649","Lynchburg Virginian (Lynchburg [Va.])",1835,7,23,"seq-2","ed-1",1,"Virginia",837,1668,630085,143,"students","~/Code/hcij_lynching_phase_two/Storage_Older_Versions/latest_articles_aug23/16745_0.txt"
"122","16745_0.txt","to 2 A. M. Tuesday. The mayor, with a strong","16745_0",16745,"0",1835-07-23,"https://articleextractor.org/pages/16745/vi_dartmoor_ver03/sn84024649/1835/07/23/ed-1/seq-2/1","Yes","","Yes, 16","","x","Mentions the hanging of two white men and seven negroes in Livingston, Mississippi 1835","","sn84024649","Lynchburg Virginian (Lynchburg [Va.])",1835,7,23,"seq-2","ed-1",1,"Virginia",837,1668,630085,143,"students","~/Code/hcij_lynching_phase_two/Storage_Older_Versions/latest_articles_aug23/16745_0.txt"
"123","16745_0.txt","body of the police, kept them out of his limits, but","16745_0",16745,"0",1835-07-23,"https://articleextractor.org/pages/16745/vi_dartmoor_ver03/sn84024649/1835/07/23/ed-1/seq-2/1","Yes","","Yes, 16","","x","Mentions the hanging of two white men and seven negroes in Livingston, Mississippi 1835","","sn84024649","Lynchburg Virginian (Lynchburg [Va.])",1835,7,23,"seq-2","ed-1",1,"Virginia",837,1668,630085,143,"students","~/Code/hcij_lynching_phase_two/Storage_Older_Versions/latest_articles_aug23/16745_0.txt"
"124","16745_0.txt","further had not power. They are said to have a","16745_0",16745,"0",1835-07-23,"https://articleextractor.org/pages/16745/vi_dartmoor_ver03/sn84024649/1835/07/23/ed-1/seq-2/1","Yes","","Yes, 16","","x","Mentions the hanging of two white men and seven negroes in Livingston, Mississippi 1835","","sn84024649","Lynchburg Virginian (Lynchburg [Va.])",1835,7,23,"seq-2","ed-1",1,"Virginia",837,1668,630085,143,"students","~/Code/hcij_lynching_phase_two/Storage_Older_Versions/latest_articles_aug23/16745_0.txt"
"125","16745_0.txt","mounted to 1,500 persons! They respected, how","16745_0",16745,"0",1835-07-23,"https://articleextractor.org/pages/16745/vi_dartmoor_ver03/sn84024649/1835/07/23/ed-1/seq-2/1","Yes","","Yes, 16","","x","Mentions the hanging of two white men and seven negroes in Livingston, Mississippi 1835","","sn84024649","Lynchburg Virginian (Lynchburg [Va.])",1835,7,23,"seq-2","ed-1",1,"Virginia",837,1668,630085,143,"students","~/Code/hcij_lynching_phase_two/Storage_Older_Versions/latest_articles_aug23/16745_0.txt"
"126","16745_0.txt","ever, the old men and women and children- but","16745_0",16745,"0",1835-07-23,"https://articleextractor.org/pages/16745/vi_dartmoor_ver03/sn84024649/1835/07/23/ed-1/seq-2/1","Yes","","Yes, 16","","x","Mentions the hanging of two white men and seven negroes in Livingston, Mississippi 1835","","sn84024649","Lynchburg Virginian (Lynchburg [Va.])",1835,7,23,"seq-2","ed-1",1,"Virginia",837,1668,630085,143,"students","~/Code/hcij_lynching_phase_two/Storage_Older_Versions/latest_articles_aug23/16745_0.txt"
"127","16745_0.txt","on all others, inflicted, without discrimination, the","16745_0",16745,"0",1835-07-23,"https://articleextractor.org/pages/16745/vi_dartmoor_ver03/sn84024649/1835/07/23/ed-1/seq-2/1","Yes","","Yes, 16","","x","Mentions the hanging of two white men and seven negroes in Livingston, Mississippi 1835","","sn84024649","Lynchburg Virginian (Lynchburg [Va.])",1835,7,23,"seq-2","ed-1",1,"Virginia",837,1668,630085,143,"students","~/Code/hcij_lynching_phase_two/Storage_Older_Versions/latest_articles_aug23/16745_0.txt"
"128","16745_0.txt","most horrible excesses. Some few of the blacks","16745_0",16745,"0",1835-07-23,"https://articleextractor.org/pages/16745/vi_dartmoor_ver03/sn84024649/1835/07/23/ed-1/seq-2/1","Yes","","Yes, 16","","x","Mentions the hanging of two white men and seven negroes in Livingston, Mississippi 1835","","sn84024649","Lynchburg Virginian (Lynchburg [Va.])",1835,7,23,"seq-2","ed-1",1,"Virginia",837,1668,630085,143,"students","~/Code/hcij_lynching_phase_two/Storage_Older_Versions/latest_articles_aug23/16745_0.txt"
"129","16745_0.txt","defended their property- and five shots were dis","16745_0",16745,"0",1835-07-23,"https://articleextractor.org/pages/16745/vi_dartmoor_ver03/sn84024649/1835/07/23/ed-1/seq-2/1","Yes","","Yes, 16","","x","Mentions the hanging of two white men and seven negroes in Livingston, Mississippi 1835","","sn84024649","Lynchburg Virginian (Lynchburg [Va.])",1835,7,23,"seq-2","ed-1",1,"Virginia",837,1668,630085,143,"students","~/Code/hcij_lynching_phase_two/Storage_Older_Versions/latest_articles_aug23/16745_0.txt"
"130","16745_0.txt","charged; but, generally, their great object was to","16745_0",16745,"0",1835-07-23,"https://articleextractor.org/pages/16745/vi_dartmoor_ver03/sn84024649/1835/07/23/ed-1/seq-2/1","Yes","","Yes, 16","","x","Mentions the hanging of two white men and seven negroes in Livingston, Mississippi 1835","","sn84024649","Lynchburg Virginian (Lynchburg [Va.])",1835,7,23,"seq-2","ed-1",1,"Virginia",837,1668,630085,143,"students","~/Code/hcij_lynching_phase_two/Storage_Older_Versions/latest_articles_aug23/16745_0.txt"
"131","16745_0.txt","keep out of the way, or conceal themselves.","16745_0",16745,"0",1835-07-23,"https://articleextractor.org/pages/16745/vi_dartmoor_ver03/sn84024649/1835/07/23/ed-1/seq-2/1","Yes","","Yes, 16","","x","Mentions the hanging of two white men and seven negroes in Livingston, Mississippi 1835","","sn84024649","Lynchburg Virginian (Lynchburg [Va.])",1835,7,23,"seq-2","ed-1",1,"Virginia",837,1668,630085,143,"students","~/Code/hcij_lynching_phase_two/Storage_Older_Versions/latest_articles_aug23/16745_0.txt"
"132","16745_0.txt","The riots continued on Tuesday night in Moy","16745_0",16745,"0",1835-07-23,"https://articleextractor.org/pages/16745/vi_dartmoor_ver03/sn84024649/1835/07/23/ed-1/seq-2/1","Yes","","Yes, 16","","x","Mentions the hanging of two white men and seven negroes in Livingston, Mississippi 1835","","sn84024649","Lynchburg Virginian (Lynchburg [Va.])",1835,7,23,"seq-2","ed-1",1,"Virginia",837,1668,630085,143,"students","~/Code/hcij_lynching_phase_two/Storage_Older_Versions/latest_articles_aug23/16745_0.txt"
"133","16745_0.txt","amensing; but no great damage was done. The","16745_0",16745,"0",1835-07-23,"https://articleextractor.org/pages/16745/vi_dartmoor_ver03/sn84024649/1835/07/23/ed-1/seq-2/1","Yes","","Yes, 16","","x","Mentions the hanging of two white men and seven negroes in Livingston, Mississippi 1835","","sn84024649","Lynchburg Virginian (Lynchburg [Va.])",1835,7,23,"seq-2","ed-1",1,"Virginia",837,1668,630085,143,"students","~/Code/hcij_lynching_phase_two/Storage_Older_Versions/latest_articles_aug23/16745_0.txt"
"134","16745_0.txt","people of color had generally left their homes and","16745_0",16745,"0",1835-07-23,"https://articleextractor.org/pages/16745/vi_dartmoor_ver03/sn84024649/1835/07/23/ed-1/seq-2/1","Yes","","Yes, 16","","x","Mentions the hanging of two white men and seven negroes in Livingston, Mississippi 1835","","sn84024649","Lynchburg Virginian (Lynchburg [Va.])",1835,7,23,"seq-2","ed-1",1,"Virginia",837,1668,630085,143,"students","~/Code/hcij_lynching_phase_two/Storage_Older_Versions/latest_articles_aug23/16745_0.txt"
"135","16745_0.txt",",","16745_0",16745,"0",1835-07-23,"https://articleextractor.org/pages/16745/vi_dartmoor_ver03/sn84024649/1835/07/23/ed-1/seq-2/1","Yes","","Yes, 16","","x","Mentions the hanging of two white men and seven negroes in Livingston, Mississippi 1835","","sn84024649","Lynchburg Virginian (Lynchburg [Va.])",1835,7,23,"seq-2","ed-1",1,"Virginia",837,1668,630085,143,"students","~/Code/hcij_lynching_phase_two/Storage_Older_Versions/latest_articles_aug23/16745_0.txt"
"136","16745_0.txt","fled to the parts adjacent- sleeping, or","16745_0",16745,"0",1835-07-23,"https://articleextractor.org/pages/16745/vi_dartmoor_ver03/sn84024649/1835/07/23/ed-1/seq-2/1","Yes","","Yes, 16","","x","Mentions the hanging of two white men and seven negroes in Livingston, Mississippi 1835","","sn84024649","Lynchburg Virginian (Lynchburg [Va.])",1835,7,23,"seq-2","ed-1",1,"Virginia",837,1668,630085,143,"students","~/Code/hcij_lynching_phase_two/Storage_Older_Versions/latest_articles_aug23/16745_0.txt"
"137","16745_0.txt","to sleep, in the open attempting[ Niles.","16745_0",16745,"0",1835-07-23,"https://articleextractor.org/pages/16745/vi_dartmoor_ver03/sn84024649/1835/07/23/ed-1/seq-2/1","Yes","","Yes, 16","","x","Mentions the hanging of two white men and seven negroes in Livingston, Mississippi 1835","","sn84024649","Lynchburg Virginian (Lynchburg [Va.])",1835,7,23,"seq-2","ed-1",1,"Virginia",837,1668,630085,143,"students","~/Code/hcij_lynching_phase_two/Storage_Older_Versions/latest_articles_aug23/16745_0.txt"
"138","16746_0.txt","We have received by the Memphis Gazette,","16746_0",16746,"0",1835-07-31,"https://articleextractor.org/pages/16746/arhi_elvis_ver01/sn87062070/1835/07/31/ed-1/seq-2/1","Yes","","","","x","States 5 white men had been hung in Livingston. Mentions a court case where 2 members of the jury were """"hung"""" in their verdict.","","sn87062070","The Arkansas advocate (Little Rock, A....)",1835,7,31,"seq-2","ed-1",1,"Arkansas",838,1669,1648,144,"students","~/Code/hcij_lynching_phase_two/Storage_Older_Versions/latest_articles_aug23/16746_0.txt"
"139","16746_0.txt","some further particulars respecting the state","16746_0",16746,"0",1835-07-31,"https://articleextractor.org/pages/16746/arhi_elvis_ver01/sn87062070/1835/07/31/ed-1/seq-2/1","Yes","","","","x","States 5 white men had been hung in Livingston. Mentions a court case where 2 members of the jury were """"hung"""" in their verdict.","","sn87062070","The Arkansas advocate (Little Rock, A....)",1835,7,31,"seq-2","ed-1",1,"Arkansas",838,1669,1648,144,"students","~/Code/hcij_lynching_phase_two/Storage_Older_Versions/latest_articles_aug23/16746_0.txt"
"140","16746_0.txt","of things in Mississippi. The already crowd","16746_0",16746,"0",1835-07-31,"https://articleextractor.org/pages/16746/arhi_elvis_ver01/sn87062070/1835/07/31/ed-1/seq-2/1","Yes","","","","x","States 5 white men had been hung in Livingston. Mentions a court case where 2 members of the jury were """"hung"""" in their verdict.","","sn87062070","The Arkansas advocate (Little Rock, A....)",1835,7,31,"seq-2","ed-1",1,"Arkansas",838,1669,1648,144,"students","~/Code/hcij_lynching_phase_two/Storage_Older_Versions/latest_articles_aug23/16746_0.txt"
"141","16746_0.txt","ed state of our columns precludes us from inserting","16746_0",16746,"0",1835-07-31,"https://articleextractor.org/pages/16746/arhi_elvis_ver01/sn87062070/1835/07/31/ed-1/seq-2/1","Yes","","","","x","States 5 white men had been hung in Livingston. Mentions a court case where 2 members of the jury were """"hung"""" in their verdict.","","sn87062070","The Arkansas advocate (Little Rock, A....)",1835,7,31,"seq-2","ed-1",1,"Arkansas",838,1669,1648,144,"students","~/Code/hcij_lynching_phase_two/Storage_Older_Versions/latest_articles_aug23/16746_0.txt"
"142","16746_0.txt","the article entire. It seems that a","16746_0",16746,"0",1835-07-31,"https://articleextractor.org/pages/16746/arhi_elvis_ver01/sn87062070/1835/07/31/ed-1/seq-2/1","Yes","","","","x","States 5 white men had been hung in Livingston. Mentions a court case where 2 members of the jury were """"hung"""" in their verdict.","","sn87062070","The Arkansas advocate (Little Rock, A....)",1835,7,31,"seq-2","ed-1",1,"Arkansas",838,1669,1648,144,"students","~/Code/hcij_lynching_phase_two/Storage_Older_Versions/latest_articles_aug23/16746_0.txt"
"143","16746_0.txt","committee of 13 respectable men was appoint","16746_0",16746,"0",1835-07-31,"https://articleextractor.org/pages/16746/arhi_elvis_ver01/sn87062070/1835/07/31/ed-1/seq-2/1","Yes","","","","x","States 5 white men had been hung in Livingston. Mentions a court case where 2 members of the jury were """"hung"""" in their verdict.","","sn87062070","The Arkansas advocate (Little Rock, A....)",1835,7,31,"seq-2","ed-1",1,"Arkansas",838,1669,1648,144,"students","~/Code/hcij_lynching_phase_two/Storage_Older_Versions/latest_articles_aug23/16746_0.txt"
"144","16746_0.txt","ed in Madison county, by whose verdiet Cot","16746_0",16746,"0",1835-07-31,"https://articleextractor.org/pages/16746/arhi_elvis_ver01/sn87062070/1835/07/31/ed-1/seq-2/1","Yes","","","","x","States 5 white men had been hung in Livingston. Mentions a court case where 2 members of the jury were """"hung"""" in their verdict.","","sn87062070","The Arkansas advocate (Little Rock, A....)",1835,7,31,"seq-2","ed-1",1,"Arkansas",838,1669,1648,144,"students","~/Code/hcij_lynching_phase_two/Storage_Older_Versions/latest_articles_aug23/16746_0.txt"
"145","16746_0.txt","ton and Saunders were hung. Cotton made","16746_0",16746,"0",1835-07-31,"https://articleextractor.org/pages/16746/arhi_elvis_ver01/sn87062070/1835/07/31/ed-1/seq-2/1","Yes","","","","x","States 5 white men had been hung in Livingston. Mentions a court case where 2 members of the jury were """"hung"""" in their verdict.","","sn87062070","The Arkansas advocate (Little Rock, A....)",1835,7,31,"seq-2","ed-1",1,"Arkansas",838,1669,1648,144,"students","~/Code/hcij_lynching_phase_two/Storage_Older_Versions/latest_articles_aug23/16746_0.txt"
"146","16746_0.txt","a full confession. He was an accomplice of","16746_0",16746,"0",1835-07-31,"https://articleextractor.org/pages/16746/arhi_elvis_ver01/sn87062070/1835/07/31/ed-1/seq-2/1","Yes","","","","x","States 5 white men had been hung in Livingston. Mentions a court case where 2 members of the jury were """"hung"""" in their verdict.","","sn87062070","The Arkansas advocate (Little Rock, A....)",1835,7,31,"seq-2","ed-1",1,"Arkansas",838,1669,1648,144,"students","~/Code/hcij_lynching_phase_two/Storage_Older_Versions/latest_articles_aug23/16746_0.txt"
"147","16746_0.txt","the celebrated Murel- who had been a mem","16746_0",16746,"0",1835-07-31,"https://articleextractor.org/pages/16746/arhi_elvis_ver01/sn87062070/1835/07/31/ed-1/seq-2/1","Yes","","","","x","States 5 white men had been hung in Livingston. Mentions a court case where 2 members of the jury were """"hung"""" in their verdict.","","sn87062070","The Arkansas advocate (Little Rock, A....)",1835,7,31,"seq-2","ed-1",1,"Arkansas",838,1669,1648,144,"students","~/Code/hcij_lynching_phase_two/Storage_Older_Versions/latest_articles_aug23/16746_0.txt"
"148","16746_0.txt","ber in two grand councils with Cotton. The","16746_0",16746,"0",1835-07-31,"https://articleextractor.org/pages/16746/arhi_elvis_ver01/sn87062070/1835/07/31/ed-1/seq-2/1","Yes","","","","x","States 5 white men had been hung in Livingston. Mentions a court case where 2 members of the jury were """"hung"""" in their verdict.","","sn87062070","The Arkansas advocate (Little Rock, A....)",1835,7,31,"seq-2","ed-1",1,"Arkansas",838,1669,1648,144,"students","~/Code/hcij_lynching_phase_two/Storage_Older_Versions/latest_articles_aug23/16746_0.txt"
"149","16746_0.txt","project embraced the whole slave region from","16746_0",16746,"0",1835-07-31,"https://articleextractor.org/pages/16746/arhi_elvis_ver01/sn87062070/1835/07/31/ed-1/seq-2/1","Yes","","","","x","States 5 white men had been hung in Livingston. Mentions a court case where 2 members of the jury were """"hung"""" in their verdict.","","sn87062070","The Arkansas advocate (Little Rock, A....)",1835,7,31,"seq-2","ed-1",1,"Arkansas",838,1669,1648,144,"students","~/Code/hcij_lynching_phase_two/Storage_Older_Versions/latest_articles_aug23/16746_0.txt"
"150","16746_0.txt","Maryland to Louisiana- and contemplated","16746_0",16746,"0",1835-07-31,"https://articleextractor.org/pages/16746/arhi_elvis_ver01/sn87062070/1835/07/31/ed-1/seq-2/1","Yes","","","","x","States 5 white men had been hung in Livingston. Mentions a court case where 2 members of the jury were """"hung"""" in their verdict.","","sn87062070","The Arkansas advocate (Little Rock, A....)",1835,7,31,"seq-2","ed-1",1,"Arkansas",838,1669,1648,144,"students","~/Code/hcij_lynching_phase_two/Storage_Older_Versions/latest_articles_aug23/16746_0.txt"
"151","16746_0.txt","destruction of the whites in all the slave","16746_0",16746,"0",1835-07-31,"https://articleextractor.org/pages/16746/arhi_elvis_ver01/sn87062070/1835/07/31/ed-1/seq-2/1","Yes","","","","x","States 5 white men had been hung in Livingston. Mentions a court case where 2 members of the jury were """"hung"""" in their verdict.","","sn87062070","The Arkansas advocate (Little Rock, A....)",1835,7,31,"seq-2","ed-1",1,"Arkansas",838,1669,1648,144,"students","~/Code/hcij_lynching_phase_two/Storage_Older_Versions/latest_articles_aug23/16746_0.txt"
"152","16746_0.txt","the States, and the absolute conquest of the coun","16746_0",16746,"0",1835-07-31,"https://articleextractor.org/pages/16746/arhi_elvis_ver01/sn87062070/1835/07/31/ed-1/seq-2/1","Yes","","","","x","States 5 white men had been hung in Livingston. Mentions a court case where 2 members of the jury were """"hung"""" in their verdict.","","sn87062070","The Arkansas advocate (Little Rock, A....)",1835,7,31,"seq-2","ed-1",1,"Arkansas",838,1669,1648,144,"students","~/Code/hcij_lynching_phase_two/Storage_Older_Versions/latest_articles_aug23/16746_0.txt"
"153","16746_0.txt","try. Five white men, altogether, have been","16746_0",16746,"0",1835-07-31,"https://articleextractor.org/pages/16746/arhi_elvis_ver01/sn87062070/1835/07/31/ed-1/seq-2/1","Yes","","","","x","States 5 white men had been hung in Livingston. Mentions a court case where 2 members of the jury were """"hung"""" in their verdict.","","sn87062070","The Arkansas advocate (Little Rock, A....)",1835,7,31,"seq-2","ed-1",1,"Arkansas",838,1669,1648,144,"students","~/Code/hcij_lynching_phase_two/Storage_Older_Versions/latest_articles_aug23/16746_0.txt"
"154","16746_0.txt","hung in Livingston. Among the rest, RUEL","16746_0",16746,"0",1835-07-31,"https://articleextractor.org/pages/16746/arhi_elvis_ver01/sn87062070/1835/07/31/ed-1/seq-2/1","Yes","","","","x","States 5 white men had been hung in Livingston. Mentions a court case where 2 members of the jury were """"hung"""" in their verdict.","","sn87062070","The Arkansas advocate (Little Rock, A....)",1835,7,31,"seq-2","ed-1",1,"Arkansas",838,1669,1648,144,"students","~/Code/hcij_lynching_phase_two/Storage_Older_Versions/latest_articles_aug23/16746_0.txt"
"155","16746_0.txt","BLAKE, who was to have been a General. A","16746_0",16746,"0",1835-07-31,"https://articleextractor.org/pages/16746/arhi_elvis_ver01/sn87062070/1835/07/31/ed-1/seq-2/1","Yes","","","","x","States 5 white men had been hung in Livingston. Mentions a court case where 2 members of the jury were """"hung"""" in their verdict.","","sn87062070","The Arkansas advocate (Little Rock, A....)",1835,7,31,"seq-2","ed-1",1,"Arkansas",838,1669,1648,144,"students","~/Code/hcij_lynching_phase_two/Storage_Older_Versions/latest_articles_aug23/16746_0.txt"
"156","16746_0.txt","chap by the name of HUNTER, had been apprehended","16746_0",16746,"0",1835-07-31,"https://articleextractor.org/pages/16746/arhi_elvis_ver01/sn87062070/1835/07/31/ed-1/seq-2/1","Yes","","","","x","States 5 white men had been hung in Livingston. Mentions a court case where 2 members of the jury were """"hung"""" in their verdict.","","sn87062070","The Arkansas advocate (Little Rock, A....)",1835,7,31,"seq-2","ed-1",1,"Arkansas",838,1669,1648,144,"students","~/Code/hcij_lynching_phase_two/Storage_Older_Versions/latest_articles_aug23/16746_0.txt"
"157","16746_0.txt","Committees are still in session","16746_0",16746,"0",1835-07-31,"https://articleextractor.org/pages/16746/arhi_elvis_ver01/sn87062070/1835/07/31/ed-1/seq-2/1","Yes","","","","x","States 5 white men had been hung in Livingston. Mentions a court case where 2 members of the jury were """"hung"""" in their verdict.","","sn87062070","The Arkansas advocate (Little Rock, A....)",1835,7,31,"seq-2","ed-1",1,"Arkansas",838,1669,1648,144,"students","~/Code/hcij_lynching_phase_two/Storage_Older_Versions/latest_articles_aug23/16746_0.txt"
"158","16746_0.txt","in Madison and Clinton counties. We hope","16746_0",16746,"0",1835-07-31,"https://articleextractor.org/pages/16746/arhi_elvis_ver01/sn87062070/1835/07/31/ed-1/seq-2/1","Yes","","","","x","States 5 white men had been hung in Livingston. Mentions a court case where 2 members of the jury were """"hung"""" in their verdict.","","sn87062070","The Arkansas advocate (Little Rock, A....)",1835,7,31,"seq-2","ed-1",1,"Arkansas",838,1669,1648,144,"students","~/Code/hcij_lynching_phase_two/Storage_Older_Versions/latest_articles_aug23/16746_0.txt"
"159","16746_0.txt","that their plans have not included Arkansas,","16746_0",16746,"0",1835-07-31,"https://articleextractor.org/pages/16746/arhi_elvis_ver01/sn87062070/1835/07/31/ed-1/seq-2/1","Yes","","","","x","States 5 white men had been hung in Livingston. Mentions a court case where 2 members of the jury were """"hung"""" in their verdict.","","sn87062070","The Arkansas advocate (Little Rock, A....)",1835,7,31,"seq-2","ed-1",1,"Arkansas",838,1669,1648,144,"students","~/Code/hcij_lynching_phase_two/Storage_Older_Versions/latest_articles_aug23/16746_0.txt"
"160","16746_0.txt","but at all events it would be well for our citizens","16746_0",16746,"0",1835-07-31,"https://articleextractor.org/pages/16746/arhi_elvis_ver01/sn87062070/1835/07/31/ed-1/seq-2/1","Yes","","","","x","States 5 white men had been hung in Livingston. Mentions a court case where 2 members of the jury were """"hung"""" in their verdict.","","sn87062070","The Arkansas advocate (Little Rock, A....)",1835,7,31,"seq-2","ed-1",1,"Arkansas",838,1669,1648,144,"students","~/Code/hcij_lynching_phase_two/Storage_Older_Versions/latest_articles_aug23/16746_0.txt"
"161","16746_0.txt","the Mississippi to keep a vigilant","16746_0",16746,"0",1835-07-31,"https://articleextractor.org/pages/16746/arhi_elvis_ver01/sn87062070/1835/07/31/ed-1/seq-2/1","Yes","","","","x","States 5 white men had been hung in Livingston. Mentions a court case where 2 members of the jury were """"hung"""" in their verdict.","","sn87062070","The Arkansas advocate (Little Rock, A....)",1835,7,31,"seq-2","ed-1",1,"Arkansas",838,1669,1648,144,"students","~/Code/hcij_lynching_phase_two/Storage_Older_Versions/latest_articles_aug23/16746_0.txt"
"162","16746_0.txt","look out on.","16746_0",16746,"0",1835-07-31,"https://articleextractor.org/pages/16746/arhi_elvis_ver01/sn87062070/1835/07/31/ed-1/seq-2/1","Yes","","","","x","States 5 white men had been hung in Livingston. Mentions a court case where 2 members of the jury were """"hung"""" in their verdict.","","sn87062070","The Arkansas advocate (Little Rock, A....)",1835,7,31,"seq-2","ed-1",1,"Arkansas",838,1669,1648,144,"students","~/Code/hcij_lynching_phase_two/Storage_Older_Versions/latest_articles_aug23/16746_0.txt"
"163","16747_0.txt","LYNCH LAW .-- The following account","16747_0",16747,"0",1835-08-01,"https://articleextractor.org/pages/16747/wvu_queen_ver01/sn84026826/1835/08/01/ed-1/seq-2/1","Yes","","Yes, 20","","x","5 gamblers were hung by a mob in Vicksburg, MS. Two letters to the editor mentions lynchings. One letter mentions a merchant being hung in Tyler County. The second mentions the execution of Robert D. Hoy for murdering Mrs. Smoot. ","","sn84026826","South Branch intelligencer (Romney, Va. [W....)",1835,8,1,"seq-2","ed-1",1,"West Virginia",839,1670,701256,145,"students","~/Code/hcij_lynching_phase_two/Storage_Older_Versions/latest_articles_aug23/16747_0.txt"
"164","16747_0.txt","of a summary execution of vindictive","16747_0",16747,"0",1835-08-01,"https://articleextractor.org/pages/16747/wvu_queen_ver01/sn84026826/1835/08/01/ed-1/seq-2/1","Yes","","Yes, 20","","x","5 gamblers were hung by a mob in Vicksburg, MS. Two letters to the editor mentions lynchings. One letter mentions a merchant being hung in Tyler County. The second mentions the execution of Robert D. Hoy for murdering Mrs. Smoot. ","","sn84026826","South Branch intelligencer (Romney, Va. [W....)",1835,8,1,"seq-2","ed-1",1,"West Virginia",839,1670,701256,145,"students","~/Code/hcij_lynching_phase_two/Storage_Older_Versions/latest_articles_aug23/16747_0.txt"
"165","16747_0.txt","justice, scorning the law's delay, is from","16747_0",16747,"0",1835-08-01,"https://articleextractor.org/pages/16747/wvu_queen_ver01/sn84026826/1835/08/01/ed-1/seq-2/1","Yes","","Yes, 20","","x","5 gamblers were hung by a mob in Vicksburg, MS. Two letters to the editor mentions lynchings. One letter mentions a merchant being hung in Tyler County. The second mentions the execution of Robert D. Hoy for murdering Mrs. Smoot. ","","sn84026826","South Branch intelligencer (Romney, Va. [W....)",1835,8,1,"seq-2","ed-1",1,"West Virginia",839,1670,701256,145,"students","~/Code/hcij_lynching_phase_two/Storage_Older_Versions/latest_articles_aug23/16747_0.txt"
"166","16747_0.txt","a late number of the New Orleans Adver","16747_0",16747,"0",1835-08-01,"https://articleextractor.org/pages/16747/wvu_queen_ver01/sn84026826/1835/08/01/ed-1/seq-2/1","Yes","","Yes, 20","","x","5 gamblers were hung by a mob in Vicksburg, MS. Two letters to the editor mentions lynchings. One letter mentions a merchant being hung in Tyler County. The second mentions the execution of Robert D. Hoy for murdering Mrs. Smoot. ","","sn84026826","South Branch intelligencer (Romney, Va. [W....)",1835,8,1,"seq-2","ed-1",1,"West Virginia",839,1670,701256,145,"students","~/Code/hcij_lynching_phase_two/Storage_Older_Versions/latest_articles_aug23/16747_0.txt"
"167","16747_0.txt","natiser: NEW ORLEANS, July 11.","16747_0",16747,"0",1835-08-01,"https://articleextractor.org/pages/16747/wvu_queen_ver01/sn84026826/1835/08/01/ed-1/seq-2/1","Yes","","Yes, 20","","x","5 gamblers were hung by a mob in Vicksburg, MS. Two letters to the editor mentions lynchings. One letter mentions a merchant being hung in Tyler County. The second mentions the execution of Robert D. Hoy for murdering Mrs. Smoot. ","","sn84026826","South Branch intelligencer (Romney, Va. [W....)",1835,8,1,"seq-2","ed-1",1,"West Virginia",839,1670,701256,145,"students","~/Code/hcij_lynching_phase_two/Storage_Older_Versions/latest_articles_aug23/16747_0.txt"
"168","16747_0.txt","Mob Justice.- Information was re.","16747_0",16747,"0",1835-08-01,"https://articleextractor.org/pages/16747/wvu_queen_ver01/sn84026826/1835/08/01/ed-1/seq-2/1","Yes","","Yes, 20","","x","5 gamblers were hung by a mob in Vicksburg, MS. Two letters to the editor mentions lynchings. One letter mentions a merchant being hung in Tyler County. The second mentions the execution of Robert D. Hoy for murdering Mrs. Smoot. ","","sn84026826","South Branch intelligencer (Romney, Va. [W....)",1835,8,1,"seq-2","ed-1",1,"West Virginia",839,1670,701256,145,"students","~/Code/hcij_lynching_phase_two/Storage_Older_Versions/latest_articles_aug23/16747_0.txt"
"169","16747_0.txt","ceived from Vicksburg( in Mississip-","16747_0",16747,"0",1835-08-01,"https://articleextractor.org/pages/16747/wvu_queen_ver01/sn84026826/1835/08/01/ed-1/seq-2/1","Yes","","Yes, 20","","x","5 gamblers were hung by a mob in Vicksburg, MS. Two letters to the editor mentions lynchings. One letter mentions a merchant being hung in Tyler County. The second mentions the execution of Robert D. Hoy for murdering Mrs. Smoot. ","","sn84026826","South Branch intelligencer (Romney, Va. [W....)",1835,8,1,"seq-2","ed-1",1,"West Virginia",839,1670,701256,145,"students","~/Code/hcij_lynching_phase_two/Storage_Older_Versions/latest_articles_aug23/16747_0.txt"
"170","16747_0.txt",") yesterday, by the steamboat Scotstopping","16747_0",16747,"0",1835-08-01,"https://articleextractor.org/pages/16747/wvu_queen_ver01/sn84026826/1835/08/01/ed-1/seq-2/1","Yes","","Yes, 20","","x","5 gamblers were hung by a mob in Vicksburg, MS. Two letters to the editor mentions lynchings. One letter mentions a merchant being hung in Tyler County. The second mentions the execution of Robert D. Hoy for murdering Mrs. Smoot. ","","sn84026826","South Branch intelligencer (Romney, Va. [W....)",1835,8,1,"seq-2","ed-1",1,"West Virginia",839,1670,701256,145,"students","~/Code/hcij_lynching_phase_two/Storage_Older_Versions/latest_articles_aug23/16747_0.txt"
"171","16747_0.txt","land, that a serious act of mobocracy","16747_0",16747,"0",1835-08-01,"https://articleextractor.org/pages/16747/wvu_queen_ver01/sn84026826/1835/08/01/ed-1/seq-2/1","Yes","","Yes, 20","","x","5 gamblers were hung by a mob in Vicksburg, MS. Two letters to the editor mentions lynchings. One letter mentions a merchant being hung in Tyler County. The second mentions the execution of Robert D. Hoy for murdering Mrs. Smoot. ","","sn84026826","South Branch intelligencer (Romney, Va. [W....)",1835,8,1,"seq-2","ed-1",1,"West Virginia",839,1670,701256,145,"students","~/Code/hcij_lynching_phase_two/Storage_Older_Versions/latest_articles_aug23/16747_0.txt"
"172","16747_0.txt","took place on the 9th inst. in the town","16747_0",16747,"0",1835-08-01,"https://articleextractor.org/pages/16747/wvu_queen_ver01/sn84026826/1835/08/01/ed-1/seq-2/1","Yes","","Yes, 20","","x","5 gamblers were hung by a mob in Vicksburg, MS. Two letters to the editor mentions lynchings. One letter mentions a merchant being hung in Tyler County. The second mentions the execution of Robert D. Hoy for murdering Mrs. Smoot. ","","sn84026826","South Branch intelligencer (Romney, Va. [W....)",1835,8,1,"seq-2","ed-1",1,"West Virginia",839,1670,701256,145,"students","~/Code/hcij_lynching_phase_two/Storage_Older_Versions/latest_articles_aug23/16747_0.txt"
"173","16747_0.txt","mentioned. It appears that a den of","16747_0",16747,"0",1835-08-01,"https://articleextractor.org/pages/16747/wvu_queen_ver01/sn84026826/1835/08/01/ed-1/seq-2/1","Yes","","Yes, 20","","x","5 gamblers were hung by a mob in Vicksburg, MS. Two letters to the editor mentions lynchings. One letter mentions a merchant being hung in Tyler County. The second mentions the execution of Robert D. Hoy for murdering Mrs. Smoot. ","","sn84026826","South Branch intelligencer (Romney, Va. [W....)",1835,8,1,"seq-2","ed-1",1,"West Virginia",839,1670,701256,145,"students","~/Code/hcij_lynching_phase_two/Storage_Older_Versions/latest_articles_aug23/16747_0.txt"
"174","16747_0.txt","gamblers existed in that place, which","16747_0",16747,"0",1835-08-01,"https://articleextractor.org/pages/16747/wvu_queen_ver01/sn84026826/1835/08/01/ed-1/seq-2/1","Yes","","Yes, 20","","x","5 gamblers were hung by a mob in Vicksburg, MS. Two letters to the editor mentions lynchings. One letter mentions a merchant being hung in Tyler County. The second mentions the execution of Robert D. Hoy for murdering Mrs. Smoot. ","","sn84026826","South Branch intelligencer (Romney, Va. [W....)",1835,8,1,"seq-2","ed-1",1,"West Virginia",839,1670,701256,145,"students","~/Code/hcij_lynching_phase_two/Storage_Older_Versions/latest_articles_aug23/16747_0.txt"
"175","16747_0.txt","had become obnoxious to the citizens.","16747_0",16747,"0",1835-08-01,"https://articleextractor.org/pages/16747/wvu_queen_ver01/sn84026826/1835/08/01/ed-1/seq-2/1","Yes","","Yes, 20","","x","5 gamblers were hung by a mob in Vicksburg, MS. Two letters to the editor mentions lynchings. One letter mentions a merchant being hung in Tyler County. The second mentions the execution of Robert D. Hoy for murdering Mrs. Smoot. ","","sn84026826","South Branch intelligencer (Romney, Va. [W....)",1835,8,1,"seq-2","ed-1",1,"West Virginia",839,1670,701256,145,"students","~/Code/hcij_lynching_phase_two/Storage_Older_Versions/latest_articles_aug23/16747_0.txt"
"176","16747_0.txt","On the Fourth of July the gamblers","16747_0",16747,"0",1835-08-01,"https://articleextractor.org/pages/16747/wvu_queen_ver01/sn84026826/1835/08/01/ed-1/seq-2/1","Yes","","Yes, 20","","x","5 gamblers were hung by a mob in Vicksburg, MS. Two letters to the editor mentions lynchings. One letter mentions a merchant being hung in Tyler County. The second mentions the execution of Robert D. Hoy for murdering Mrs. Smoot. ","","sn84026826","South Branch intelligencer (Romney, Va. [W....)",1835,8,1,"seq-2","ed-1",1,"West Virginia",839,1670,701256,145,"students","~/Code/hcij_lynching_phase_two/Storage_Older_Versions/latest_articles_aug23/16747_0.txt"
"177","16747_0.txt","were refused permission to participate","16747_0",16747,"0",1835-08-01,"https://articleextractor.org/pages/16747/wvu_queen_ver01/sn84026826/1835/08/01/ed-1/seq-2/1","Yes","","Yes, 20","","x","5 gamblers were hung by a mob in Vicksburg, MS. Two letters to the editor mentions lynchings. One letter mentions a merchant being hung in Tyler County. The second mentions the execution of Robert D. Hoy for murdering Mrs. Smoot. ","","sn84026826","South Branch intelligencer (Romney, Va. [W....)",1835,8,1,"seq-2","ed-1",1,"West Virginia",839,1670,701256,145,"students","~/Code/hcij_lynching_phase_two/Storage_Older_Versions/latest_articles_aug23/16747_0.txt"
"178","16747_0.txt","in the celebration, whereupon, they","16747_0",16747,"0",1835-08-01,"https://articleextractor.org/pages/16747/wvu_queen_ver01/sn84026826/1835/08/01/ed-1/seq-2/1","Yes","","Yes, 20","","x","5 gamblers were hung by a mob in Vicksburg, MS. Two letters to the editor mentions lynchings. One letter mentions a merchant being hung in Tyler County. The second mentions the execution of Robert D. Hoy for murdering Mrs. Smoot. ","","sn84026826","South Branch intelligencer (Romney, Va. [W....)",1835,8,1,"seq-2","ed-1",1,"West Virginia",839,1670,701256,145,"students","~/Code/hcij_lynching_phase_two/Storage_Older_Versions/latest_articles_aug23/16747_0.txt"
"179","16747_0.txt","became insolent, and notice was given","16747_0",16747,"0",1835-08-01,"https://articleextractor.org/pages/16747/wvu_queen_ver01/sn84026826/1835/08/01/ed-1/seq-2/1","Yes","","Yes, 20","","x","5 gamblers were hung by a mob in Vicksburg, MS. Two letters to the editor mentions lynchings. One letter mentions a merchant being hung in Tyler County. The second mentions the execution of Robert D. Hoy for murdering Mrs. Smoot. ","","sn84026826","South Branch intelligencer (Romney, Va. [W....)",1835,8,1,"seq-2","ed-1",1,"West Virginia",839,1670,701256,145,"students","~/Code/hcij_lynching_phase_two/Storage_Older_Versions/latest_articles_aug23/16747_0.txt"
"180","16747_0.txt","to them by the citizens to leave the","16747_0",16747,"0",1835-08-01,"https://articleextractor.org/pages/16747/wvu_queen_ver01/sn84026826/1835/08/01/ed-1/seq-2/1","Yes","","Yes, 20","","x","5 gamblers were hung by a mob in Vicksburg, MS. Two letters to the editor mentions lynchings. One letter mentions a merchant being hung in Tyler County. The second mentions the execution of Robert D. Hoy for murdering Mrs. Smoot. ","","sn84026826","South Branch intelligencer (Romney, Va. [W....)",1835,8,1,"seq-2","ed-1",1,"West Virginia",839,1670,701256,145,"students","~/Code/hcij_lynching_phase_two/Storage_Older_Versions/latest_articles_aug23/16747_0.txt"
"181","16747_0.txt","place. This they disregarded, and","16747_0",16747,"0",1835-08-01,"https://articleextractor.org/pages/16747/wvu_queen_ver01/sn84026826/1835/08/01/ed-1/seq-2/1","Yes","","Yes, 20","","x","5 gamblers were hung by a mob in Vicksburg, MS. Two letters to the editor mentions lynchings. One letter mentions a merchant being hung in Tyler County. The second mentions the execution of Robert D. Hoy for murdering Mrs. Smoot. ","","sn84026826","South Branch intelligencer (Romney, Va. [W....)",1835,8,1,"seq-2","ed-1",1,"West Virginia",839,1670,701256,145,"students","~/Code/hcij_lynching_phase_two/Storage_Older_Versions/latest_articles_aug23/16747_0.txt"
"182","16747_0.txt","remained. Two of them, in consequence","16747_0",16747,"0",1835-08-01,"https://articleextractor.org/pages/16747/wvu_queen_ver01/sn84026826/1835/08/01/ed-1/seq-2/1","Yes","","Yes, 20","","x","5 gamblers were hung by a mob in Vicksburg, MS. Two letters to the editor mentions lynchings. One letter mentions a merchant being hung in Tyler County. The second mentions the execution of Robert D. Hoy for murdering Mrs. Smoot. ","","sn84026826","South Branch intelligencer (Romney, Va. [W....)",1835,8,1,"seq-2","ed-1",1,"West Virginia",839,1670,701256,145,"students","~/Code/hcij_lynching_phase_two/Storage_Older_Versions/latest_articles_aug23/16747_0.txt"
"183","16747_0.txt",", were taken, and made to go","16747_0",16747,"0",1835-08-01,"https://articleextractor.org/pages/16747/wvu_queen_ver01/sn84026826/1835/08/01/ed-1/seq-2/1","Yes","","Yes, 20","","x","5 gamblers were hung by a mob in Vicksburg, MS. Two letters to the editor mentions lynchings. One letter mentions a merchant being hung in Tyler County. The second mentions the execution of Robert D. Hoy for murdering Mrs. Smoot. ","","sn84026826","South Branch intelligencer (Romney, Va. [W....)",1835,8,1,"seq-2","ed-1",1,"West Virginia",839,1670,701256,145,"students","~/Code/hcij_lynching_phase_two/Storage_Older_Versions/latest_articles_aug23/16747_0.txt"
"184","16747_0.txt","through the ceremony of tarring and","16747_0",16747,"0",1835-08-01,"https://articleextractor.org/pages/16747/wvu_queen_ver01/sn84026826/1835/08/01/ed-1/seq-2/1","Yes","","Yes, 20","","x","5 gamblers were hung by a mob in Vicksburg, MS. Two letters to the editor mentions lynchings. One letter mentions a merchant being hung in Tyler County. The second mentions the execution of Robert D. Hoy for murdering Mrs. Smoot. ","","sn84026826","South Branch intelligencer (Romney, Va. [W....)",1835,8,1,"seq-2","ed-1",1,"West Virginia",839,1670,701256,145,"students","~/Code/hcij_lynching_phase_two/Storage_Older_Versions/latest_articles_aug23/16747_0.txt"
"185","16747_0.txt","feathering, so well known& so often","16747_0",16747,"0",1835-08-01,"https://articleextractor.org/pages/16747/wvu_queen_ver01/sn84026826/1835/08/01/ed-1/seq-2/1","Yes","","Yes, 20","","x","5 gamblers were hung by a mob in Vicksburg, MS. Two letters to the editor mentions lynchings. One letter mentions a merchant being hung in Tyler County. The second mentions the execution of Robert D. Hoy for murdering Mrs. Smoot. ","","sn84026826","South Branch intelligencer (Romney, Va. [W....)",1835,8,1,"seq-2","ed-1",1,"West Virginia",839,1670,701256,145,"students","~/Code/hcij_lynching_phase_two/Storage_Older_Versions/latest_articles_aug23/16747_0.txt"
"186","16747_0.txt","practised in the West. These two left","16747_0",16747,"0",1835-08-01,"https://articleextractor.org/pages/16747/wvu_queen_ver01/sn84026826/1835/08/01/ed-1/seq-2/1","Yes","","Yes, 20","","x","5 gamblers were hung by a mob in Vicksburg, MS. Two letters to the editor mentions lynchings. One letter mentions a merchant being hung in Tyler County. The second mentions the execution of Robert D. Hoy for murdering Mrs. Smoot. ","","sn84026826","South Branch intelligencer (Romney, Va. [W....)",1835,8,1,"seq-2","ed-1",1,"West Virginia",839,1670,701256,145,"students","~/Code/hcij_lynching_phase_two/Storage_Older_Versions/latest_articles_aug23/16747_0.txt"
"187","16747_0.txt","the place, but the others, five in number","16747_0",16747,"0",1835-08-01,"https://articleextractor.org/pages/16747/wvu_queen_ver01/sn84026826/1835/08/01/ed-1/seq-2/1","Yes","","Yes, 20","","x","5 gamblers were hung by a mob in Vicksburg, MS. Two letters to the editor mentions lynchings. One letter mentions a merchant being hung in Tyler County. The second mentions the execution of Robert D. Hoy for murdering Mrs. Smoot. ","","sn84026826","South Branch intelligencer (Romney, Va. [W....)",1835,8,1,"seq-2","ed-1",1,"West Virginia",839,1670,701256,145,"students","~/Code/hcij_lynching_phase_two/Storage_Older_Versions/latest_articles_aug23/16747_0.txt"
"188","16747_0.txt",", armed themselves, and made a","16747_0",16747,"0",1835-08-01,"https://articleextractor.org/pages/16747/wvu_queen_ver01/sn84026826/1835/08/01/ed-1/seq-2/1","Yes","","Yes, 20","","x","5 gamblers were hung by a mob in Vicksburg, MS. Two letters to the editor mentions lynchings. One letter mentions a merchant being hung in Tyler County. The second mentions the execution of Robert D. Hoy for murdering Mrs. Smoot. ","","sn84026826","South Branch intelligencer (Romney, Va. [W....)",1835,8,1,"seq-2","ed-1",1,"West Virginia",839,1670,701256,145,"students","~/Code/hcij_lynching_phase_two/Storage_Older_Versions/latest_articles_aug23/16747_0.txt"
"189","16747_0.txt","fortress of their establishment, to which","16747_0",16747,"0",1835-08-01,"https://articleextractor.org/pages/16747/wvu_queen_ver01/sn84026826/1835/08/01/ed-1/seq-2/1","Yes","","Yes, 20","","x","5 gamblers were hung by a mob in Vicksburg, MS. Two letters to the editor mentions lynchings. One letter mentions a merchant being hung in Tyler County. The second mentions the execution of Robert D. Hoy for murdering Mrs. Smoot. ","","sn84026826","South Branch intelligencer (Romney, Va. [W....)",1835,8,1,"seq-2","ed-1",1,"West Virginia",839,1670,701256,145,"students","~/Code/hcij_lynching_phase_two/Storage_Older_Versions/latest_articles_aug23/16747_0.txt"
"190","16747_0.txt","the citizens repaired, and, after having","16747_0",16747,"0",1835-08-01,"https://articleextractor.org/pages/16747/wvu_queen_ver01/sn84026826/1835/08/01/ed-1/seq-2/1","Yes","","Yes, 20","","x","5 gamblers were hung by a mob in Vicksburg, MS. Two letters to the editor mentions lynchings. One letter mentions a merchant being hung in Tyler County. The second mentions the execution of Robert D. Hoy for murdering Mrs. Smoot. ","","sn84026826","South Branch intelligencer (Romney, Va. [W....)",1835,8,1,"seq-2","ed-1",1,"West Virginia",839,1670,701256,145,"students","~/Code/hcij_lynching_phase_two/Storage_Older_Versions/latest_articles_aug23/16747_0.txt"
"191","16747_0.txt","forced the doors, rushed in. Dr. Bod-","16747_0",16747,"0",1835-08-01,"https://articleextractor.org/pages/16747/wvu_queen_ver01/sn84026826/1835/08/01/ed-1/seq-2/1","Yes","","Yes, 20","","x","5 gamblers were hung by a mob in Vicksburg, MS. Two letters to the editor mentions lynchings. One letter mentions a merchant being hung in Tyler County. The second mentions the execution of Robert D. Hoy for murdering Mrs. Smoot. ","","sn84026826","South Branch intelligencer (Romney, Va. [W....)",1835,8,1,"seq-2","ed-1",1,"West Virginia",839,1670,701256,145,"students","~/Code/hcij_lynching_phase_two/Storage_Older_Versions/latest_articles_aug23/16747_0.txt"
"192","16747_0.txt","ley, the first person who entered, re.","16747_0",16747,"0",1835-08-01,"https://articleextractor.org/pages/16747/wvu_queen_ver01/sn84026826/1835/08/01/ed-1/seq-2/1","Yes","","Yes, 20","","x","5 gamblers were hung by a mob in Vicksburg, MS. Two letters to the editor mentions lynchings. One letter mentions a merchant being hung in Tyler County. The second mentions the execution of Robert D. Hoy for murdering Mrs. Smoot. ","","sn84026826","South Branch intelligencer (Romney, Va. [W....)",1835,8,1,"seq-2","ed-1",1,"West Virginia",839,1670,701256,145,"students","~/Code/hcij_lynching_phase_two/Storage_Older_Versions/latest_articles_aug23/16747_0.txt"
"193","16747_0.txt","ceived eleven balls through his body,","16747_0",16747,"0",1835-08-01,"https://articleextractor.org/pages/16747/wvu_queen_ver01/sn84026826/1835/08/01/ed-1/seq-2/1","Yes","","Yes, 20","","x","5 gamblers were hung by a mob in Vicksburg, MS. Two letters to the editor mentions lynchings. One letter mentions a merchant being hung in Tyler County. The second mentions the execution of Robert D. Hoy for murdering Mrs. Smoot. ","","sn84026826","South Branch intelligencer (Romney, Va. [W....)",1835,8,1,"seq-2","ed-1",1,"West Virginia",839,1670,701256,145,"students","~/Code/hcij_lynching_phase_two/Storage_Older_Versions/latest_articles_aug23/16747_0.txt"
"194","16747_0.txt","and fell dead instantly. The death of","16747_0",16747,"0",1835-08-01,"https://articleextractor.org/pages/16747/wvu_queen_ver01/sn84026826/1835/08/01/ed-1/seq-2/1","Yes","","Yes, 20","","x","5 gamblers were hung by a mob in Vicksburg, MS. Two letters to the editor mentions lynchings. One letter mentions a merchant being hung in Tyler County. The second mentions the execution of Robert D. Hoy for murdering Mrs. Smoot. ","","sn84026826","South Branch intelligencer (Romney, Va. [W....)",1835,8,1,"seq-2","ed-1",1,"West Virginia",839,1670,701256,145,"students","~/Code/hcij_lynching_phase_two/Storage_Older_Versions/latest_articles_aug23/16747_0.txt"
"195","16747_0.txt","the doctor excited the people to the","16747_0",16747,"0",1835-08-01,"https://articleextractor.org/pages/16747/wvu_queen_ver01/sn84026826/1835/08/01/ed-1/seq-2/1","Yes","","Yes, 20","","x","5 gamblers were hung by a mob in Vicksburg, MS. Two letters to the editor mentions lynchings. One letter mentions a merchant being hung in Tyler County. The second mentions the execution of Robert D. Hoy for murdering Mrs. Smoot. ","","sn84026826","South Branch intelligencer (Romney, Va. [W....)",1835,8,1,"seq-2","ed-1",1,"West Virginia",839,1670,701256,145,"students","~/Code/hcij_lynching_phase_two/Storage_Older_Versions/latest_articles_aug23/16747_0.txt"
"196","16747_0.txt","highest degree of wrath; and, having","16747_0",16747,"0",1835-08-01,"https://articleextractor.org/pages/16747/wvu_queen_ver01/sn84026826/1835/08/01/ed-1/seq-2/1","Yes","","Yes, 20","","x","5 gamblers were hung by a mob in Vicksburg, MS. Two letters to the editor mentions lynchings. One letter mentions a merchant being hung in Tyler County. The second mentions the execution of Robert D. Hoy for murdering Mrs. Smoot. ","","sn84026826","South Branch intelligencer (Romney, Va. [W....)",1835,8,1,"seq-2","ed-1",1,"West Virginia",839,1670,701256,145,"students","~/Code/hcij_lynching_phase_two/Storage_Older_Versions/latest_articles_aug23/16747_0.txt"
"197","16747_0.txt","seized the gamblers, they lost no time","16747_0",16747,"0",1835-08-01,"https://articleextractor.org/pages/16747/wvu_queen_ver01/sn84026826/1835/08/01/ed-1/seq-2/1","Yes","","Yes, 20","","x","5 gamblers were hung by a mob in Vicksburg, MS. Two letters to the editor mentions lynchings. One letter mentions a merchant being hung in Tyler County. The second mentions the execution of Robert D. Hoy for murdering Mrs. Smoot. ","","sn84026826","South Branch intelligencer (Romney, Va. [W....)",1835,8,1,"seq-2","ed-1",1,"West Virginia",839,1670,701256,145,"students","~/Code/hcij_lynching_phase_two/Storage_Older_Versions/latest_articles_aug23/16747_0.txt"
"198","16747_0.txt","in hanging the whole five, who remained","16747_0",16747,"0",1835-08-01,"https://articleextractor.org/pages/16747/wvu_queen_ver01/sn84026826/1835/08/01/ed-1/seq-2/1","Yes","","Yes, 20","","x","5 gamblers were hung by a mob in Vicksburg, MS. Two letters to the editor mentions lynchings. One letter mentions a merchant being hung in Tyler County. The second mentions the execution of Robert D. Hoy for murdering Mrs. Smoot. ","","sn84026826","South Branch intelligencer (Romney, Va. [W....)",1835,8,1,"seq-2","ed-1",1,"West Virginia",839,1670,701256,145,"students","~/Code/hcij_lynching_phase_two/Storage_Older_Versions/latest_articles_aug23/16747_0.txt"
"199","16747_0.txt","suspended twenty- four hours. Per","16747_0",16747,"0",1835-08-01,"https://articleextractor.org/pages/16747/wvu_queen_ver01/sn84026826/1835/08/01/ed-1/seq-2/1","Yes","","Yes, 20","","x","5 gamblers were hung by a mob in Vicksburg, MS. Two letters to the editor mentions lynchings. One letter mentions a merchant being hung in Tyler County. The second mentions the execution of Robert D. Hoy for murdering Mrs. Smoot. ","","sn84026826","South Branch intelligencer (Romney, Va. [W....)",1835,8,1,"seq-2","ed-1",1,"West Virginia",839,1670,701256,145,"students","~/Code/hcij_lynching_phase_two/Storage_Older_Versions/latest_articles_aug23/16747_0.txt"
"200","16747_0.txt","haps justice was done them. It is reted","16747_0",16747,"0",1835-08-01,"https://articleextractor.org/pages/16747/wvu_queen_ver01/sn84026826/1835/08/01/ed-1/seq-2/1","Yes","","Yes, 20","","x","5 gamblers were hung by a mob in Vicksburg, MS. Two letters to the editor mentions lynchings. One letter mentions a merchant being hung in Tyler County. The second mentions the execution of Robert D. Hoy for murdering Mrs. Smoot. ","","sn84026826","South Branch intelligencer (Romney, Va. [W....)",1835,8,1,"seq-2","ed-1",1,"West Virginia",839,1670,701256,145,"students","~/Code/hcij_lynching_phase_two/Storage_Older_Versions/latest_articles_aug23/16747_0.txt"
"201","16747_0.txt","ported that they had several times be","16747_0",16747,"0",1835-08-01,"https://articleextractor.org/pages/16747/wvu_queen_ver01/sn84026826/1835/08/01/ed-1/seq-2/1","Yes","","Yes, 20","","x","5 gamblers were hung by a mob in Vicksburg, MS. Two letters to the editor mentions lynchings. One letter mentions a merchant being hung in Tyler County. The second mentions the execution of Robert D. Hoy for murdering Mrs. Smoot. ","","sn84026826","South Branch intelligencer (Romney, Va. [W....)",1835,8,1,"seq-2","ed-1",1,"West Virginia",839,1670,701256,145,"students","~/Code/hcij_lynching_phase_two/Storage_Older_Versions/latest_articles_aug23/16747_0.txt"
"202","16747_0.txt","fore escaped legal justice.","16747_0",16747,"0",1835-08-01,"https://articleextractor.org/pages/16747/wvu_queen_ver01/sn84026826/1835/08/01/ed-1/seq-2/1","Yes","","Yes, 20","","x","5 gamblers were hung by a mob in Vicksburg, MS. Two letters to the editor mentions lynchings. One letter mentions a merchant being hung in Tyler County. The second mentions the execution of Robert D. Hoy for murdering Mrs. Smoot. ","","sn84026826","South Branch intelligencer (Romney, Va. [W....)",1835,8,1,"seq-2","ed-1",1,"West Virginia",839,1670,701256,145,"students","~/Code/hcij_lynching_phase_two/Storage_Older_Versions/latest_articles_aug23/16747_0.txt"
"203","16747_0.txt","Another account says- They post","16747_0",16747,"0",1835-08-01,"https://articleextractor.org/pages/16747/wvu_queen_ver01/sn84026826/1835/08/01/ed-1/seq-2/1","Yes","","Yes, 20","","x","5 gamblers were hung by a mob in Vicksburg, MS. Two letters to the editor mentions lynchings. One letter mentions a merchant being hung in Tyler County. The second mentions the execution of Robert D. Hoy for murdering Mrs. Smoot. ","","sn84026826","South Branch intelligencer (Romney, Va. [W....)",1835,8,1,"seq-2","ed-1",1,"West Virginia",839,1670,701256,145,"students","~/Code/hcij_lynching_phase_two/Storage_Older_Versions/latest_articles_aug23/16747_0.txt"
"204","16747_0.txt","ed centries, and gave notice that any","16747_0",16747,"0",1835-08-01,"https://articleextractor.org/pages/16747/wvu_queen_ver01/sn84026826/1835/08/01/ed-1/seq-2/1","Yes","","Yes, 20","","x","5 gamblers were hung by a mob in Vicksburg, MS. Two letters to the editor mentions lynchings. One letter mentions a merchant being hung in Tyler County. The second mentions the execution of Robert D. Hoy for murdering Mrs. Smoot. ","","sn84026826","South Branch intelligencer (Romney, Va. [W....)",1835,8,1,"seq-2","ed-1",1,"West Virginia",839,1670,701256,145,"students","~/Code/hcij_lynching_phase_two/Storage_Older_Versions/latest_articles_aug23/16747_0.txt"
"205","16747_0.txt","person who approached them for 24","16747_0",16747,"0",1835-08-01,"https://articleextractor.org/pages/16747/wvu_queen_ver01/sn84026826/1835/08/01/ed-1/seq-2/1","Yes","","Yes, 20","","x","5 gamblers were hung by a mob in Vicksburg, MS. Two letters to the editor mentions lynchings. One letter mentions a merchant being hung in Tyler County. The second mentions the execution of Robert D. Hoy for murdering Mrs. Smoot. ","","sn84026826","South Branch intelligencer (Romney, Va. [W....)",1835,8,1,"seq-2","ed-1",1,"West Virginia",839,1670,701256,145,"students","~/Code/hcij_lynching_phase_two/Storage_Older_Versions/latest_articles_aug23/16747_0.txt"
"206","16747_0.txt","hours would be served likewise. All the","16747_0",16747,"0",1835-08-01,"https://articleextractor.org/pages/16747/wvu_queen_ver01/sn84026826/1835/08/01/ed-1/seq-2/1","Yes","","Yes, 20","","x","5 gamblers were hung by a mob in Vicksburg, MS. Two letters to the editor mentions lynchings. One letter mentions a merchant being hung in Tyler County. The second mentions the execution of Robert D. Hoy for murdering Mrs. Smoot. ","","sn84026826","South Branch intelligencer (Romney, Va. [W....)",1835,8,1,"seq-2","ed-1",1,"West Virginia",839,1670,701256,145,"students","~/Code/hcij_lynching_phase_two/Storage_Older_Versions/latest_articles_aug23/16747_0.txt"
"207","16747_0.txt","money which was of large amount was","16747_0",16747,"0",1835-08-01,"https://articleextractor.org/pages/16747/wvu_queen_ver01/sn84026826/1835/08/01/ed-1/seq-2/1","Yes","","Yes, 20","","x","5 gamblers were hung by a mob in Vicksburg, MS. Two letters to the editor mentions lynchings. One letter mentions a merchant being hung in Tyler County. The second mentions the execution of Robert D. Hoy for murdering Mrs. Smoot. ","","sn84026826","South Branch intelligencer (Romney, Va. [W....)",1835,8,1,"seq-2","ed-1",1,"West Virginia",839,1670,701256,145,"students","~/Code/hcij_lynching_phase_two/Storage_Older_Versions/latest_articles_aug23/16747_0.txt"
"208","16747_0.txt","piled upon a table before the suspended","16747_0",16747,"0",1835-08-01,"https://articleextractor.org/pages/16747/wvu_queen_ver01/sn84026826/1835/08/01/ed-1/seq-2/1","Yes","","Yes, 20","","x","5 gamblers were hung by a mob in Vicksburg, MS. Two letters to the editor mentions lynchings. One letter mentions a merchant being hung in Tyler County. The second mentions the execution of Robert D. Hoy for murdering Mrs. Smoot. ","","sn84026826","South Branch intelligencer (Romney, Va. [W....)",1835,8,1,"seq-2","ed-1",1,"West Virginia",839,1670,701256,145,"students","~/Code/hcij_lynching_phase_two/Storage_Older_Versions/latest_articles_aug23/16747_0.txt"
"209","16747_0.txt","bodies, and the committee paid it away","16747_0",16747,"0",1835-08-01,"https://articleextractor.org/pages/16747/wvu_queen_ver01/sn84026826/1835/08/01/ed-1/seq-2/1","Yes","","Yes, 20","","x","5 gamblers were hung by a mob in Vicksburg, MS. Two letters to the editor mentions lynchings. One letter mentions a merchant being hung in Tyler County. The second mentions the execution of Robert D. Hoy for murdering Mrs. Smoot. ","","sn84026826","South Branch intelligencer (Romney, Va. [W....)",1835,8,1,"seq-2","ed-1",1,"West Virginia",839,1670,701256,145,"students","~/Code/hcij_lynching_phase_two/Storage_Older_Versions/latest_articles_aug23/16747_0.txt"
"210","16747_0.txt","to all who could prove they had lost","16747_0",16747,"0",1835-08-01,"https://articleextractor.org/pages/16747/wvu_queen_ver01/sn84026826/1835/08/01/ed-1/seq-2/1","Yes","","Yes, 20","","x","5 gamblers were hung by a mob in Vicksburg, MS. Two letters to the editor mentions lynchings. One letter mentions a merchant being hung in Tyler County. The second mentions the execution of Robert D. Hoy for murdering Mrs. Smoot. ","","sn84026826","South Branch intelligencer (Romney, Va. [W....)",1835,8,1,"seq-2","ed-1",1,"West Virginia",839,1670,701256,145,"students","~/Code/hcij_lynching_phase_two/Storage_Older_Versions/latest_articles_aug23/16747_0.txt"
"211","16747_0.txt","money at the house. About twelve or","16747_0",16747,"0",1835-08-01,"https://articleextractor.org/pages/16747/wvu_queen_ver01/sn84026826/1835/08/01/ed-1/seq-2/1","Yes","","Yes, 20","","x","5 gamblers were hung by a mob in Vicksburg, MS. Two letters to the editor mentions lynchings. One letter mentions a merchant being hung in Tyler County. The second mentions the execution of Robert D. Hoy for murdering Mrs. Smoot. ","","sn84026826","South Branch intelligencer (Romney, Va. [W....)",1835,8,1,"seq-2","ed-1",1,"West Virginia",839,1670,701256,145,"students","~/Code/hcij_lynching_phase_two/Storage_Older_Versions/latest_articles_aug23/16747_0.txt"
"212","16747_0.txt","fifteen persons in connection with the","16747_0",16747,"0",1835-08-01,"https://articleextractor.org/pages/16747/wvu_queen_ver01/sn84026826/1835/08/01/ed-1/seq-2/1","Yes","","Yes, 20","","x","5 gamblers were hung by a mob in Vicksburg, MS. Two letters to the editor mentions lynchings. One letter mentions a merchant being hung in Tyler County. The second mentions the execution of Robert D. Hoy for murdering Mrs. Smoot. ","","sn84026826","South Branch intelligencer (Romney, Va. [W....)",1835,8,1,"seq-2","ed-1",1,"West Virginia",839,1670,701256,145,"students","~/Code/hcij_lynching_phase_two/Storage_Older_Versions/latest_articles_aug23/16747_0.txt"
"213","16747_0.txt","house, started for this city in haste to","16747_0",16747,"0",1835-08-01,"https://articleextractor.org/pages/16747/wvu_queen_ver01/sn84026826/1835/08/01/ed-1/seq-2/1","Yes","","Yes, 20","","x","5 gamblers were hung by a mob in Vicksburg, MS. Two letters to the editor mentions lynchings. One letter mentions a merchant being hung in Tyler County. The second mentions the execution of Robert D. Hoy for murdering Mrs. Smoot. ","","sn84026826","South Branch intelligencer (Romney, Va. [W....)",1835,8,1,"seq-2","ed-1",1,"West Virginia",839,1670,701256,145,"students","~/Code/hcij_lynching_phase_two/Storage_Older_Versions/latest_articles_aug23/16747_0.txt"
"214","16747_0.txt","avoid a similar fate. These are the","16747_0",16747,"0",1835-08-01,"https://articleextractor.org/pages/16747/wvu_queen_ver01/sn84026826/1835/08/01/ed-1/seq-2/1","Yes","","Yes, 20","","x","5 gamblers were hung by a mob in Vicksburg, MS. Two letters to the editor mentions lynchings. One letter mentions a merchant being hung in Tyler County. The second mentions the execution of Robert D. Hoy for murdering Mrs. Smoot. ","","sn84026826","South Branch intelligencer (Romney, Va. [W....)",1835,8,1,"seq-2","ed-1",1,"West Virginia",839,1670,701256,145,"students","~/Code/hcij_lynching_phase_two/Storage_Older_Versions/latest_articles_aug23/16747_0.txt"
"215","16747_0.txt","particulars as we have heard them-","16747_0",16747,"0",1835-08-01,"https://articleextractor.org/pages/16747/wvu_queen_ver01/sn84026826/1835/08/01/ed-1/seq-2/1","Yes","","Yes, 20","","x","5 gamblers were hung by a mob in Vicksburg, MS. Two letters to the editor mentions lynchings. One letter mentions a merchant being hung in Tyler County. The second mentions the execution of Robert D. Hoy for murdering Mrs. Smoot. ","","sn84026826","South Branch intelligencer (Romney, Va. [W....)",1835,8,1,"seq-2","ed-1",1,"West Virginia",839,1670,701256,145,"students","~/Code/hcij_lynching_phase_two/Storage_Older_Versions/latest_articles_aug23/16747_0.txt"
"216","16747_0.txt","we shall make no comments upon so","16747_0",16747,"0",1835-08-01,"https://articleextractor.org/pages/16747/wvu_queen_ver01/sn84026826/1835/08/01/ed-1/seq-2/1","Yes","","Yes, 20","","x","5 gamblers were hung by a mob in Vicksburg, MS. Two letters to the editor mentions lynchings. One letter mentions a merchant being hung in Tyler County. The second mentions the execution of Robert D. Hoy for murdering Mrs. Smoot. ","","sn84026826","South Branch intelligencer (Romney, Va. [W....)",1835,8,1,"seq-2","ed-1",1,"West Virginia",839,1670,701256,145,"students","~/Code/hcij_lynching_phase_two/Storage_Older_Versions/latest_articles_aug23/16747_0.txt"
"217","16747_0.txt","dreadful an occurrence, hoping the ac","16747_0",16747,"0",1835-08-01,"https://articleextractor.org/pages/16747/wvu_queen_ver01/sn84026826/1835/08/01/ed-1/seq-2/1","Yes","","Yes, 20","","x","5 gamblers were hung by a mob in Vicksburg, MS. Two letters to the editor mentions lynchings. One letter mentions a merchant being hung in Tyler County. The second mentions the execution of Robert D. Hoy for murdering Mrs. Smoot. ","","sn84026826","South Branch intelligencer (Romney, Va. [W....)",1835,8,1,"seq-2","ed-1",1,"West Virginia",839,1670,701256,145,"students","~/Code/hcij_lynching_phase_two/Storage_Older_Versions/latest_articles_aug23/16747_0.txt"
"218","16747_0.txt","counts have been exaggerated.","16747_0",16747,"0",1835-08-01,"https://articleextractor.org/pages/16747/wvu_queen_ver01/sn84026826/1835/08/01/ed-1/seq-2/1","Yes","","Yes, 20","","x","5 gamblers were hung by a mob in Vicksburg, MS. Two letters to the editor mentions lynchings. One letter mentions a merchant being hung in Tyler County. The second mentions the execution of Robert D. Hoy for murdering Mrs. Smoot. ","","sn84026826","South Branch intelligencer (Romney, Va. [W....)",1835,8,1,"seq-2","ed-1",1,"West Virginia",839,1670,701256,145,"students","~/Code/hcij_lynching_phase_two/Storage_Older_Versions/latest_articles_aug23/16747_0.txt"
"219","16747_0.txt","Since the above was in type we","16747_0",16747,"0",1835-08-01,"https://articleextractor.org/pages/16747/wvu_queen_ver01/sn84026826/1835/08/01/ed-1/seq-2/1","Yes","","Yes, 20","","x","5 gamblers were hung by a mob in Vicksburg, MS. Two letters to the editor mentions lynchings. One letter mentions a merchant being hung in Tyler County. The second mentions the execution of Robert D. Hoy for murdering Mrs. Smoot. ","","sn84026826","South Branch intelligencer (Romney, Va. [W....)",1835,8,1,"seq-2","ed-1",1,"West Virginia",839,1670,701256,145,"students","~/Code/hcij_lynching_phase_two/Storage_Older_Versions/latest_articles_aug23/16747_0.txt"
"220","16747_0.txt","have heard that Dr. Bodley was murdered","16747_0",16747,"0",1835-08-01,"https://articleextractor.org/pages/16747/wvu_queen_ver01/sn84026826/1835/08/01/ed-1/seq-2/1","Yes","","Yes, 20","","x","5 gamblers were hung by a mob in Vicksburg, MS. Two letters to the editor mentions lynchings. One letter mentions a merchant being hung in Tyler County. The second mentions the execution of Robert D. Hoy for murdering Mrs. Smoot. ","","sn84026826","South Branch intelligencer (Romney, Va. [W....)",1835,8,1,"seq-2","ed-1",1,"West Virginia",839,1670,701256,145,"students","~/Code/hcij_lynching_phase_two/Storage_Older_Versions/latest_articles_aug23/16747_0.txt"
"221","16747_0.txt","in the gaming house, after hav-","16747_0",16747,"0",1835-08-01,"https://articleextractor.org/pages/16747/wvu_queen_ver01/sn84026826/1835/08/01/ed-1/seq-2/1","Yes","","Yes, 20","","x","5 gamblers were hung by a mob in Vicksburg, MS. Two letters to the editor mentions lynchings. One letter mentions a merchant being hung in Tyler County. The second mentions the execution of Robert D. Hoy for murdering Mrs. Smoot. ","","sn84026826","South Branch intelligencer (Romney, Va. [W....)",1835,8,1,"seq-2","ed-1",1,"West Virginia",839,1670,701256,145,"students","~/Code/hcij_lynching_phase_two/Storage_Older_Versions/latest_articles_aug23/16747_0.txt"
"222","16747_0.txt","won a considerable sum of money","16747_0",16747,"0",1835-08-01,"https://articleextractor.org/pages/16747/wvu_queen_ver01/sn84026826/1835/08/01/ed-1/seq-2/1","Yes","","Yes, 20","","x","5 gamblers were hung by a mob in Vicksburg, MS. Two letters to the editor mentions lynchings. One letter mentions a merchant being hung in Tyler County. The second mentions the execution of Robert D. Hoy for murdering Mrs. Smoot. ","","sn84026826","South Branch intelligencer (Romney, Va. [W....)",1835,8,1,"seq-2","ed-1",1,"West Virginia",839,1670,701256,145,"students","~/Code/hcij_lynching_phase_two/Storage_Older_Versions/latest_articles_aug23/16747_0.txt"
"223","16747_0.txt","at the table, which was the original","16747_0",16747,"0",1835-08-01,"https://articleextractor.org/pages/16747/wvu_queen_ver01/sn84026826/1835/08/01/ed-1/seq-2/1","Yes","","Yes, 20","","x","5 gamblers were hung by a mob in Vicksburg, MS. Two letters to the editor mentions lynchings. One letter mentions a merchant being hung in Tyler County. The second mentions the execution of Robert D. Hoy for murdering Mrs. Smoot. ","","sn84026826","South Branch intelligencer (Romney, Va. [W....)",1835,8,1,"seq-2","ed-1",1,"West Virginia",839,1670,701256,145,"students","~/Code/hcij_lynching_phase_two/Storage_Older_Versions/latest_articles_aug23/16747_0.txt"
"224","16747_0.txt","cause of this execution of summary","16747_0",16747,"0",1835-08-01,"https://articleextractor.org/pages/16747/wvu_queen_ver01/sn84026826/1835/08/01/ed-1/seq-2/1","Yes","","Yes, 20","","x","5 gamblers were hung by a mob in Vicksburg, MS. Two letters to the editor mentions lynchings. One letter mentions a merchant being hung in Tyler County. The second mentions the execution of Robert D. Hoy for murdering Mrs. Smoot. ","","sn84026826","South Branch intelligencer (Romney, Va. [W....)",1835,8,1,"seq-2","ed-1",1,"West Virginia",839,1670,701256,145,"students","~/Code/hcij_lynching_phase_two/Storage_Older_Versions/latest_articles_aug23/16747_0.txt"
"225","16747_0.txt","justice, or Lynch Law as it is called.","16747_0",16747,"0",1835-08-01,"https://articleextractor.org/pages/16747/wvu_queen_ver01/sn84026826/1835/08/01/ed-1/seq-2/1","Yes","","Yes, 20","","x","5 gamblers were hung by a mob in Vicksburg, MS. Two letters to the editor mentions lynchings. One letter mentions a merchant being hung in Tyler County. The second mentions the execution of Robert D. Hoy for murdering Mrs. Smoot. ","","sn84026826","South Branch intelligencer (Romney, Va. [W....)",1835,8,1,"seq-2","ed-1",1,"West Virginia",839,1670,701256,145,"students","~/Code/hcij_lynching_phase_two/Storage_Older_Versions/latest_articles_aug23/16747_0.txt"
"226","16747_0.txt","The persons executed were, Mr. North,","16747_0",16747,"0",1835-08-01,"https://articleextractor.org/pages/16747/wvu_queen_ver01/sn84026826/1835/08/01/ed-1/seq-2/1","Yes","","Yes, 20","","x","5 gamblers were hung by a mob in Vicksburg, MS. Two letters to the editor mentions lynchings. One letter mentions a merchant being hung in Tyler County. The second mentions the execution of Robert D. Hoy for murdering Mrs. Smoot. ","","sn84026826","South Branch intelligencer (Romney, Va. [W....)",1835,8,1,"seq-2","ed-1",1,"West Virginia",839,1670,701256,145,"students","~/Code/hcij_lynching_phase_two/Storage_Older_Versions/latest_articles_aug23/16747_0.txt"
"227","16747_0.txt","who kept a tavern, Dutch Bill, his bar","16747_0",16747,"0",1835-08-01,"https://articleextractor.org/pages/16747/wvu_queen_ver01/sn84026826/1835/08/01/ed-1/seq-2/1","Yes","","Yes, 20","","x","5 gamblers were hung by a mob in Vicksburg, MS. Two letters to the editor mentions lynchings. One letter mentions a merchant being hung in Tyler County. The second mentions the execution of Robert D. Hoy for murdering Mrs. Smoot. ","","sn84026826","South Branch intelligencer (Romney, Va. [W....)",1835,8,1,"seq-2","ed-1",1,"West Virginia",839,1670,701256,145,"students","~/Code/hcij_lynching_phase_two/Storage_Older_Versions/latest_articles_aug23/16747_0.txt"
"228","16747_0.txt","keeper, Mr. Samuel Smith, Mr. Cull-","16747_0",16747,"0",1835-08-01,"https://articleextractor.org/pages/16747/wvu_queen_ver01/sn84026826/1835/08/01/ed-1/seq-2/1","Yes","","Yes, 20","","x","5 gamblers were hung by a mob in Vicksburg, MS. Two letters to the editor mentions lynchings. One letter mentions a merchant being hung in Tyler County. The second mentions the execution of Robert D. Hoy for murdering Mrs. Smoot. ","","sn84026826","South Branch intelligencer (Romney, Va. [W....)",1835,8,1,"seq-2","ed-1",1,"West Virginia",839,1670,701256,145,"students","~/Code/hcij_lynching_phase_two/Storage_Older_Versions/latest_articles_aug23/16747_0.txt"
"229","16747_0.txt","Mr.","16747_0",16747,"0",1835-08-01,"https://articleextractor.org/pages/16747/wvu_queen_ver01/sn84026826/1835/08/01/ed-1/seq-2/1","Yes","","Yes, 20","","x","5 gamblers were hung by a mob in Vicksburg, MS. Two letters to the editor mentions lynchings. One letter mentions a merchant being hung in Tyler County. The second mentions the execution of Robert D. Hoy for murdering Mrs. Smoot. ","","sn84026826","South Branch intelligencer (Romney, Va. [W....)",1835,8,1,"seq-2","ed-1",1,"West Virginia",839,1670,701256,145,"students","~/Code/hcij_lynching_phase_two/Storage_Older_Versions/latest_articles_aug23/16747_0.txt"
"230","16747_0.txt","um, and","16747_0",16747,"0",1835-08-01,"https://articleextractor.org/pages/16747/wvu_queen_ver01/sn84026826/1835/08/01/ed-1/seq-2/1","Yes","","Yes, 20","","x","5 gamblers were hung by a mob in Vicksburg, MS. Two letters to the editor mentions lynchings. One letter mentions a merchant being hung in Tyler County. The second mentions the execution of Robert D. Hoy for murdering Mrs. Smoot. ","","sn84026826","South Branch intelligencer (Romney, Va. [W....)",1835,8,1,"seq-2","ed-1",1,"West Virginia",839,1670,701256,145,"students","~/Code/hcij_lynching_phase_two/Storage_Older_Versions/latest_articles_aug23/16747_0.txt"
"231","16748_0.txt","Lynch Law- Abolitionists,& c.","16748_0",16748,"0",1835-09-05,"https://articleextractor.org/pages/16748/wvu_queen_ver01/sn84026826/1835/09/05/ed-1/seq-2/1","Yes","","","","x","Under a """"Lynch Law"""" headline mentions the execution of two men from the Memphis Gazette.","","sn84026826","South Branch intelligencer (Romney, Va. [W....)",1835,9,5,"seq-2","ed-1",1,"West Virginia",840,1671,701283,146,"students","~/Code/hcij_lynching_phase_two/Storage_Older_Versions/latest_articles_aug23/16748_0.txt"
"232","16748_0.txt","The Memphis Gazette of the 8th","16748_0",16748,"0",1835-09-05,"https://articleextractor.org/pages/16748/wvu_queen_ver01/sn84026826/1835/09/05/ed-1/seq-2/1","Yes","","","","x","Under a """"Lynch Law"""" headline mentions the execution of two men from the Memphis Gazette.","","sn84026826","South Branch intelligencer (Romney, Va. [W....)",1835,9,5,"seq-2","ed-1",1,"West Virginia",840,1671,701283,146,"students","~/Code/hcij_lynching_phase_two/Storage_Older_Versions/latest_articles_aug23/16748_0.txt"
"233","16748_0.txt","ult. states, on the authority of a gen-","16748_0",16748,"0",1835-09-05,"https://articleextractor.org/pages/16748/wvu_queen_ver01/sn84026826/1835/09/05/ed-1/seq-2/1","Yes","","","","x","Under a """"Lynch Law"""" headline mentions the execution of two men from the Memphis Gazette.","","sn84026826","South Branch intelligencer (Romney, Va. [W....)",1835,9,5,"seq-2","ed-1",1,"West Virginia",840,1671,701283,146,"students","~/Code/hcij_lynching_phase_two/Storage_Older_Versions/latest_articles_aug23/16748_0.txt"
"234","16748_0.txt","tleman just from Vicksburgh, that two","16748_0",16748,"0",1835-09-05,"https://articleextractor.org/pages/16748/wvu_queen_ver01/sn84026826/1835/09/05/ed-1/seq-2/1","Yes","","","","x","Under a """"Lynch Law"""" headline mentions the execution of two men from the Memphis Gazette.","","sn84026826","South Branch intelligencer (Romney, Va. [W....)",1835,9,5,"seq-2","ed-1",1,"West Virginia",840,1671,701283,146,"students","~/Code/hcij_lynching_phase_two/Storage_Older_Versions/latest_articles_aug23/16748_0.txt"
"235","16748_0.txt","men, one named Urley, a notorious","16748_0",16748,"0",1835-09-05,"https://articleextractor.org/pages/16748/wvu_queen_ver01/sn84026826/1835/09/05/ed-1/seq-2/1","Yes","","","","x","Under a """"Lynch Law"""" headline mentions the execution of two men from the Memphis Gazette.","","sn84026826","South Branch intelligencer (Romney, Va. [W....)",1835,9,5,"seq-2","ed-1",1,"West Virginia",840,1671,701283,146,"students","~/Code/hcij_lynching_phase_two/Storage_Older_Versions/latest_articles_aug23/16748_0.txt"
"236","16748_0.txt","negro thief and counterfeiter, were summarily","16748_0",16748,"0",1835-09-05,"https://articleextractor.org/pages/16748/wvu_queen_ver01/sn84026826/1835/09/05/ed-1/seq-2/1","Yes","","","","x","Under a """"Lynch Law"""" headline mentions the execution of two men from the Memphis Gazette.","","sn84026826","South Branch intelligencer (Romney, Va. [W....)",1835,9,5,"seq-2","ed-1",1,"West Virginia",840,1671,701283,146,"students","~/Code/hcij_lynching_phase_two/Storage_Older_Versions/latest_articles_aug23/16748_0.txt"
"237","16748_0.txt","executed a few days before by","16748_0",16748,"0",1835-09-05,"https://articleextractor.org/pages/16748/wvu_queen_ver01/sn84026826/1835/09/05/ed-1/seq-2/1","Yes","","","","x","Under a """"Lynch Law"""" headline mentions the execution of two men from the Memphis Gazette.","","sn84026826","South Branch intelligencer (Romney, Va. [W....)",1835,9,5,"seq-2","ed-1",1,"West Virginia",840,1671,701283,146,"students","~/Code/hcij_lynching_phase_two/Storage_Older_Versions/latest_articles_aug23/16748_0.txt"
"238","16748_0.txt","the citizens. The other man whose","16748_0",16748,"0",1835-09-05,"https://articleextractor.org/pages/16748/wvu_queen_ver01/sn84026826/1835/09/05/ed-1/seq-2/1","Yes","","","","x","Under a """"Lynch Law"""" headline mentions the execution of two men from the Memphis Gazette.","","sn84026826","South Branch intelligencer (Romney, Va. [W....)",1835,9,5,"seq-2","ed-1",1,"West Virginia",840,1671,701283,146,"students","~/Code/hcij_lynching_phase_two/Storage_Older_Versions/latest_articles_aug23/16748_0.txt"
"239","16748_0.txt","name he had forgotten, belonged to a","16748_0",16748,"0",1835-09-05,"https://articleextractor.org/pages/16748/wvu_queen_ver01/sn84026826/1835/09/05/ed-1/seq-2/1","Yes","","","","x","Under a """"Lynch Law"""" headline mentions the execution of two men from the Memphis Gazette.","","sn84026826","South Branch intelligencer (Romney, Va. [W....)",1835,9,5,"seq-2","ed-1",1,"West Virginia",840,1671,701283,146,"students","~/Code/hcij_lynching_phase_two/Storage_Older_Versions/latest_articles_aug23/16748_0.txt"
"240","16748_0.txt","which has for sometime infested","16748_0",16748,"0",1835-09-05,"https://articleextractor.org/pages/16748/wvu_queen_ver01/sn84026826/1835/09/05/ed-1/seq-2/1","Yes","","","","x","Under a """"Lynch Law"""" headline mentions the execution of two men from the Memphis Gazette.","","sn84026826","South Branch intelligencer (Romney, Va. [W....)",1835,9,5,"seq-2","ed-1",1,"West Virginia",840,1671,701283,146,"students","~/Code/hcij_lynching_phase_two/Storage_Older_Versions/latest_articles_aug23/16748_0.txt"
"241","16748_0.txt","gang the neighborhood.","16748_0",16748,"0",1835-09-05,"https://articleextractor.org/pages/16748/wvu_queen_ver01/sn84026826/1835/09/05/ed-1/seq-2/1","Yes","","","","x","Under a """"Lynch Law"""" headline mentions the execution of two men from the Memphis Gazette.","","sn84026826","South Branch intelligencer (Romney, Va. [W....)",1835,9,5,"seq-2","ed-1",1,"West Virginia",840,1671,701283,146,"students","~/Code/hcij_lynching_phase_two/Storage_Older_Versions/latest_articles_aug23/16748_0.txt"
"242","16751_0.txt","R. W. Carroll, à hair dresser of","16751_0",16751,"0",1835-09-05,"https://articleextractor.org/pages/16751/wvu_queen_ver01/sn84026826/1835/09/05/ed-1/seq-3/3","Yes","","","","x","Charleston, SC """"R.W. Carroll a hair dresser was lynched. ... His offence was dealing with, and receiving stolen goods from slaves, against which had repeatedly been warned""""","","sn84026826","South Branch intelligencer (Romney, Va. [W....)",1835,9,5,"seq-3","ed-1",3,"West Virginia",841,1672,701300,147,"students","~/Code/hcij_lynching_phase_two/Storage_Older_Versions/latest_articles_aug23/16751_0.txt"
"243","16751_0.txt","Charleston S. C. was Lynched on the","16751_0",16751,"0",1835-09-05,"https://articleextractor.org/pages/16751/wvu_queen_ver01/sn84026826/1835/09/05/ed-1/seq-3/3","Yes","","","","x","Charleston, SC """"R.W. Carroll a hair dresser was lynched. ... His offence was dealing with, and receiving stolen goods from slaves, against which had repeatedly been warned""""","","sn84026826","South Branch intelligencer (Romney, Va. [W....)",1835,9,5,"seq-3","ed-1",3,"West Virginia",841,1672,701300,147,"students","~/Code/hcij_lynching_phase_two/Storage_Older_Versions/latest_articles_aug23/16751_0.txt"
"244","16751_0.txt","21st ult. The mob seized him between","16751_0",16751,"0",1835-09-05,"https://articleextractor.org/pages/16751/wvu_queen_ver01/sn84026826/1835/09/05/ed-1/seq-3/3","Yes","","","","x","Charleston, SC """"R.W. Carroll a hair dresser was lynched. ... His offence was dealing with, and receiving stolen goods from slaves, against which had repeatedly been warned""""","","sn84026826","South Branch intelligencer (Romney, Va. [W....)",1835,9,5,"seq-3","ed-1",3,"West Virginia",841,1672,701300,147,"students","~/Code/hcij_lynching_phase_two/Storage_Older_Versions/latest_articles_aug23/16751_0.txt"
"245","16751_0.txt","8 and 9 o'clock in the morning, gave him","16751_0",16751,"0",1835-09-05,"https://articleextractor.org/pages/16751/wvu_queen_ver01/sn84026826/1835/09/05/ed-1/seq-3/3","Yes","","","","x","Charleston, SC """"R.W. Carroll a hair dresser was lynched. ... His offence was dealing with, and receiving stolen goods from slaves, against which had repeatedly been warned""""","","sn84026826","South Branch intelligencer (Romney, Va. [W....)",1835,9,5,"seq-3","ed-1",3,"West Virginia",841,1672,701300,147,"students","~/Code/hcij_lynching_phase_two/Storage_Older_Versions/latest_articles_aug23/16751_0.txt"
"246","16751_0.txt","20 lashes, a coat of tar and COTTON, from","16751_0",16751,"0",1835-09-05,"https://articleextractor.org/pages/16751/wvu_queen_ver01/sn84026826/1835/09/05/ed-1/seq-3/3","Yes","","","","x","Charleston, SC """"R.W. Carroll a hair dresser was lynched. ... His offence was dealing with, and receiving stolen goods from slaves, against which had repeatedly been warned""""","","sn84026826","South Branch intelligencer (Romney, Va. [W....)",1835,9,5,"seq-3","ed-1",3,"West Virginia",841,1672,701300,147,"students","~/Code/hcij_lynching_phase_two/Storage_Older_Versions/latest_articles_aug23/16751_0.txt"
"247","16751_0.txt","head to foot, then marched through several","16751_0",16751,"0",1835-09-05,"https://articleextractor.org/pages/16751/wvu_queen_ver01/sn84026826/1835/09/05/ed-1/seq-3/3","Yes","","","","x","Charleston, SC """"R.W. Carroll a hair dresser was lynched. ... His offence was dealing with, and receiving stolen goods from slaves, against which had repeatedly been warned""""","","sn84026826","South Branch intelligencer (Romney, Va. [W....)",1835,9,5,"seq-3","ed-1",3,"West Virginia",841,1672,701300,147,"students","~/Code/hcij_lynching_phase_two/Storage_Older_Versions/latest_articles_aug23/16751_0.txt"
"248","16751_0.txt","principal streets and lodged him in","16751_0",16751,"0",1835-09-05,"https://articleextractor.org/pages/16751/wvu_queen_ver01/sn84026826/1835/09/05/ed-1/seq-3/3","Yes","","","","x","Charleston, SC """"R.W. Carroll a hair dresser was lynched. ... His offence was dealing with, and receiving stolen goods from slaves, against which had repeatedly been warned""""","","sn84026826","South Branch intelligencer (Romney, Va. [W....)",1835,9,5,"seq-3","ed-1",3,"West Virginia",841,1672,701300,147,"students","~/Code/hcij_lynching_phase_two/Storage_Older_Versions/latest_articles_aug23/16751_0.txt"
"249","16751_0.txt","jail. The account states that respecta-","16751_0",16751,"0",1835-09-05,"https://articleextractor.org/pages/16751/wvu_queen_ver01/sn84026826/1835/09/05/ed-1/seq-3/3","Yes","","","","x","Charleston, SC """"R.W. Carroll a hair dresser was lynched. ... His offence was dealing with, and receiving stolen goods from slaves, against which had repeatedly been warned""""","","sn84026826","South Branch intelligencer (Romney, Va. [W....)",1835,9,5,"seq-3","ed-1",3,"West Virginia",841,1672,701300,147,"students","~/Code/hcij_lynching_phase_two/Storage_Older_Versions/latest_articles_aug23/16751_0.txt"
"250","16751_0.txt","ble citizens lent of","16751_0",16751,"0",1835-09-05,"https://articleextractor.org/pages/16751/wvu_queen_ver01/sn84026826/1835/09/05/ed-1/seq-3/3","Yes","","","","x","Charleston, SC """"R.W. Carroll a hair dresser was lynched. ... His offence was dealing with, and receiving stolen goods from slaves, against which had repeatedly been warned""""","","sn84026826","South Branch intelligencer (Romney, Va. [W....)",1835,9,5,"seq-3","ed-1",3,"West Virginia",841,1672,701300,147,"students","~/Code/hcij_lynching_phase_two/Storage_Older_Versions/latest_articles_aug23/16751_0.txt"
"251","16751_0.txt","presence,"" and all was"" orderly conducted","16751_0",16751,"0",1835-09-05,"https://articleextractor.org/pages/16751/wvu_queen_ver01/sn84026826/1835/09/05/ed-1/seq-3/3","Yes","","","","x","Charleston, SC """"R.W. Carroll a hair dresser was lynched. ... His offence was dealing with, and receiving stolen goods from slaves, against which had repeatedly been warned""""","","sn84026826","South Branch intelligencer (Romney, Va. [W....)",1835,9,5,"seq-3","ed-1",3,"West Virginia",841,1672,701300,147,"students","~/Code/hcij_lynching_phase_two/Storage_Older_Versions/latest_articles_aug23/16751_0.txt"
"252","16751_0.txt","!"" His offence was dealing with, and","16751_0",16751,"0",1835-09-05,"https://articleextractor.org/pages/16751/wvu_queen_ver01/sn84026826/1835/09/05/ed-1/seq-3/3","Yes","","","","x","Charleston, SC """"R.W. Carroll a hair dresser was lynched. ... His offence was dealing with, and receiving stolen goods from slaves, against which had repeatedly been warned""""","","sn84026826","South Branch intelligencer (Romney, Va. [W....)",1835,9,5,"seq-3","ed-1",3,"West Virginia",841,1672,701300,147,"students","~/Code/hcij_lynching_phase_two/Storage_Older_Versions/latest_articles_aug23/16751_0.txt"
"253","16751_0.txt","receiving stolen goods from slaves, a-","16751_0",16751,"0",1835-09-05,"https://articleextractor.org/pages/16751/wvu_queen_ver01/sn84026826/1835/09/05/ed-1/seq-3/3","Yes","","","","x","Charleston, SC """"R.W. Carroll a hair dresser was lynched. ... His offence was dealing with, and receiving stolen goods from slaves, against which had repeatedly been warned""""","","sn84026826","South Branch intelligencer (Romney, Va. [W....)",1835,9,5,"seq-3","ed-1",3,"West Virginia",841,1672,701300,147,"students","~/Code/hcij_lynching_phase_two/Storage_Older_Versions/latest_articles_aug23/16751_0.txt"
"254","16751_0.txt","gainst which he had repeatedly","16751_0",16751,"0",1835-09-05,"https://articleextractor.org/pages/16751/wvu_queen_ver01/sn84026826/1835/09/05/ed-1/seq-3/3","Yes","","","","x","Charleston, SC """"R.W. Carroll a hair dresser was lynched. ... His offence was dealing with, and receiving stolen goods from slaves, against which had repeatedly been warned""""","","sn84026826","South Branch intelligencer (Romney, Va. [W....)",1835,9,5,"seq-3","ed-1",3,"West Virginia",841,1672,701300,147,"students","~/Code/hcij_lynching_phase_two/Storage_Older_Versions/latest_articles_aug23/16751_0.txt"
"255","16751_0.txt","warned. been","16751_0",16751,"0",1835-09-05,"https://articleextractor.org/pages/16751/wvu_queen_ver01/sn84026826/1835/09/05/ed-1/seq-3/3","Yes","","","","x","Charleston, SC """"R.W. Carroll a hair dresser was lynched. ... His offence was dealing with, and receiving stolen goods from slaves, against which had repeatedly been warned""""","","sn84026826","South Branch intelligencer (Romney, Va. [W....)",1835,9,5,"seq-3","ed-1",3,"West Virginia",841,1672,701300,147,"students","~/Code/hcij_lynching_phase_two/Storage_Older_Versions/latest_articles_aug23/16751_0.txt"
"256","16751_0.txt","The New Orleans American","16751_0",16751,"0",1835-09-05,"https://articleextractor.org/pages/16751/wvu_queen_ver01/sn84026826/1835/09/05/ed-1/seq-3/3","Yes","","","","x","Charleston, SC """"R.W. Carroll a hair dresser was lynched. ... His offence was dealing with, and receiving stolen goods from slaves, against which had repeatedly been warned""""","","sn84026826","South Branch intelligencer (Romney, Va. [W....)",1835,9,5,"seq-3","ed-1",3,"West Virginia",841,1672,701300,147,"students","~/Code/hcij_lynching_phase_two/Storage_Older_Versions/latest_articles_aug23/16751_0.txt"
"257","16751_0.txt","of August 14th, says:"" We understand","16751_0",16751,"0",1835-09-05,"https://articleextractor.org/pages/16751/wvu_queen_ver01/sn84026826/1835/09/05/ed-1/seq-3/3","Yes","","","","x","Charleston, SC """"R.W. Carroll a hair dresser was lynched. ... His offence was dealing with, and receiving stolen goods from slaves, against which had repeatedly been warned""""","","sn84026826","South Branch intelligencer (Romney, Va. [W....)",1835,9,5,"seq-3","ed-1",3,"West Virginia",841,1672,701300,147,"students","~/Code/hcij_lynching_phase_two/Storage_Older_Versions/latest_articles_aug23/16751_0.txt"
"258","16751_0.txt","by a gentleman arrived yesterday from","16751_0",16751,"0",1835-09-05,"https://articleextractor.org/pages/16751/wvu_queen_ver01/sn84026826/1835/09/05/ed-1/seq-3/3","Yes","","","","x","Charleston, SC """"R.W. Carroll a hair dresser was lynched. ... His offence was dealing with, and receiving stolen goods from slaves, against which had repeatedly been warned""""","","sn84026826","South Branch intelligencer (Romney, Va. [W....)",1835,9,5,"seq-3","ed-1",3,"West Virginia",841,1672,701300,147,"students","~/Code/hcij_lynching_phase_two/Storage_Older_Versions/latest_articles_aug23/16751_0.txt"
"259","16751_0.txt","Baton Rouge, that forty or fifty negroes","16751_0",16751,"0",1835-09-05,"https://articleextractor.org/pages/16751/wvu_queen_ver01/sn84026826/1835/09/05/ed-1/seq-3/3","Yes","","","","x","Charleston, SC """"R.W. Carroll a hair dresser was lynched. ... His offence was dealing with, and receiving stolen goods from slaves, against which had repeatedly been warned""""","","sn84026826","South Branch intelligencer (Romney, Va. [W....)",1835,9,5,"seq-3","ed-1",3,"West Virginia",841,1672,701300,147,"students","~/Code/hcij_lynching_phase_two/Storage_Older_Versions/latest_articles_aug23/16751_0.txt"
"260","16751_0.txt","had been arrested, under a charge of be","16751_0",16751,"0",1835-09-05,"https://articleextractor.org/pages/16751/wvu_queen_ver01/sn84026826/1835/09/05/ed-1/seq-3/3","Yes","","","","x","Charleston, SC """"R.W. Carroll a hair dresser was lynched. ... His offence was dealing with, and receiving stolen goods from slaves, against which had repeatedly been warned""""","","sn84026826","South Branch intelligencer (Romney, Va. [W....)",1835,9,5,"seq-3","ed-1",3,"West Virginia",841,1672,701300,147,"students","~/Code/hcij_lynching_phase_two/Storage_Older_Versions/latest_articles_aug23/16751_0.txt"
"261","16751_0.txt","concerned in an intended insurrection.","16751_0",16751,"0",1835-09-05,"https://articleextractor.org/pages/16751/wvu_queen_ver01/sn84026826/1835/09/05/ed-1/seq-3/3","Yes","","","","x","Charleston, SC """"R.W. Carroll a hair dresser was lynched. ... His offence was dealing with, and receiving stolen goods from slaves, against which had repeatedly been warned""""","","sn84026826","South Branch intelligencer (Romney, Va. [W....)",1835,9,5,"seq-3","ed-1",3,"West Virginia",841,1672,701300,147,"students","~/Code/hcij_lynching_phase_two/Storage_Older_Versions/latest_articles_aug23/16751_0.txt"
"262","16751_0.txt","Several white men were engaged with","16751_0",16751,"0",1835-09-05,"https://articleextractor.org/pages/16751/wvu_queen_ver01/sn84026826/1835/09/05/ed-1/seq-3/3","Yes","","","","x","Charleston, SC """"R.W. Carroll a hair dresser was lynched. ... His offence was dealing with, and receiving stolen goods from slaves, against which had repeatedly been warned""""","","sn84026826","South Branch intelligencer (Romney, Va. [W....)",1835,9,5,"seq-3","ed-1",3,"West Virginia",841,1672,701300,147,"students","~/Code/hcij_lynching_phase_two/Storage_Older_Versions/latest_articles_aug23/16751_0.txt"
"263","16751_0.txt","the negroes. Their names are known","16751_0",16751,"0",1835-09-05,"https://articleextractor.org/pages/16751/wvu_queen_ver01/sn84026826/1835/09/05/ed-1/seq-3/3","Yes","","","","x","Charleston, SC """"R.W. Carroll a hair dresser was lynched. ... His offence was dealing with, and receiving stolen goods from slaves, against which had repeatedly been warned""""","","sn84026826","South Branch intelligencer (Romney, Va. [W....)",1835,9,5,"seq-3","ed-1",3,"West Virginia",841,1672,701300,147,"students","~/Code/hcij_lynching_phase_two/Storage_Older_Versions/latest_articles_aug23/16751_0.txt"
"264","16751_0.txt","and the militia are in pursuit of them.","16751_0",16751,"0",1835-09-05,"https://articleextractor.org/pages/16751/wvu_queen_ver01/sn84026826/1835/09/05/ed-1/seq-3/3","Yes","","","","x","Charleston, SC """"R.W. Carroll a hair dresser was lynched. ... His offence was dealing with, and receiving stolen goods from slaves, against which had repeatedly been warned""""","","sn84026826","South Branch intelligencer (Romney, Va. [W....)",1835,9,5,"seq-3","ed-1",3,"West Virginia",841,1672,701300,147,"students","~/Code/hcij_lynching_phase_two/Storage_Older_Versions/latest_articles_aug23/16751_0.txt"
"265","16751_0.txt","They are doubtless by this time arrested","16751_0",16751,"0",1835-09-05,"https://articleextractor.org/pages/16751/wvu_queen_ver01/sn84026826/1835/09/05/ed-1/seq-3/3","Yes","","","","x","Charleston, SC """"R.W. Carroll a hair dresser was lynched. ... His offence was dealing with, and receiving stolen goods from slaves, against which had repeatedly been warned""""","","sn84026826","South Branch intelligencer (Romney, Va. [W....)",1835,9,5,"seq-3","ed-1",3,"West Virginia",841,1672,701300,147,"students","~/Code/hcij_lynching_phase_two/Storage_Older_Versions/latest_articles_aug23/16751_0.txt"
"266","16751_0.txt",""" One of Murrel'e gang was hung at","16751_0",16751,"0",1835-09-05,"https://articleextractor.org/pages/16751/wvu_queen_ver01/sn84026826/1835/09/05/ed-1/seq-3/3","Yes","","","","x","Charleston, SC """"R.W. Carroll a hair dresser was lynched. ... His offence was dealing with, and receiving stolen goods from slaves, against which had repeatedly been warned""""","","sn84026826","South Branch intelligencer (Romney, Va. [W....)",1835,9,5,"seq-3","ed-1",3,"West Virginia",841,1672,701300,147,"students","~/Code/hcij_lynching_phase_two/Storage_Older_Versions/latest_articles_aug23/16751_0.txt"
"267","16751_0.txt","Clinton, La. on Tuesday last, under sentence","16751_0",16751,"0",1835-09-05,"https://articleextractor.org/pages/16751/wvu_queen_ver01/sn84026826/1835/09/05/ed-1/seq-3/3","Yes","","","","x","Charleston, SC """"R.W. Carroll a hair dresser was lynched. ... His offence was dealing with, and receiving stolen goods from slaves, against which had repeatedly been warned""""","","sn84026826","South Branch intelligencer (Romney, Va. [W....)",1835,9,5,"seq-3","ed-1",3,"West Virginia",841,1672,701300,147,"students","~/Code/hcij_lynching_phase_two/Storage_Older_Versions/latest_articles_aug23/16751_0.txt"
"268","16751_0.txt","Judge Lynch. He had 500 dol","16751_0",16751,"0",1835-09-05,"https://articleextractor.org/pages/16751/wvu_queen_ver01/sn84026826/1835/09/05/ed-1/seq-3/3","Yes","","","","x","Charleston, SC """"R.W. Carroll a hair dresser was lynched. ... His offence was dealing with, and receiving stolen goods from slaves, against which had repeatedly been warned""""","","sn84026826","South Branch intelligencer (Romney, Va. [W....)",1835,9,5,"seq-3","ed-1",3,"West Virginia",841,1672,701300,147,"students","~/Code/hcij_lynching_phase_two/Storage_Older_Versions/latest_articles_aug23/16751_0.txt"
"269","16751_0.txt","lars of of counterfeit notes upon him.","16751_0",16751,"0",1835-09-05,"https://articleextractor.org/pages/16751/wvu_queen_ver01/sn84026826/1835/09/05/ed-1/seq-3/3","Yes","","","","x","Charleston, SC """"R.W. Carroll a hair dresser was lynched. ... His offence was dealing with, and receiving stolen goods from slaves, against which had repeatedly been warned""""","","sn84026826","South Branch intelligencer (Romney, Va. [W....)",1835,9,5,"seq-3","ed-1",3,"West Virginia",841,1672,701300,147,"students","~/Code/hcij_lynching_phase_two/Storage_Older_Versions/latest_articles_aug23/16751_0.txt"
"270","16753_0.txt","NEW ORLEANS, August 14,","16753_0",16753,"0",1835-09-08,"https://articleextractor.org/pages/16753/vi_naturals_ver01/sn84024735/1835/09/08/ed-1/seq-4/4","Yes","","","","duplicate of the paper above","Person was hung in Clinton, LA","","sn84024735","Richmond enquirer (Richmond, Va.)",1835,9,8,"seq-4","ed-1",4,"Virginia",842,1673,648504,148,"students","~/Code/hcij_lynching_phase_two/Storage_Older_Versions/latest_articles_aug23/16753_0.txt"
"271","16753_0.txt","We understand by a gentleman who arrived yesterday","16753_0",16753,"0",1835-09-08,"https://articleextractor.org/pages/16753/vi_naturals_ver01/sn84024735/1835/09/08/ed-1/seq-4/4","Yes","","","","duplicate of the paper above","Person was hung in Clinton, LA","","sn84024735","Richmond enquirer (Richmond, Va.)",1835,9,8,"seq-4","ed-1",4,"Virginia",842,1673,648504,148,"students","~/Code/hcij_lynching_phase_two/Storage_Older_Versions/latest_articles_aug23/16753_0.txt"
"272","16753_0.txt","from Baton Rouge, that forty or fifty negroes had been","16753_0",16753,"0",1835-09-08,"https://articleextractor.org/pages/16753/vi_naturals_ver01/sn84024735/1835/09/08/ed-1/seq-4/4","Yes","","","","duplicate of the paper above","Person was hung in Clinton, LA","","sn84024735","Richmond enquirer (Richmond, Va.)",1835,9,8,"seq-4","ed-1",4,"Virginia",842,1673,648504,148,"students","~/Code/hcij_lynching_phase_two/Storage_Older_Versions/latest_articles_aug23/16753_0.txt"
"273","16753_0.txt","arrested, under a charge of being coneirned in an","16753_0",16753,"0",1835-09-08,"https://articleextractor.org/pages/16753/vi_naturals_ver01/sn84024735/1835/09/08/ed-1/seq-4/4","Yes","","","","duplicate of the paper above","Person was hung in Clinton, LA","","sn84024735","Richmond enquirer (Richmond, Va.)",1835,9,8,"seq-4","ed-1",4,"Virginia",842,1673,648504,148,"students","~/Code/hcij_lynching_phase_two/Storage_Older_Versions/latest_articles_aug23/16753_0.txt"
"274","16753_0.txt","tended insurrection. Several white men were engaged in","16753_0",16753,"0",1835-09-08,"https://articleextractor.org/pages/16753/vi_naturals_ver01/sn84024735/1835/09/08/ed-1/seq-4/4","Yes","","","","duplicate of the paper above","Person was hung in Clinton, LA","","sn84024735","Richmond enquirer (Richmond, Va.)",1835,9,8,"seq-4","ed-1",4,"Virginia",842,1673,648504,148,"students","~/Code/hcij_lynching_phase_two/Storage_Older_Versions/latest_articles_aug23/16753_0.txt"
"275","16753_0.txt","MORE LAW BREAKING- We are informed, from good","16753_0",16753,"0",1835-09-08,"https://articleextractor.org/pages/16753/vi_naturals_ver01/sn84024735/1835/09/08/ed-1/seq-4/4","Yes","","","","duplicate of the paper above","Person was hung in Clinton, LA","","sn84024735","Richmond enquirer (Richmond, Va.)",1835,9,8,"seq-4","ed-1",4,"Virginia",842,1673,648504,148,"students","~/Code/hcij_lynching_phase_two/Storage_Older_Versions/latest_articles_aug23/16753_0.txt"
"276","16753_0.txt","authority, that two or three persons were seized in Mays.","16753_0",16753,"0",1835-09-08,"https://articleextractor.org/pages/16753/vi_naturals_ver01/sn84024735/1835/09/08/ed-1/seq-4/4","Yes","","","","duplicate of the paper above","Person was hung in Clinton, LA","","sn84024735","Richmond enquirer (Richmond, Va.)",1835,9,8,"seq-4","ed-1",4,"Virginia",842,1673,648504,148,"students","~/Code/hcij_lynching_phase_two/Storage_Older_Versions/latest_articles_aug23/16753_0.txt"
"277","16753_0.txt","ville, two or three days ago, implicated in the abduction","16753_0",16753,"0",1835-09-08,"https://articleextractor.org/pages/16753/vi_naturals_ver01/sn84024735/1835/09/08/ed-1/seq-4/4","Yes","","","","duplicate of the paper above","Person was hung in Clinton, LA","","sn84024735","Richmond enquirer (Richmond, Va.)",1835,9,8,"seq-4","ed-1",4,"Virginia",842,1673,648504,148,"students","~/Code/hcij_lynching_phase_two/Storage_Older_Versions/latest_articles_aug23/16753_0.txt"
"278","16753_0.txt","of some negroes, and were passed through the ordeal of","16753_0",16753,"0",1835-09-08,"https://articleextractor.org/pages/16753/vi_naturals_ver01/sn84024735/1835/09/08/ed-1/seq-4/4","Yes","","","","duplicate of the paper above","Person was hung in Clinton, LA","","sn84024735","Richmond enquirer (Richmond, Va.)",1835,9,8,"seq-4","ed-1",4,"Virginia",842,1673,648504,148,"students","~/Code/hcij_lynching_phase_two/Storage_Older_Versions/latest_articles_aug23/16753_0.txt"
"279","16753_0.txt","( the now omnipotent) Judge Lynch, to the great gratification","16753_0",16753,"0",1835-09-08,"https://articleextractor.org/pages/16753/vi_naturals_ver01/sn84024735/1835/09/08/ed-1/seq-4/4","Yes","","","","duplicate of the paper above","Person was hung in Clinton, LA","","sn84024735","Richmond enquirer (Richmond, Va.)",1835,9,8,"seq-4","ed-1",4,"Virginia",842,1673,648504,148,"students","~/Code/hcij_lynching_phase_two/Storage_Older_Versions/latest_articles_aug23/16753_0.txt"
"280","16753_0.txt","of the citizens. Our informant states that the of","16753_0",16753,"0",1835-09-08,"https://articleextractor.org/pages/16753/vi_naturals_ver01/sn84024735/1835/09/08/ed-1/seq-4/4","Yes","","","","duplicate of the paper above","Person was hung in Clinton, LA","","sn84024735","Richmond enquirer (Richmond, Va.)",1835,9,8,"seq-4","ed-1",4,"Virginia",842,1673,648504,148,"students","~/Code/hcij_lynching_phase_two/Storage_Older_Versions/latest_articles_aug23/16753_0.txt"
"281","16753_0.txt","fenders were most shockingly whipped","16753_0",16753,"0",1835-09-08,"https://articleextractor.org/pages/16753/vi_naturals_ver01/sn84024735/1835/09/08/ed-1/seq-4/4","Yes","","","","duplicate of the paper above","Person was hung in Clinton, LA","","sn84024735","Richmond enquirer (Richmond, Va.)",1835,9,8,"seq-4","ed-1",4,"Virginia",842,1673,648504,148,"students","~/Code/hcij_lynching_phase_two/Storage_Older_Versions/latest_articles_aug23/16753_0.txt"
"282","16753_0.txt","[ Cincinnati. Whig, of 19th.","16753_0",16753,"0",1835-09-08,"https://articleextractor.org/pages/16753/vi_naturals_ver01/sn84024735/1835/09/08/ed-1/seq-4/4","Yes","","","","duplicate of the paper above","Person was hung in Clinton, LA","","sn84024735","Richmond enquirer (Richmond, Va.)",1835,9,8,"seq-4","ed-1",4,"Virginia",842,1673,648504,148,"students","~/Code/hcij_lynching_phase_two/Storage_Older_Versions/latest_articles_aug23/16753_0.txt"
"283","16753_0.txt","with the negroes; their names are known and the militia","16753_0",16753,"0",1835-09-08,"https://articleextractor.org/pages/16753/vi_naturals_ver01/sn84024735/1835/09/08/ed-1/seq-4/4","Yes","","","","duplicate of the paper above","Person was hung in Clinton, LA","","sn84024735","Richmond enquirer (Richmond, Va.)",1835,9,8,"seq-4","ed-1",4,"Virginia",842,1673,648504,148,"students","~/Code/hcij_lynching_phase_two/Storage_Older_Versions/latest_articles_aug23/16753_0.txt"
"284","16753_0.txt","are in pursuit of them -- they are doubtless by this time","16753_0",16753,"0",1835-09-08,"https://articleextractor.org/pages/16753/vi_naturals_ver01/sn84024735/1835/09/08/ed-1/seq-4/4","Yes","","","","duplicate of the paper above","Person was hung in Clinton, LA","","sn84024735","Richmond enquirer (Richmond, Va.)",1835,9,8,"seq-4","ed-1",4,"Virginia",842,1673,648504,148,"students","~/Code/hcij_lynching_phase_two/Storage_Older_Versions/latest_articles_aug23/16753_0.txt"
"285","16753_0.txt","arrested.","16753_0",16753,"0",1835-09-08,"https://articleextractor.org/pages/16753/vi_naturals_ver01/sn84024735/1835/09/08/ed-1/seq-4/4","Yes","","","","duplicate of the paper above","Person was hung in Clinton, LA","","sn84024735","Richmond enquirer (Richmond, Va.)",1835,9,8,"seq-4","ed-1",4,"Virginia",842,1673,648504,148,"students","~/Code/hcij_lynching_phase_two/Storage_Older_Versions/latest_articles_aug23/16753_0.txt"
"286","16753_0.txt","One of Murell's gang was hung at Clinton, La., on","16753_0",16753,"0",1835-09-08,"https://articleextractor.org/pages/16753/vi_naturals_ver01/sn84024735/1835/09/08/ed-1/seq-4/4","Yes","","","","duplicate of the paper above","Person was hung in Clinton, LA","","sn84024735","Richmond enquirer (Richmond, Va.)",1835,9,8,"seq-4","ed-1",4,"Virginia",842,1673,648504,148,"students","~/Code/hcij_lynching_phase_two/Storage_Older_Versions/latest_articles_aug23/16753_0.txt"
"287","16753_0.txt","Tuesday last, under the sentence of Judge Lynch. He","16753_0",16753,"0",1835-09-08,"https://articleextractor.org/pages/16753/vi_naturals_ver01/sn84024735/1835/09/08/ed-1/seq-4/4","Yes","","","","duplicate of the paper above","Person was hung in Clinton, LA","","sn84024735","Richmond enquirer (Richmond, Va.)",1835,9,8,"seq-4","ed-1",4,"Virginia",842,1673,648504,148,"students","~/Code/hcij_lynching_phase_two/Storage_Older_Versions/latest_articles_aug23/16753_0.txt"
"288","16753_0.txt","had five hundred dollars of counterfeit notes upon him","16753_0",16753,"0",1835-09-08,"https://articleextractor.org/pages/16753/vi_naturals_ver01/sn84024735/1835/09/08/ed-1/seq-4/4","Yes","","","","duplicate of the paper above","Person was hung in Clinton, LA","","sn84024735","Richmond enquirer (Richmond, Va.)",1835,9,8,"seq-4","ed-1",4,"Virginia",842,1673,648504,148,"students","~/Code/hcij_lynching_phase_two/Storage_Older_Versions/latest_articles_aug23/16753_0.txt"
"289","16753_0.txt","[ True American..","16753_0",16753,"0",1835-09-08,"https://articleextractor.org/pages/16753/vi_naturals_ver01/sn84024735/1835/09/08/ed-1/seq-4/4","Yes","","","","duplicate of the paper above","Person was hung in Clinton, LA","","sn84024735","Richmond enquirer (Richmond, Va.)",1835,9,8,"seq-4","ed-1",4,"Virginia",842,1673,648504,148,"students","~/Code/hcij_lynching_phase_two/Storage_Older_Versions/latest_articles_aug23/16753_0.txt"
"290","16756_0.txt","Lynch Law- Abolitionists,& c.","16756_0",16756,"0",1835-09-12,"https://articleextractor.org/pages/16756/wvu_queen_ver01/sn84026826/1835/09/12/ed-1/seq-2/2","Yes","","","","x","Mentions two people being sentenced to hang by citizens in St. Helena, LA. ","","sn84026826","South Branch intelligencer (Romney, Va. [W....)",1835,9,12,"seq-2","ed-1",2,"West Virginia",843,1674,701309,149,"students","~/Code/hcij_lynching_phase_two/Storage_Older_Versions/latest_articles_aug23/16756_0.txt"
"291","16756_0.txt","In our last number we published an","16756_0",16756,"0",1835-09-12,"https://articleextractor.org/pages/16756/wvu_queen_ver01/sn84026826/1835/09/12/ed-1/seq-2/2","Yes","","","","x","Mentions two people being sentenced to hang by citizens in St. Helena, LA. ","","sn84026826","South Branch intelligencer (Romney, Va. [W....)",1835,9,12,"seq-2","ed-1",2,"West Virginia",843,1674,701309,149,"students","~/Code/hcij_lynching_phase_two/Storage_Older_Versions/latest_articles_aug23/16756_0.txt"
"292","16756_0.txt","account of the arrest of THREE PERSONS","16756_0",16756,"0",1835-09-12,"https://articleextractor.org/pages/16756/wvu_queen_ver01/sn84026826/1835/09/12/ed-1/seq-2/2","Yes","","","","x","Mentions two people being sentenced to hang by citizens in St. Helena, LA. ","","sn84026826","South Branch intelligencer (Romney, Va. [W....)",1835,9,12,"seq-2","ed-1",2,"West Virginia",843,1674,701309,149,"students","~/Code/hcij_lynching_phase_two/Storage_Older_Versions/latest_articles_aug23/16756_0.txt"
"293","16756_0.txt","in the parish of St. Helena, La., suspec","16756_0",16756,"0",1835-09-12,"https://articleextractor.org/pages/16756/wvu_queen_ver01/sn84026826/1835/09/12/ed-1/seq-2/2","Yes","","","","x","Mentions two people being sentenced to hang by citizens in St. Helena, LA. ","","sn84026826","South Branch intelligencer (Romney, Va. [W....)",1835,9,12,"seq-2","ed-1",2,"West Virginia",843,1674,701309,149,"students","~/Code/hcij_lynching_phase_two/Storage_Older_Versions/latest_articles_aug23/16756_0.txt"
"294","16756_0.txt","seditious pamphlets","16756_0",16756,"0",1835-09-12,"https://articleextractor.org/pages/16756/wvu_queen_ver01/sn84026826/1835/09/12/ed-1/seq-2/2","Yes","","","","x","Mentions two people being sentenced to hang by citizens in St. Helena, LA. ","","sn84026826","South Branch intelligencer (Romney, Va. [W....)",1835,9,12,"seq-2","ed-1",2,"West Virginia",843,1674,701309,149,"students","~/Code/hcij_lynching_phase_two/Storage_Older_Versions/latest_articles_aug23/16756_0.txt"
"295","16756_0.txt","ted of distributing,","16756_0",16756,"0",1835-09-12,"https://articleextractor.org/pages/16756/wvu_queen_ver01/sn84026826/1835/09/12/ed-1/seq-2/2","Yes","","","","x","Mentions two people being sentenced to hang by citizens in St. Helena, LA. ","","sn84026826","South Branch intelligencer (Romney, Va. [W....)",1835,9,12,"seq-2","ed-1",2,"West Virginia",843,1674,701309,149,"students","~/Code/hcij_lynching_phase_two/Storage_Older_Versions/latest_articles_aug23/16756_0.txt"
"296","16756_0.txt","and who afterwards acknowledged they","16756_0",16756,"0",1835-09-12,"https://articleextractor.org/pages/16756/wvu_queen_ver01/sn84026826/1835/09/12/ed-1/seq-2/2","Yes","","","","x","Mentions two people being sentenced to hang by citizens in St. Helena, LA. ","","sn84026826","South Branch intelligencer (Romney, Va. [W....)",1835,9,12,"seq-2","ed-1",2,"West Virginia",843,1674,701309,149,"students","~/Code/hcij_lynching_phase_two/Storage_Older_Versions/latest_articles_aug23/16756_0.txt"
"297","16756_0.txt","belonged to the Murrell gang, and that","16756_0",16756,"0",1835-09-12,"https://articleextractor.org/pages/16756/wvu_queen_ver01/sn84026826/1835/09/12/ed-1/seq-2/2","Yes","","","","x","Mentions two people being sentenced to hang by citizens in St. Helena, LA. ","","sn84026826","South Branch intelligencer (Romney, Va. [W....)",1835,9,12,"seq-2","ed-1",2,"West Virginia",843,1674,701309,149,"students","~/Code/hcij_lynching_phase_two/Storage_Older_Versions/latest_articles_aug23/16756_0.txt"
"298","16756_0.txt","one had made his escape, and sentence","16756_0",16756,"0",1835-09-12,"https://articleextractor.org/pages/16756/wvu_queen_ver01/sn84026826/1835/09/12/ed-1/seq-2/2","Yes","","","","x","Mentions two people being sentenced to hang by citizens in St. Helena, LA. ","","sn84026826","South Branch intelligencer (Romney, Va. [W....)",1835,9,12,"seq-2","ed-1",2,"West Virginia",843,1674,701309,149,"students","~/Code/hcij_lynching_phase_two/Storage_Older_Versions/latest_articles_aug23/16756_0.txt"
"299","16756_0.txt","had not been passed upon the other two.","16756_0",16756,"0",1835-09-12,"https://articleextractor.org/pages/16756/wvu_queen_ver01/sn84026826/1835/09/12/ed-1/seq-2/2","Yes","","","","x","Mentions two people being sentenced to hang by citizens in St. Helena, LA. ","","sn84026826","South Branch intelligencer (Romney, Va. [W....)",1835,9,12,"seq-2","ed-1",2,"West Virginia",843,1674,701309,149,"students","~/Code/hcij_lynching_phase_two/Storage_Older_Versions/latest_articles_aug23/16756_0.txt"
"300","16756_0.txt","Our information now enables us to state,","16756_0",16756,"0",1835-09-12,"https://articleextractor.org/pages/16756/wvu_queen_ver01/sn84026826/1835/09/12/ed-1/seq-2/2","Yes","","","","x","Mentions two people being sentenced to hang by citizens in St. Helena, LA. ","","sn84026826","South Branch intelligencer (Romney, Va. [W....)",1835,9,12,"seq-2","ed-1",2,"West Virginia",843,1674,701309,149,"students","~/Code/hcij_lynching_phase_two/Storage_Older_Versions/latest_articles_aug23/16756_0.txt"
"301","16756_0.txt","that the two in custody were tried by","16756_0",16756,"0",1835-09-12,"https://articleextractor.org/pages/16756/wvu_queen_ver01/sn84026826/1835/09/12/ed-1/seq-2/2","Yes","","","","x","Mentions two people being sentenced to hang by citizens in St. Helena, LA. ","","sn84026826","South Branch intelligencer (Romney, Va. [W....)",1835,9,12,"seq-2","ed-1",2,"West Virginia",843,1674,701309,149,"students","~/Code/hcij_lynching_phase_two/Storage_Older_Versions/latest_articles_aug23/16756_0.txt"
"302","16756_0.txt","the citizens, and the charges being fully","16756_0",16756,"0",1835-09-12,"https://articleextractor.org/pages/16756/wvu_queen_ver01/sn84026826/1835/09/12/ed-1/seq-2/2","Yes","","","","x","Mentions two people being sentenced to hang by citizens in St. Helena, LA. ","","sn84026826","South Branch intelligencer (Romney, Va. [W....)",1835,9,12,"seq-2","ed-1",2,"West Virginia",843,1674,701309,149,"students","~/Code/hcij_lynching_phase_two/Storage_Older_Versions/latest_articles_aug23/16756_0.txt"
"303","16756_0.txt","proved, they were sentenced to be hung","16756_0",16756,"0",1835-09-12,"https://articleextractor.org/pages/16756/wvu_queen_ver01/sn84026826/1835/09/12/ed-1/seq-2/2","Yes","","","","x","Mentions two people being sentenced to hang by citizens in St. Helena, LA. ","","sn84026826","South Branch intelligencer (Romney, Va. [W....)",1835,9,12,"seq-2","ed-1",2,"West Virginia",843,1674,701309,149,"students","~/Code/hcij_lynching_phase_two/Storage_Older_Versions/latest_articles_aug23/16756_0.txt"
"304","16756_0.txt","!","16756_0",16756,"0",1835-09-12,"https://articleextractor.org/pages/16756/wvu_queen_ver01/sn84026826/1835/09/12/ed-1/seq-2/2","Yes","","","","x","Mentions two people being sentenced to hang by citizens in St. Helena, LA. ","","sn84026826","South Branch intelligencer (Romney, Va. [W....)",1835,9,12,"seq-2","ed-1",2,"West Virginia",843,1674,701309,149,"students","~/Code/hcij_lynching_phase_two/Storage_Older_Versions/latest_articles_aug23/16756_0.txt"
"305","16756_0.txt","forthwith Wakebolle","16756_0",16756,"0",1835-09-12,"https://articleextractor.org/pages/16756/wvu_queen_ver01/sn84026826/1835/09/12/ed-1/seq-2/2","Yes","","","","x","Mentions two people being sentenced to hang by citizens in St. Helena, LA. ","","sn84026826","South Branch intelligencer (Romney, Va. [W....)",1835,9,12,"seq-2","ed-1",2,"West Virginia",843,1674,701309,149,"students","~/Code/hcij_lynching_phase_two/Storage_Older_Versions/latest_articles_aug23/16756_0.txt"
"306","16756_0.txt","From the New Orleans Bee.","16756_0",16756,"0",1835-09-12,"https://articleextractor.org/pages/16756/wvu_queen_ver01/sn84026826/1835/09/12/ed-1/seq-2/2","Yes","","","","x","Mentions two people being sentenced to hang by citizens in St. Helena, LA. ","","sn84026826","South Branch intelligencer (Romney, Va. [W....)",1835,9,12,"seq-2","ed-1",2,"West Virginia",843,1674,701309,149,"students","~/Code/hcij_lynching_phase_two/Storage_Older_Versions/latest_articles_aug23/16756_0.txt"
"307","16756_0.txt","A letter published in the Natchez","16756_0",16756,"0",1835-09-12,"https://articleextractor.org/pages/16756/wvu_queen_ver01/sn84026826/1835/09/12/ed-1/seq-2/2","Yes","","","","x","Mentions two people being sentenced to hang by citizens in St. Helena, LA. ","","sn84026826","South Branch intelligencer (Romney, Va. [W....)",1835,9,12,"seq-2","ed-1",2,"West Virginia",843,1674,701309,149,"students","~/Code/hcij_lynching_phase_two/Storage_Older_Versions/latest_articles_aug23/16756_0.txt"
"308","16756_0.txt","Courier, from Madison county, Mi. 24th","16756_0",16756,"0",1835-09-12,"https://articleextractor.org/pages/16756/wvu_queen_ver01/sn84026826/1835/09/12/ed-1/seq-2/2","Yes","","","","x","Mentions two people being sentenced to hang by citizens in St. Helena, LA. ","","sn84026826","South Branch intelligencer (Romney, Va. [W....)",1835,9,12,"seq-2","ed-1",2,"West Virginia",843,1674,701309,149,"students","~/Code/hcij_lynching_phase_two/Storage_Older_Versions/latest_articles_aug23/16756_0.txt"
"309","16756_0.txt","ult states that few arreste and no new","16756_0",16756,"0",1835-09-12,"https://articleextractor.org/pages/16756/wvu_queen_ver01/sn84026826/1835/09/12/ed-1/seq-2/2","Yes","","","","x","Mentions two people being sentenced to hang by citizens in St. Helena, LA. ","","sn84026826","South Branch intelligencer (Romney, Va. [W....)",1835,9,12,"seq-2","ed-1",2,"West Virginia",843,1674,701309,149,"students","~/Code/hcij_lynching_phase_two/Storage_Older_Versions/latest_articles_aug23/16756_0.txt"
"310","16756_0.txt","developments occur there now; that the","16756_0",16756,"0",1835-09-12,"https://articleextractor.org/pages/16756/wvu_queen_ver01/sn84026826/1835/09/12/ed-1/seq-2/2","Yes","","","","x","Mentions two people being sentenced to hang by citizens in St. Helena, LA. ","","sn84026826","South Branch intelligencer (Romney, Va. [W....)",1835,9,12,"seq-2","ed-1",2,"West Virginia",843,1674,701309,149,"students","~/Code/hcij_lynching_phase_two/Storage_Older_Versions/latest_articles_aug23/16756_0.txt"
"311","16756_0.txt","internal danger has passed; and that no","16756_0",16756,"0",1835-09-12,"https://articleextractor.org/pages/16756/wvu_queen_ver01/sn84026826/1835/09/12/ed-1/seq-2/2","Yes","","","","x","Mentions two people being sentenced to hang by citizens in St. Helena, LA. ","","sn84026826","South Branch intelligencer (Romney, Va. [W....)",1835,9,12,"seq-2","ed-1",2,"West Virginia",843,1674,701309,149,"students","~/Code/hcij_lynching_phase_two/Storage_Older_Versions/latest_articles_aug23/16756_0.txt"
"312","16756_0.txt","need be entertained","16756_0",16756,"0",1835-09-12,"https://articleextractor.org/pages/16756/wvu_queen_ver01/sn84026826/1835/09/12/ed-1/seq-2/2","Yes","","","","x","Mentions two people being sentenced to hang by citizens in St. Helena, LA. ","","sn84026826","South Branch intelligencer (Romney, Va. [W....)",1835,9,12,"seq-2","ed-1",2,"West Virginia",843,1674,701309,149,"students","~/Code/hcij_lynching_phase_two/Storage_Older_Versions/latest_articles_aug23/16756_0.txt"
"313","16756_0.txt","just apprehensions","16756_0",16756,"0",1835-09-12,"https://articleextractor.org/pages/16756/wvu_queen_ver01/sn84026826/1835/09/12/ed-1/seq-2/2","Yes","","","","x","Mentions two people being sentenced to hang by citizens in St. Helena, LA. ","","sn84026826","South Branch intelligencer (Romney, Va. [W....)",1835,9,12,"seq-2","ed-1",2,"West Virginia",843,1674,701309,149,"students","~/Code/hcij_lynching_phase_two/Storage_Older_Versions/latest_articles_aug23/16756_0.txt"
"314","16756_0.txt","of the few scattered remnants of the abolition","16756_0",16756,"0",1835-09-12,"https://articleextractor.org/pages/16756/wvu_queen_ver01/sn84026826/1835/09/12/ed-1/seq-2/2","Yes","","","","x","Mentions two people being sentenced to hang by citizens in St. Helena, LA. ","","sn84026826","South Branch intelligencer (Romney, Va. [W....)",1835,9,12,"seq-2","ed-1",2,"West Virginia",843,1674,701309,149,"students","~/Code/hcij_lynching_phase_two/Storage_Older_Versions/latest_articles_aug23/16756_0.txt"
"315","16756_0.txt","crew.","16756_0",16756,"0",1835-09-12,"https://articleextractor.org/pages/16756/wvu_queen_ver01/sn84026826/1835/09/12/ed-1/seq-2/2","Yes","","","","x","Mentions two people being sentenced to hang by citizens in St. Helena, LA. ","","sn84026826","South Branch intelligencer (Romney, Va. [W....)",1835,9,12,"seq-2","ed-1",2,"West Virginia",843,1674,701309,149,"students","~/Code/hcij_lynching_phase_two/Storage_Older_Versions/latest_articles_aug23/16756_0.txt"
"316","16756_0.txt","But it contains a singular narrative","16756_0",16756,"0",1835-09-12,"https://articleextractor.org/pages/16756/wvu_queen_ver01/sn84026826/1835/09/12/ed-1/seq-2/2","Yes","","","","x","Mentions two people being sentenced to hang by citizens in St. Helena, LA. ","","sn84026826","South Branch intelligencer (Romney, Va. [W....)",1835,9,12,"seq-2","ed-1",2,"West Virginia",843,1674,701309,149,"students","~/Code/hcij_lynching_phase_two/Storage_Older_Versions/latest_articles_aug23/16756_0.txt"
"317","16756_0.txt","of a proceeding under the Lynch code,","16756_0",16756,"0",1835-09-12,"https://articleextractor.org/pages/16756/wvu_queen_ver01/sn84026826/1835/09/12/ed-1/seq-2/2","Yes","","","","x","Mentions two people being sentenced to hang by citizens in St. Helena, LA. ","","sn84026826","South Branch intelligencer (Romney, Va. [W....)",1835,9,12,"seq-2","ed-1",2,"West Virginia",843,1674,701309,149,"students","~/Code/hcij_lynching_phase_two/Storage_Older_Versions/latest_articles_aug23/16756_0.txt"
"318","16756_0.txt","in Livingston county, whither two brothers","16756_0",16756,"0",1835-09-12,"https://articleextractor.org/pages/16756/wvu_queen_ver01/sn84026826/1835/09/12/ed-1/seq-2/2","Yes","","","","x","Mentions two people being sentenced to hang by citizens in St. Helena, LA. ","","sn84026826","South Branch intelligencer (Romney, Va. [W....)",1835,9,12,"seq-2","ed-1",2,"West Virginia",843,1674,701309,149,"students","~/Code/hcij_lynching_phase_two/Storage_Older_Versions/latest_articles_aug23/16756_0.txt"
"319","16756_0.txt","William and John Earle had","16756_0",16756,"0",1835-09-12,"https://articleextractor.org/pages/16756/wvu_queen_ver01/sn84026826/1835/09/12/ed-1/seq-2/2","Yes","","","","x","Mentions two people being sentenced to hang by citizens in St. Helena, LA. ","","sn84026826","South Branch intelligencer (Romney, Va. [W....)",1835,9,12,"seq-2","ed-1",2,"West Virginia",843,1674,701309,149,"students","~/Code/hcij_lynching_phase_two/Storage_Older_Versions/latest_articles_aug23/16756_0.txt"
"320","16756_0.txt","been sent by the committee of safety at","16756_0",16756,"0",1835-09-12,"https://articleextractor.org/pages/16756/wvu_queen_ver01/sn84026826/1835/09/12/ed-1/seq-2/2","Yes","","","","x","Mentions two people being sentenced to hang by citizens in St. Helena, LA. ","","sn84026826","South Branch intelligencer (Romney, Va. [W....)",1835,9,12,"seq-2","ed-1",2,"West Virginia",843,1674,701309,149,"students","~/Code/hcij_lynching_phase_two/Storage_Older_Versions/latest_articles_aug23/16756_0.txt"
"321","16756_0.txt","Vicksburg, in order to be tried there","16756_0",16756,"0",1835-09-12,"https://articleextractor.org/pages/16756/wvu_queen_ver01/sn84026826/1835/09/12/ed-1/seq-2/2","Yes","","","","x","Mentions two people being sentenced to hang by citizens in St. Helena, LA. ","","sn84026826","South Branch intelligencer (Romney, Va. [W....)",1835,9,12,"seq-2","ed-1",2,"West Virginia",843,1674,701309,149,"students","~/Code/hcij_lynching_phase_two/Storage_Older_Versions/latest_articles_aug23/16756_0.txt"
"322","16756_0.txt","where they were best known. They","16756_0",16756,"0",1835-09-12,"https://articleextractor.org/pages/16756/wvu_queen_ver01/sn84026826/1835/09/12/ed-1/seq-2/2","Yes","","","","x","Mentions two people being sentenced to hang by citizens in St. Helena, LA. ","","sn84026826","South Branch intelligencer (Romney, Va. [W....)",1835,9,12,"seq-2","ed-1",2,"West Virginia",843,1674,701309,149,"students","~/Code/hcij_lynching_phase_two/Storage_Older_Versions/latest_articles_aug23/16756_0.txt"
"323","16756_0.txt","had been implicated by Dr. Cotton, as","16756_0",16756,"0",1835-09-12,"https://articleextractor.org/pages/16756/wvu_queen_ver01/sn84026826/1835/09/12/ed-1/seq-2/2","Yes","","","","x","Mentions two people being sentenced to hang by citizens in St. Helena, LA. ","","sn84026826","South Branch intelligencer (Romney, Va. [W....)",1835,9,12,"seq-2","ed-1",2,"West Virginia",843,1674,701309,149,"students","~/Code/hcij_lynching_phase_two/Storage_Older_Versions/latest_articles_aug23/16756_0.txt"
"324","16756_0.txt","intended leaders of the conspiracy in","16756_0",16756,"0",1835-09-12,"https://articleextractor.org/pages/16756/wvu_queen_ver01/sn84026826/1835/09/12/ed-1/seq-2/2","Yes","","","","x","Mentions two people being sentenced to hang by citizens in St. Helena, LA. ","","sn84026826","South Branch intelligencer (Romney, Va. [W....)",1835,9,12,"seq-2","ed-1",2,"West Virginia",843,1674,701309,149,"students","~/Code/hcij_lynching_phase_two/Storage_Older_Versions/latest_articles_aug23/16756_0.txt"
"325","16756_0.txt","Warren county. Judge Lynch's committee","16756_0",16756,"0",1835-09-12,"https://articleextractor.org/pages/16756/wvu_queen_ver01/sn84026826/1835/09/12/ed-1/seq-2/2","Yes","","","","x","Mentions two people being sentenced to hang by citizens in St. Helena, LA. ","","sn84026826","South Branch intelligencer (Romney, Va. [W....)",1835,9,12,"seq-2","ed-1",2,"West Virginia",843,1674,701309,149,"students","~/Code/hcij_lynching_phase_two/Storage_Older_Versions/latest_articles_aug23/16756_0.txt"
"326","16756_0.txt","sat in trial on the brothers, con","16756_0",16756,"0",1835-09-12,"https://articleextractor.org/pages/16756/wvu_queen_ver01/sn84026826/1835/09/12/ed-1/seq-2/2","Yes","","","","x","Mentions two people being sentenced to hang by citizens in St. Helena, LA. ","","sn84026826","South Branch intelligencer (Romney, Va. [W....)",1835,9,12,"seq-2","ed-1",2,"West Virginia",843,1674,701309,149,"students","~/Code/hcij_lynching_phase_two/Storage_Older_Versions/latest_articles_aug23/16756_0.txt"
"327","16756_0.txt","fining and examining them separately;","16756_0",16756,"0",1835-09-12,"https://articleextractor.org/pages/16756/wvu_queen_ver01/sn84026826/1835/09/12/ed-1/seq-2/2","Yes","","","","x","Mentions two people being sentenced to hang by citizens in St. Helena, LA. ","","sn84026826","South Branch intelligencer (Romney, Va. [W....)",1835,9,12,"seq-2","ed-1",2,"West Virginia",843,1674,701309,149,"students","~/Code/hcij_lynching_phase_two/Storage_Older_Versions/latest_articles_aug23/16756_0.txt"
"328","16756_0.txt","and each without any hope, fear or","16756_0",16756,"0",1835-09-12,"https://articleextractor.org/pages/16756/wvu_queen_ver01/sn84026826/1835/09/12/ed-1/seq-2/2","Yes","","","","x","Mentions two people being sentenced to hang by citizens in St. Helena, LA. ","","sn84026826","South Branch intelligencer (Romney, Va. [W....)",1835,9,12,"seq-2","ed-1",2,"West Virginia",843,1674,701309,149,"students","~/Code/hcij_lynching_phase_two/Storage_Older_Versions/latest_articles_aug23/16756_0.txt"
"329","16756_0.txt","compulsion confessed a knowledge of","16756_0",16756,"0",1835-09-12,"https://articleextractor.org/pages/16756/wvu_queen_ver01/sn84026826/1835/09/12/ed-1/seq-2/2","Yes","","","","x","Mentions two people being sentenced to hang by citizens in St. Helena, LA. ","","sn84026826","South Branch intelligencer (Romney, Va. [W....)",1835,9,12,"seq-2","ed-1",2,"West Virginia",843,1674,701309,149,"students","~/Code/hcij_lynching_phase_two/Storage_Older_Versions/latest_articles_aug23/16756_0.txt"
"330","16756_0.txt","the conspiracy some months previously","16756_0",16756,"0",1835-09-12,"https://articleextractor.org/pages/16756/wvu_queen_ver01/sn84026826/1835/09/12/ed-1/seq-2/2","Yes","","","","x","Mentions two people being sentenced to hang by citizens in St. Helena, LA. ","","sn84026826","South Branch intelligencer (Romney, Va. [W....)",1835,9,12,"seq-2","ed-1",2,"West Virginia",843,1674,701309,149,"students","~/Code/hcij_lynching_phase_two/Storage_Older_Versions/latest_articles_aug23/16756_0.txt"
"331","16756_0.txt","-but denied having taken any part in","16756_0",16756,"0",1835-09-12,"https://articleextractor.org/pages/16756/wvu_queen_ver01/sn84026826/1835/09/12/ed-1/seq-2/2","Yes","","","","x","Mentions two people being sentenced to hang by citizens in St. Helena, LA. ","","sn84026826","South Branch intelligencer (Romney, Va. [W....)",1835,9,12,"seq-2","ed-1",2,"West Virginia",843,1674,701309,149,"students","~/Code/hcij_lynching_phase_two/Storage_Older_Versions/latest_articles_aug23/16756_0.txt"
"332","16756_0.txt","it. John indeed accused his brother;","16756_0",16756,"0",1835-09-12,"https://articleextractor.org/pages/16756/wvu_queen_ver01/sn84026826/1835/09/12/ed-1/seq-2/2","Yes","","","","x","Mentions two people being sentenced to hang by citizens in St. Helena, LA. ","","sn84026826","South Branch intelligencer (Romney, Va. [W....)",1835,9,12,"seq-2","ed-1",2,"West Virginia",843,1674,701309,149,"students","~/Code/hcij_lynching_phase_two/Storage_Older_Versions/latest_articles_aug23/16756_0.txt"
"333","16756_0.txt","they both accused Boyd, who es-","16756_0",16756,"0",1835-09-12,"https://articleextractor.org/pages/16756/wvu_queen_ver01/sn84026826/1835/09/12/ed-1/seq-2/2","Yes","","","","x","Mentions two people being sentenced to hang by citizens in St. Helena, LA. ","","sn84026826","South Branch intelligencer (Romney, Va. [W....)",1835,9,12,"seq-2","ed-1",2,"West Virginia",843,1674,701309,149,"students","~/Code/hcij_lynching_phase_two/Storage_Older_Versions/latest_articles_aug23/16756_0.txt"
"334","16756_0.txt","and caped conviction at Vicksburg, and","16756_0",16756,"0",1835-09-12,"https://articleextractor.org/pages/16756/wvu_queen_ver01/sn84026826/1835/09/12/ed-1/seq-2/2","Yes","","","","x","Mentions two people being sentenced to hang by citizens in St. Helena, LA. ","","sn84026826","South Branch intelligencer (Romney, Va. [W....)",1835,9,12,"seq-2","ed-1",2,"West Virginia",843,1674,701309,149,"students","~/Code/hcij_lynching_phase_two/Storage_Older_Versions/latest_articles_aug23/16756_0.txt"
"335","16771_0.txt","The REMEMBERED.- TO BE THINGS","16771_0",16771,"0",1837-08-09,"https://articleextractor.org/pages/16771/vtu_kirby_ver02/sn83025661/1837/08/09/ed-1/seq-2/1","Yes","","","","x","Mentions the approval of a lynching of Dresser in Nashville by Sen. White of Tennessee. 1837","","sn83025661","Vermont telegraph (Brandon [Vt.])",1837,8,9,"seq-2","ed-1",1,"Vermont",854,1685,669676,155,"students","~/Code/hcij_lynching_phase_two/Storage_Older_Versions/latest_articles_aug23/16771_0.txt"
"336","16771_0.txt","open- Tennessee, of White, Senator Hon.","16771_0",16771,"0",1837-08-09,"https://articleextractor.org/pages/16771/vtu_kirby_ver02/sn83025661/1837/08/09/ed-1/seq-2/1","Yes","","","","x","Mentions the approval of a lynching of Dresser in Nashville by Sen. White of Tennessee. 1837","","sn83025661","Vermont telegraph (Brandon [Vt.])",1837,8,9,"seq-2","ed-1",1,"Vermont",854,1685,669676,155,"students","~/Code/hcij_lynching_phase_two/Storage_Older_Versions/latest_articles_aug23/16771_0.txt"
"337","16771_0.txt","Senate, his place in the defended, in ly","16771_0",16771,"0",1837-08-09,"https://articleextractor.org/pages/16771/vtu_kirby_ver02/sn83025661/1837/08/09/ed-1/seq-2/1","Yes","","","","x","Mentions the approval of a lynching of Dresser in Nashville by Sen. White of Tennessee. 1837","","sn83025661","Vermont telegraph (Brandon [Vt.])",1837,8,9,"seq-2","ed-1",1,"Vermont",854,1685,669676,155,"students","~/Code/hcij_lynching_phase_two/Storage_Older_Versions/latest_articles_aug23/16771_0.txt"
"338","16771_0.txt","the lynching of Dresser, at Nashville.","16771_0",16771,"0",1837-08-09,"https://articleextractor.org/pages/16771/vtu_kirby_ver02/sn83025661/1837/08/09/ed-1/seq-2/1","Yes","","","","x","Mentions the approval of a lynching of Dresser in Nashville by Sen. White of Tennessee. 1837","","sn83025661","Vermont telegraph (Brandon [Vt.])",1837,8,9,"seq-2","ed-1",1,"Vermont",854,1685,669676,155,"students","~/Code/hcij_lynching_phase_two/Storage_Older_Versions/latest_articles_aug23/16771_0.txt"
"339","16771_0.txt","His colleague, Senator Grundy, also","16771_0",16771,"0",1837-08-09,"https://articleextractor.org/pages/16771/vtu_kirby_ver02/sn83025661/1837/08/09/ed-1/seq-2/1","Yes","","","","x","Mentions the approval of a lynching of Dresser in Nashville by Sen. White of Tennessee. 1837","","sn83025661","Vermont telegraph (Brandon [Vt.])",1837,8,9,"seq-2","ed-1",1,"Vermont",854,1685,669676,155,"students","~/Code/hcij_lynching_phase_two/Storage_Older_Versions/latest_articles_aug23/16771_0.txt"
"340","16771_0.txt","ab- disposal of such summary advocated a","16771_0",16771,"0",1837-08-09,"https://articleextractor.org/pages/16771/vtu_kirby_ver02/sn83025661/1837/08/09/ed-1/seq-2/1","Yes","","","","x","Mentions the approval of a lynching of Dresser in Nashville by Sen. White of Tennessee. 1837","","sn83025661","Vermont telegraph (Brandon [Vt.])",1837,8,9,"seq-2","ed-1",1,"Vermont",854,1685,669676,155,"students","~/Code/hcij_lynching_phase_two/Storage_Older_Versions/latest_articles_aug23/16771_0.txt"
"341","16771_0.txt","Tennes into should venture alitionists as","16771_0",16771,"0",1837-08-09,"https://articleextractor.org/pages/16771/vtu_kirby_ver02/sn83025661/1837/08/09/ed-1/seq-2/1","Yes","","","","x","Mentions the approval of a lynching of Dresser in Nashville by Sen. White of Tennessee. 1837","","sn83025661","Vermont telegraph (Brandon [Vt.])",1837,8,9,"seq-2","ed-1",1,"Vermont",854,1685,669676,155,"students","~/Code/hcij_lynching_phase_two/Storage_Older_Versions/latest_articles_aug23/16771_0.txt"
"342","16771_0.txt","in a Ohio asked, of Morris, see Senator.","16771_0",16771,"0",1837-08-09,"https://articleextractor.org/pages/16771/vtu_kirby_ver02/sn83025661/1837/08/09/ed-1/seq-2/1","Yes","","","","x","Mentions the approval of a lynching of Dresser in Nashville by Sen. White of Tennessee. 1837","","sn83025661","Vermont telegraph (Brandon [Vt.])",1837,8,9,"seq-2","ed-1",1,"Vermont",854,1685,669676,155,"students","~/Code/hcij_lynching_phase_two/Storage_Older_Versions/latest_articles_aug23/16771_0.txt"
"343","16771_0.txt","astonishment, indignation and of tone","16771_0",16771,"0",1837-08-09,"https://articleextractor.org/pages/16771/vtu_kirby_ver02/sn83025661/1837/08/09/ed-1/seq-2/1","Yes","","","","x","Mentions the approval of a lynching of Dresser in Nashville by Sen. White of Tennessee. 1837","","sn83025661","Vermont telegraph (Brandon [Vt.])",1837,8,9,"seq-2","ed-1",1,"Vermont",854,1685,669676,155,"students","~/Code/hcij_lynching_phase_two/Storage_Older_Versions/latest_articles_aug23/16771_0.txt"
"344","16771_0.txt","renerable and honorable Does the","16771_0",16771,"0",1837-08-09,"https://articleextractor.org/pages/16771/vtu_kirby_ver02/sn83025661/1837/08/09/ed-1/seq-2/1","Yes","","","","x","Mentions the approval of a lynching of Dresser in Nashville by Sen. White of Tennessee. 1837","","sn83025661","Vermont telegraph (Brandon [Vt.])",1837,8,9,"seq-2","ed-1",1,"Vermont",854,1685,669676,155,"students","~/Code/hcij_lynching_phase_two/Storage_Older_Versions/latest_articles_aug23/16771_0.txt"
"345","16771_0.txt","The LAW LYNCH?"" approve of then tor","16771_0",16771,"0",1837-08-09,"https://articleextractor.org/pages/16771/vtu_kirby_ver02/sn83025661/1837/08/09/ed-1/seq-2/1","Yes","","","","x","Mentions the approval of a lynching of Dresser in Nashville by Sen. White of Tennessee. 1837","","sn83025661","Vermont telegraph (Brandon [Vt.])",1837,8,9,"seq-2","ed-1",1,"Vermont",854,1685,669676,155,"students","~/Code/hcij_lynching_phase_two/Storage_Older_Versions/latest_articles_aug23/16771_0.txt"
"346","16771_0.txt","his head in nodded Tennessee Senator of","16771_0",16771,"0",1837-08-09,"https://articleextractor.org/pages/16771/vtu_kirby_ver02/sn83025661/1837/08/09/ed-1/seq-2/1","Yes","","","","x","Mentions the approval of a lynching of Dresser in Nashville by Sen. White of Tennessee. 1837","","sn83025661","Vermont telegraph (Brandon [Vt.])",1837,8,9,"seq-2","ed-1",1,"Vermont",854,1685,669676,155,"students","~/Code/hcij_lynching_phase_two/Storage_Older_Versions/latest_articles_aug23/16771_0.txt"
"347","16771_0.txt","assent.","16771_0",16771,"0",1837-08-09,"https://articleextractor.org/pages/16771/vtu_kirby_ver02/sn83025661/1837/08/09/ed-1/seq-2/1","Yes","","","","x","Mentions the approval of a lynching of Dresser in Nashville by Sen. White of Tennessee. 1837","","sn83025661","Vermont telegraph (Brandon [Vt.])",1837,8,9,"seq-2","ed-1",1,"Vermont",854,1685,669676,155,"students","~/Code/hcij_lynching_phase_two/Storage_Older_Versions/latest_articles_aug23/16771_0.txt"
"348","16774_0.txt","the Hagerstown Torch Light.","16774_0",16774,"0",1839-06-20,"https://articleextractor.org/pages/16774/wvu_jacob_ver01/sn84026784/1839/06/20/ed-1/seq-3/1","Yes","Yes","","","x","Attempted lynching of a Black man who eloped with a white woman. In Hagerstown. Paper published in 1839.","","sn84026784",NA,1839,6,20,"seq-3","ed-1",1,"West Virginia",857,1688,699872,158,"students","~/Code/hcij_lynching_phase_two/Storage_Older_Versions/latest_articles_aug23/16774_0.txt"
"349","16774_0.txt","ELOPEMENT LYNCH LAW.- A while","16774_0",16774,"0",1839-06-20,"https://articleextractor.org/pages/16774/wvu_jacob_ver01/sn84026784/1839/06/20/ed-1/seq-3/1","Yes","Yes","","","x","Attempted lynching of a Black man who eloped with a white woman. In Hagerstown. Paper published in 1839.","","sn84026784",NA,1839,6,20,"seq-3","ed-1",1,"West Virginia",857,1688,699872,158,"students","~/Code/hcij_lynching_phase_two/Storage_Older_Versions/latest_articles_aug23/16774_0.txt"
"350","16774_0.txt","girl, aged about 17 or 18, of respectable","16774_0",16774,"0",1839-06-20,"https://articleextractor.org/pages/16774/wvu_jacob_ver01/sn84026784/1839/06/20/ed-1/seq-3/1","Yes","Yes","","","x","Attempted lynching of a Black man who eloped with a white woman. In Hagerstown. Paper published in 1839.","","sn84026784",NA,1839,6,20,"seq-3","ed-1",1,"West Virginia",857,1688,699872,158,"students","~/Code/hcij_lynching_phase_two/Storage_Older_Versions/latest_articles_aug23/16774_0.txt"
"351","16774_0.txt","parentage, eloped from Frederick county,","16774_0",16774,"0",1839-06-20,"https://articleextractor.org/pages/16774/wvu_jacob_ver01/sn84026784/1839/06/20/ed-1/seq-3/1","Yes","Yes","","","x","Attempted lynching of a Black man who eloped with a white woman. In Hagerstown. Paper published in 1839.","","sn84026784",NA,1839,6,20,"seq-3","ed-1",1,"West Virginia",857,1688,699872,158,"students","~/Code/hcij_lynching_phase_two/Storage_Older_Versions/latest_articles_aug23/16774_0.txt"
"352","16774_0.txt","last week, with a rough, rude, overgrown","16774_0",16774,"0",1839-06-20,"https://articleextractor.org/pages/16774/wvu_jacob_ver01/sn84026784/1839/06/20/ed-1/seq-3/1","Yes","Yes","","","x","Attempted lynching of a Black man who eloped with a white woman. In Hagerstown. Paper published in 1839.","","sn84026784",NA,1839,6,20,"seq-3","ed-1",1,"West Virginia",857,1688,699872,158,"students","~/Code/hcij_lynching_phase_two/Storage_Older_Versions/latest_articles_aug23/16774_0.txt"
"353","16774_0.txt","black fellow. On Saturday night, at a","16774_0",16774,"0",1839-06-20,"https://articleextractor.org/pages/16774/wvu_jacob_ver01/sn84026784/1839/06/20/ed-1/seq-3/1","Yes","Yes","","","x","Attempted lynching of a Black man who eloped with a white woman. In Hagerstown. Paper published in 1839.","","sn84026784",NA,1839,6,20,"seq-3","ed-1",1,"West Virginia",857,1688,699872,158,"students","~/Code/hcij_lynching_phase_two/Storage_Older_Versions/latest_articles_aug23/16774_0.txt"
"354","16774_0.txt","late hour, they arrived in Hagerstown on","16774_0",16774,"0",1839-06-20,"https://articleextractor.org/pages/16774/wvu_jacob_ver01/sn84026784/1839/06/20/ed-1/seq-3/1","Yes","Yes","","","x","Attempted lynching of a Black man who eloped with a white woman. In Hagerstown. Paper published in 1839.","","sn84026784",NA,1839,6,20,"seq-3","ed-1",1,"West Virginia",857,1688,699872,158,"students","~/Code/hcij_lynching_phase_two/Storage_Older_Versions/latest_articles_aug23/16774_0.txt"
"355","16774_0.txt","their way for Pennsylvania, and were","16774_0",16774,"0",1839-06-20,"https://articleextractor.org/pages/16774/wvu_jacob_ver01/sn84026784/1839/06/20/ed-1/seq-3/1","Yes","Yes","","","x","Attempted lynching of a Black man who eloped with a white woman. In Hagerstown. Paper published in 1839.","","sn84026784",NA,1839,6,20,"seq-3","ed-1",1,"West Virginia",857,1688,699872,158,"students","~/Code/hcij_lynching_phase_two/Storage_Older_Versions/latest_articles_aug23/16774_0.txt"
"356","16774_0.txt","arrested by our vigilant police officers.","16774_0",16774,"0",1839-06-20,"https://articleextractor.org/pages/16774/wvu_jacob_ver01/sn84026784/1839/06/20/ed-1/seq-3/1","Yes","Yes","","","x","Attempted lynching of a Black man who eloped with a white woman. In Hagerstown. Paper published in 1839.","","sn84026784",NA,1839,6,20,"seq-3","ed-1",1,"West Virginia",857,1688,699872,158,"students","~/Code/hcij_lynching_phase_two/Storage_Older_Versions/latest_articles_aug23/16774_0.txt"
"357","16774_0.txt","The black fellow was committed to jail","16774_0",16774,"0",1839-06-20,"https://articleextractor.org/pages/16774/wvu_jacob_ver01/sn84026784/1839/06/20/ed-1/seq-3/1","Yes","Yes","","","x","Attempted lynching of a Black man who eloped with a white woman. In Hagerstown. Paper published in 1839.","","sn84026784",NA,1839,6,20,"seq-3","ed-1",1,"West Virginia",857,1688,699872,158,"students","~/Code/hcij_lynching_phase_two/Storage_Older_Versions/latest_articles_aug23/16774_0.txt"
"358","16774_0.txt","and the deluded girl taken care of until","16774_0",16774,"0",1839-06-20,"https://articleextractor.org/pages/16774/wvu_jacob_ver01/sn84026784/1839/06/20/ed-1/seq-3/1","Yes","Yes","","","x","Attempted lynching of a Black man who eloped with a white woman. In Hagerstown. Paper published in 1839.","","sn84026784",NA,1839,6,20,"seq-3","ed-1",1,"West Virginia",857,1688,699872,158,"students","~/Code/hcij_lynching_phase_two/Storage_Older_Versions/latest_articles_aug23/16774_0.txt"
"359","16774_0.txt","Monday morning, when the man was ta","16774_0",16774,"0",1839-06-20,"https://articleextractor.org/pages/16774/wvu_jacob_ver01/sn84026784/1839/06/20/ed-1/seq-3/1","Yes","Yes","","","x","Attempted lynching of a Black man who eloped with a white woman. In Hagerstown. Paper published in 1839.","","sn84026784",NA,1839,6,20,"seq-3","ed-1",1,"West Virginia",857,1688,699872,158,"students","~/Code/hcij_lynching_phase_two/Storage_Older_Versions/latest_articles_aug23/16774_0.txt"
"360","16774_0.txt","ken before one of our magistrates; but","16774_0",16774,"0",1839-06-20,"https://articleextractor.org/pages/16774/wvu_jacob_ver01/sn84026784/1839/06/20/ed-1/seq-3/1","Yes","Yes","","","x","Attempted lynching of a Black man who eloped with a white woman. In Hagerstown. Paper published in 1839.","","sn84026784",NA,1839,6,20,"seq-3","ed-1",1,"West Virginia",857,1688,699872,158,"students","~/Code/hcij_lynching_phase_two/Storage_Older_Versions/latest_articles_aug23/16774_0.txt"
"361","16774_0.txt","having committed no offence, as it was","16774_0",16774,"0",1839-06-20,"https://articleextractor.org/pages/16774/wvu_jacob_ver01/sn84026784/1839/06/20/ed-1/seq-3/1","Yes","Yes","","","x","Attempted lynching of a Black man who eloped with a white woman. In Hagerstown. Paper published in 1839.","","sn84026784",NA,1839,6,20,"seq-3","ed-1",1,"West Virginia",857,1688,699872,158,"students","~/Code/hcij_lynching_phase_two/Storage_Older_Versions/latest_articles_aug23/16774_0.txt"
"362","16774_0.txt","thought, for which the law provided a","16774_0",16774,"0",1839-06-20,"https://articleextractor.org/pages/16774/wvu_jacob_ver01/sn84026784/1839/06/20/ed-1/seq-3/1","Yes","Yes","","","x","Attempted lynching of a Black man who eloped with a white woman. In Hagerstown. Paper published in 1839.","","sn84026784",NA,1839,6,20,"seq-3","ed-1",1,"West Virginia",857,1688,699872,158,"students","~/Code/hcij_lynching_phase_two/Storage_Older_Versions/latest_articles_aug23/16774_0.txt"
"363","16774_0.txt","punishment, he was about being dismiss","16774_0",16774,"0",1839-06-20,"https://articleextractor.org/pages/16774/wvu_jacob_ver01/sn84026784/1839/06/20/ed-1/seq-3/1","Yes","Yes","","","x","Attempted lynching of a Black man who eloped with a white woman. In Hagerstown. Paper published in 1839.","","sn84026784",NA,1839,6,20,"seq-3","ed-1",1,"West Virginia",857,1688,699872,158,"students","~/Code/hcij_lynching_phase_two/Storage_Older_Versions/latest_articles_aug23/16774_0.txt"
"364","16774_0.txt","ed, when the mob manifested a disposition","16774_0",16774,"0",1839-06-20,"https://articleextractor.org/pages/16774/wvu_jacob_ver01/sn84026784/1839/06/20/ed-1/seq-3/1","Yes","Yes","","","x","Attempted lynching of a Black man who eloped with a white woman. In Hagerstown. Paper published in 1839.","","sn84026784",NA,1839,6,20,"seq-3","ed-1",1,"West Virginia",857,1688,699872,158,"students","~/Code/hcij_lynching_phase_two/Storage_Older_Versions/latest_articles_aug23/16774_0.txt"
"365","16774_0.txt","to take him in hand- a commitment","16774_0",16774,"0",1839-06-20,"https://articleextractor.org/pages/16774/wvu_jacob_ver01/sn84026784/1839/06/20/ed-1/seq-3/1","Yes","Yes","","","x","Attempted lynching of a Black man who eloped with a white woman. In Hagerstown. Paper published in 1839.","","sn84026784",NA,1839,6,20,"seq-3","ed-1",1,"West Virginia",857,1688,699872,158,"students","~/Code/hcij_lynching_phase_two/Storage_Older_Versions/latest_articles_aug23/16774_0.txt"
"366","16774_0.txt","was then made out for the purpose of plac.","16774_0",16774,"0",1839-06-20,"https://articleextractor.org/pages/16774/wvu_jacob_ver01/sn84026784/1839/06/20/ed-1/seq-3/1","Yes","Yes","","","x","Attempted lynching of a Black man who eloped with a white woman. In Hagerstown. Paper published in 1839.","","sn84026784",NA,1839,6,20,"seq-3","ed-1",1,"West Virginia",857,1688,699872,158,"students","~/Code/hcij_lynching_phase_two/Storage_Older_Versions/latest_articles_aug23/16774_0.txt"
"367","16774_0.txt","ing him in Jail beyond the reach of the","16774_0",16774,"0",1839-06-20,"https://articleextractor.org/pages/16774/wvu_jacob_ver01/sn84026784/1839/06/20/ed-1/seq-3/1","Yes","Yes","","","x","Attempted lynching of a Black man who eloped with a white woman. In Hagerstown. Paper published in 1839.","","sn84026784",NA,1839,6,20,"seq-3","ed-1",1,"West Virginia",857,1688,699872,158,"students","~/Code/hcij_lynching_phase_two/Storage_Older_Versions/latest_articles_aug23/16774_0.txt"
"368","16774_0.txt","mob, and he was given over to the peace","16774_0",16774,"0",1839-06-20,"https://articleextractor.org/pages/16774/wvu_jacob_ver01/sn84026784/1839/06/20/ed-1/seq-3/1","Yes","Yes","","","x","Attempted lynching of a Black man who eloped with a white woman. In Hagerstown. Paper published in 1839.","","sn84026784",NA,1839,6,20,"seq-3","ed-1",1,"West Virginia",857,1688,699872,158,"students","~/Code/hcij_lynching_phase_two/Storage_Older_Versions/latest_articles_aug23/16774_0.txt"
"369","16774_0.txt","officers; but on the way to the Jail, the in-.","16774_0",16774,"0",1839-06-20,"https://articleextractor.org/pages/16774/wvu_jacob_ver01/sn84026784/1839/06/20/ed-1/seq-3/1","Yes","Yes","","","x","Attempted lynching of a Black man who eloped with a white woman. In Hagerstown. Paper published in 1839.","","sn84026784",NA,1839,6,20,"seq-3","ed-1",1,"West Virginia",857,1688,699872,158,"students","~/Code/hcij_lynching_phase_two/Storage_Older_Versions/latest_articles_aug23/16774_0.txt"
"370","16774_0.txt","dignant crowd seized him, and placing","16774_0",16774,"0",1839-06-20,"https://articleextractor.org/pages/16774/wvu_jacob_ver01/sn84026784/1839/06/20/ed-1/seq-3/1","Yes","Yes","","","x","Attempted lynching of a Black man who eloped with a white woman. In Hagerstown. Paper published in 1839.","","sn84026784",NA,1839,6,20,"seq-3","ed-1",1,"West Virginia",857,1688,699872,158,"students","~/Code/hcij_lynching_phase_two/Storage_Older_Versions/latest_articles_aug23/16774_0.txt"
"371","16774_0.txt","him on a rail, rushed forward with the","16774_0",16774,"0",1839-06-20,"https://articleextractor.org/pages/16774/wvu_jacob_ver01/sn84026784/1839/06/20/ed-1/seq-3/1","Yes","Yes","","","x","Attempted lynching of a Black man who eloped with a white woman. In Hagerstown. Paper published in 1839.","","sn84026784",NA,1839,6,20,"seq-3","ed-1",1,"West Virginia",857,1688,699872,158,"students","~/Code/hcij_lynching_phase_two/Storage_Older_Versions/latest_articles_aug23/16774_0.txt"
"372","16774_0.txt","intention of passing the Jail gate. The","16774_0",16774,"0",1839-06-20,"https://articleextractor.org/pages/16774/wvu_jacob_ver01/sn84026784/1839/06/20/ed-1/seq-3/1","Yes","Yes","","","x","Attempted lynching of a Black man who eloped with a white woman. In Hagerstown. Paper published in 1839.","","sn84026784",NA,1839,6,20,"seq-3","ed-1",1,"West Virginia",857,1688,699872,158,"students","~/Code/hcij_lynching_phase_two/Storage_Older_Versions/latest_articles_aug23/16774_0.txt"
"373","16774_0.txt","officers who had him in charge, however,","16774_0",16774,"0",1839-06-20,"https://articleextractor.org/pages/16774/wvu_jacob_ver01/sn84026784/1839/06/20/ed-1/seq-3/1","Yes","Yes","","","x","Attempted lynching of a Black man who eloped with a white woman. In Hagerstown. Paper published in 1839.","","sn84026784",NA,1839,6,20,"seq-3","ed-1",1,"West Virginia",857,1688,699872,158,"students","~/Code/hcij_lynching_phase_two/Storage_Older_Versions/latest_articles_aug23/16774_0.txt"
"374","16774_0.txt","with great exertions, and much to their","16774_0",16774,"0",1839-06-20,"https://articleextractor.org/pages/16774/wvu_jacob_ver01/sn84026784/1839/06/20/ed-1/seq-3/1","Yes","Yes","","","x","Attempted lynching of a Black man who eloped with a white woman. In Hagerstown. Paper published in 1839.","","sn84026784",NA,1839,6,20,"seq-3","ed-1",1,"West Virginia",857,1688,699872,158,"students","~/Code/hcij_lynching_phase_two/Storage_Older_Versions/latest_articles_aug23/16774_0.txt"
"375","16774_0.txt","credis, succeeded in directing the course","16774_0",16774,"0",1839-06-20,"https://articleextractor.org/pages/16774/wvu_jacob_ver01/sn84026784/1839/06/20/ed-1/seq-3/1","Yes","Yes","","","x","Attempted lynching of a Black man who eloped with a white woman. In Hagerstown. Paper published in 1839.","","sn84026784",NA,1839,6,20,"seq-3","ed-1",1,"West Virginia",857,1688,699872,158,"students","~/Code/hcij_lynching_phase_two/Storage_Older_Versions/latest_articles_aug23/16774_0.txt"
"376","16774_0.txt","of the mob into the gate, and thus got","16774_0",16774,"0",1839-06-20,"https://articleextractor.org/pages/16774/wvu_jacob_ver01/sn84026784/1839/06/20/ed-1/seq-3/1","Yes","Yes","","","x","Attempted lynching of a Black man who eloped with a white woman. In Hagerstown. Paper published in 1839.","","sn84026784",NA,1839,6,20,"seq-3","ed-1",1,"West Virginia",857,1688,699872,158,"students","~/Code/hcij_lynching_phase_two/Storage_Older_Versions/latest_articles_aug23/16774_0.txt"
"377","16774_0.txt","their charge within the prison yard.","16774_0",16774,"0",1839-06-20,"https://articleextractor.org/pages/16774/wvu_jacob_ver01/sn84026784/1839/06/20/ed-1/seq-3/1","Yes","Yes","","","x","Attempted lynching of a Black man who eloped with a white woman. In Hagerstown. Paper published in 1839.","","sn84026784",NA,1839,6,20,"seq-3","ed-1",1,"West Virginia",857,1688,699872,158,"students","~/Code/hcij_lynching_phase_two/Storage_Older_Versions/latest_articles_aug23/16774_0.txt"
"378","16774_0.txt","Here a parley took place which resulted","16774_0",16774,"0",1839-06-20,"https://articleextractor.org/pages/16774/wvu_jacob_ver01/sn84026784/1839/06/20/ed-1/seq-3/1","Yes","Yes","","","x","Attempted lynching of a Black man who eloped with a white woman. In Hagerstown. Paper published in 1839.","","sn84026784",NA,1839,6,20,"seq-3","ed-1",1,"West Virginia",857,1688,699872,158,"students","~/Code/hcij_lynching_phase_two/Storage_Older_Versions/latest_articles_aug23/16774_0.txt"
"379","16774_0.txt","in a compromise, according to which the","16774_0",16774,"0",1839-06-20,"https://articleextractor.org/pages/16774/wvu_jacob_ver01/sn84026784/1839/06/20/ed-1/seq-3/1","Yes","Yes","","","x","Attempted lynching of a Black man who eloped with a white woman. In Hagerstown. Paper published in 1839.","","sn84026784",NA,1839,6,20,"seq-3","ed-1",1,"West Virginia",857,1688,699872,158,"students","~/Code/hcij_lynching_phase_two/Storage_Older_Versions/latest_articles_aug23/16774_0.txt"
"380","16774_0.txt","offender received thirty nine stripes on","16774_0",16774,"0",1839-06-20,"https://articleextractor.org/pages/16774/wvu_jacob_ver01/sn84026784/1839/06/20/ed-1/seq-3/1","Yes","Yes","","","x","Attempted lynching of a Black man who eloped with a white woman. In Hagerstown. Paper published in 1839.","","sn84026784",NA,1839,6,20,"seq-3","ed-1",1,"West Virginia",857,1688,699872,158,"students","~/Code/hcij_lynching_phase_two/Storage_Older_Versions/latest_articles_aug23/16774_0.txt"
"381","16774_0.txt","the bare back, well laid on. He was then","16774_0",16774,"0",1839-06-20,"https://articleextractor.org/pages/16774/wvu_jacob_ver01/sn84026784/1839/06/20/ed-1/seq-3/1","Yes","Yes","","","x","Attempted lynching of a Black man who eloped with a white woman. In Hagerstown. Paper published in 1839.","","sn84026784",NA,1839,6,20,"seq-3","ed-1",1,"West Virginia",857,1688,699872,158,"students","~/Code/hcij_lynching_phase_two/Storage_Older_Versions/latest_articles_aug23/16774_0.txt"
"382","16774_0.txt","committed; and in the afternoon, escorted","16774_0",16774,"0",1839-06-20,"https://articleextractor.org/pages/16774/wvu_jacob_ver01/sn84026784/1839/06/20/ed-1/seq-3/1","Yes","Yes","","","x","Attempted lynching of a Black man who eloped with a white woman. In Hagerstown. Paper published in 1839.","","sn84026784",NA,1839,6,20,"seq-3","ed-1",1,"West Virginia",857,1688,699872,158,"students","~/Code/hcij_lynching_phase_two/Storage_Older_Versions/latest_articles_aug23/16774_0.txt"
"383","16774_0.txt","out of Town by a committee appointed to","16774_0",16774,"0",1839-06-20,"https://articleextractor.org/pages/16774/wvu_jacob_ver01/sn84026784/1839/06/20/ed-1/seq-3/1","Yes","Yes","","","x","Attempted lynching of a Black man who eloped with a white woman. In Hagerstown. Paper published in 1839.","","sn84026784",NA,1839,6,20,"seq-3","ed-1",1,"West Virginia",857,1688,699872,158,"students","~/Code/hcij_lynching_phase_two/Storage_Older_Versions/latest_articles_aug23/16774_0.txt"
"384","16774_0.txt","Leep off the mob- and permitted to pur-","16774_0",16774,"0",1839-06-20,"https://articleextractor.org/pages/16774/wvu_jacob_ver01/sn84026784/1839/06/20/ed-1/seq-3/1","Yes","Yes","","","x","Attempted lynching of a Black man who eloped with a white woman. In Hagerstown. Paper published in 1839.","","sn84026784",NA,1839,6,20,"seq-3","ed-1",1,"West Virginia",857,1688,699872,158,"students","~/Code/hcij_lynching_phase_two/Storage_Older_Versions/latest_articles_aug23/16774_0.txt"
"385","16774_0.txt","sue his way for Pennsylvania. If","16774_0",16774,"0",1839-06-20,"https://articleextractor.org/pages/16774/wvu_jacob_ver01/sn84026784/1839/06/20/ed-1/seq-3/1","Yes","Yes","","","x","Attempted lynching of a Black man who eloped with a white woman. In Hagerstown. Paper published in 1839.","","sn84026784",NA,1839,6,20,"seq-3","ed-1",1,"West Virginia",857,1688,699872,158,"students","~/Code/hcij_lynching_phase_two/Storage_Older_Versions/latest_articles_aug23/16774_0.txt"
"386","16774_0.txt","should ever visit Hagerstown again on he a","16774_0",16774,"0",1839-06-20,"https://articleextractor.org/pages/16774/wvu_jacob_ver01/sn84026784/1839/06/20/ed-1/seq-3/1","Yes","Yes","","","x","Attempted lynching of a Black man who eloped with a white woman. In Hagerstown. Paper published in 1839.","","sn84026784",NA,1839,6,20,"seq-3","ed-1",1,"West Virginia",857,1688,699872,158,"students","~/Code/hcij_lynching_phase_two/Storage_Older_Versions/latest_articles_aug23/16774_0.txt"
"387","16790_0.txt","MURDER AND LYNCHING AT THE","16790_0",16790,"0",1841-07-22,"https://articleextractor.org/pages/16790/wvu_jacob_ver01/sn84026784/1841/07/22/ed-1/seq-1/1","Yes","","","","x","Lynching of the two Driskells (spelling is different). For murdering John Campbell. 1841","","sn84026784",NA,1841,7,22,"seq-1","ed-1",1,"West Virginia",861,1692,699910,160,"students","~/Code/hcij_lynching_phase_two/Storage_Older_Versions/latest_articles_aug23/16790_0.txt"
"388","16790_0.txt","WEST- We copy from the Chicago( Illinois)","16790_0",16790,"0",1841-07-22,"https://articleextractor.org/pages/16790/wvu_jacob_ver01/sn84026784/1841/07/22/ed-1/seq-1/1","Yes","","","","x","Lynching of the two Driskells (spelling is different). For murdering John Campbell. 1841","","sn84026784",NA,1841,7,22,"seq-1","ed-1",1,"West Virginia",861,1692,699910,160,"students","~/Code/hcij_lynching_phase_two/Storage_Older_Versions/latest_articles_aug23/16790_0.txt"
"389","16790_0.txt","American the following particulars respecting","16790_0",16790,"0",1841-07-22,"https://articleextractor.org/pages/16790/wvu_jacob_ver01/sn84026784/1841/07/22/ed-1/seq-1/1","Yes","","","","x","Lynching of the two Driskells (spelling is different). For murdering John Campbell. 1841","","sn84026784",NA,1841,7,22,"seq-1","ed-1",1,"West Virginia",861,1692,699910,160,"students","~/Code/hcij_lynching_phase_two/Storage_Older_Versions/latest_articles_aug23/16790_0.txt"
"390","16790_0.txt","the murder of a Mr. Campbell, on Rock River,","16790_0",16790,"0",1841-07-22,"https://articleextractor.org/pages/16790/wvu_jacob_ver01/sn84026784/1841/07/22/ed-1/seq-1/1","Yes","","","","x","Lynching of the two Driskells (spelling is different). For murdering John Campbell. 1841","","sn84026784",NA,1841,7,22,"seq-1","ed-1",1,"West Virginia",861,1692,699910,160,"students","~/Code/hcij_lynching_phase_two/Storage_Older_Versions/latest_articles_aug23/16790_0.txt"
"391","16790_0.txt","and the occurrences that subsequently took","16790_0",16790,"0",1841-07-22,"https://articleextractor.org/pages/16790/wvu_jacob_ver01/sn84026784/1841/07/22/ed-1/seq-1/1","Yes","","","","x","Lynching of the two Driskells (spelling is different). For murdering John Campbell. 1841","","sn84026784",NA,1841,7,22,"seq-1","ed-1",1,"West Virginia",861,1692,699910,160,"students","~/Code/hcij_lynching_phase_two/Storage_Older_Versions/latest_articles_aug23/16790_0.txt"
"392","16790_0.txt","place","16790_0",16790,"0",1841-07-22,"https://articleextractor.org/pages/16790/wvu_jacob_ver01/sn84026784/1841/07/22/ed-1/seq-1/1","Yes","","","","x","Lynching of the two Driskells (spelling is different). For murdering John Campbell. 1841","","sn84026784",NA,1841,7,22,"seq-1","ed-1",1,"West Virginia",861,1692,699910,160,"students","~/Code/hcij_lynching_phase_two/Storage_Older_Versions/latest_articles_aug23/16790_0.txt"
"393","16790_0.txt","The country below this and north of the","16790_0",16790,"0",1841-07-22,"https://articleextractor.org/pages/16790/wvu_jacob_ver01/sn84026784/1841/07/22/ed-1/seq-1/1","Yes","","","","x","Lynching of the two Driskells (spelling is different). For murdering John Campbell. 1841","","sn84026784",NA,1841,7,22,"seq-1","ed-1",1,"West Virginia",861,1692,699910,160,"students","~/Code/hcij_lynching_phase_two/Storage_Older_Versions/latest_articles_aug23/16790_0.txt"
"394","16790_0.txt","Illinois river, has been for a long time and","16790_0",16790,"0",1841-07-22,"https://articleextractor.org/pages/16790/wvu_jacob_ver01/sn84026784/1841/07/22/ed-1/seq-1/1","Yes","","","","x","Lynching of the two Driskells (spelling is different). For murdering John Campbell. 1841","","sn84026784",NA,1841,7,22,"seq-1","ed-1",1,"West Virginia",861,1692,699910,160,"students","~/Code/hcij_lynching_phase_two/Storage_Older_Versions/latest_articles_aug23/16790_0.txt"
"395","16790_0.txt","is now infested with a gang of black- lege,","16790_0",16790,"0",1841-07-22,"https://articleextractor.org/pages/16790/wvu_jacob_ver01/sn84026784/1841/07/22/ed-1/seq-1/1","Yes","","","","x","Lynching of the two Driskells (spelling is different). For murdering John Campbell. 1841","","sn84026784",NA,1841,7,22,"seq-1","ed-1",1,"West Virginia",861,1692,699910,160,"students","~/Code/hcij_lynching_phase_two/Storage_Older_Versions/latest_articles_aug23/16790_0.txt"
"396","16790_0.txt","counterfeiters, horse thieves and land","16790_0",16790,"0",1841-07-22,"https://articleextractor.org/pages/16790/wvu_jacob_ver01/sn84026784/1841/07/22/ed-1/seq-1/1","Yes","","","","x","Lynching of the two Driskells (spelling is different). For murdering John Campbell. 1841","","sn84026784",NA,1841,7,22,"seq-1","ed-1",1,"West Virginia",861,1692,699910,160,"students","~/Code/hcij_lynching_phase_two/Storage_Older_Versions/latest_articles_aug23/16790_0.txt"
"397","16790_0.txt","pirates, and the good people have found","16790_0",16790,"0",1841-07-22,"https://articleextractor.org/pages/16790/wvu_jacob_ver01/sn84026784/1841/07/22/ed-1/seq-1/1","Yes","","","","x","Lynching of the two Driskells (spelling is different). For murdering John Campbell. 1841","","sn84026784",NA,1841,7,22,"seq-1","ed-1",1,"West Virginia",861,1692,699910,160,"students","~/Code/hcij_lynching_phase_two/Storage_Older_Versions/latest_articles_aug23/16790_0.txt"
"398","16790_0.txt","our laws, or at least the administration of","16790_0",16790,"0",1841-07-22,"https://articleextractor.org/pages/16790/wvu_jacob_ver01/sn84026784/1841/07/22/ed-1/seq-1/1","Yes","","","","x","Lynching of the two Driskells (spelling is different). For murdering John Campbell. 1841","","sn84026784",NA,1841,7,22,"seq-1","ed-1",1,"West Virginia",861,1692,699910,160,"students","~/Code/hcij_lynching_phase_two/Storage_Older_Versions/latest_articles_aug23/16790_0.txt"
"399","16790_0.txt","them, entirely inadequate to the protec-","16790_0",16790,"0",1841-07-22,"https://articleextractor.org/pages/16790/wvu_jacob_ver01/sn84026784/1841/07/22/ed-1/seq-1/1","Yes","","","","x","Lynching of the two Driskells (spelling is different). For murdering John Campbell. 1841","","sn84026784",NA,1841,7,22,"seq-1","ed-1",1,"West Virginia",861,1692,699910,160,"students","~/Code/hcij_lynching_phase_two/Storage_Older_Versions/latest_articles_aug23/16790_0.txt"
"400","16790_0.txt","tion of their property: consequently they","16790_0",16790,"0",1841-07-22,"https://articleextractor.org/pages/16790/wvu_jacob_ver01/sn84026784/1841/07/22/ed-1/seq-1/1","Yes","","","","x","Lynching of the two Driskells (spelling is different). For murdering John Campbell. 1841","","sn84026784",NA,1841,7,22,"seq-1","ed-1",1,"West Virginia",861,1692,699910,160,"students","~/Code/hcij_lynching_phase_two/Storage_Older_Versions/latest_articles_aug23/16790_0.txt"
"401","16790_0.txt","have been forced to form themselves into","16790_0",16790,"0",1841-07-22,"https://articleextractor.org/pages/16790/wvu_jacob_ver01/sn84026784/1841/07/22/ed-1/seq-1/1","Yes","","","","x","Lynching of the two Driskells (spelling is different). For murdering John Campbell. 1841","","sn84026784",NA,1841,7,22,"seq-1","ed-1",1,"West Virginia",861,1692,699910,160,"students","~/Code/hcij_lynching_phase_two/Storage_Older_Versions/latest_articles_aug23/16790_0.txt"
"402","16790_0.txt",""" volunteer companies, and anti- horse","16790_0",16790,"0",1841-07-22,"https://articleextractor.org/pages/16790/wvu_jacob_ver01/sn84026784/1841/07/22/ed-1/seq-1/1","Yes","","","","x","Lynching of the two Driskells (spelling is different). For murdering John Campbell. 1841","","sn84026784",NA,1841,7,22,"seq-1","ed-1",1,"West Virginia",861,1692,699910,160,"students","~/Code/hcij_lynching_phase_two/Storage_Older_Versions/latest_articles_aug23/16790_0.txt"
"403","16790_0.txt","thieves societies."" One was formed about","16790_0",16790,"0",1841-07-22,"https://articleextractor.org/pages/16790/wvu_jacob_ver01/sn84026784/1841/07/22/ed-1/seq-1/1","Yes","","","","x","Lynching of the two Driskells (spelling is different). For murdering John Campbell. 1841","","sn84026784",NA,1841,7,22,"seq-1","ed-1",1,"West Virginia",861,1692,699910,160,"students","~/Code/hcij_lynching_phase_two/Storage_Older_Versions/latest_articles_aug23/16790_0.txt"
"404","16790_0.txt","20 miles below this, at Washington grove.","16790_0",16790,"0",1841-07-22,"https://articleextractor.org/pages/16790/wvu_jacob_ver01/sn84026784/1841/07/22/ed-1/seq-1/1","Yes","","","","x","Lynching of the two Driskells (spelling is different). For murdering John Campbell. 1841","","sn84026784",NA,1841,7,22,"seq-1","ed-1",1,"West Virginia",861,1692,699910,160,"students","~/Code/hcij_lynching_phase_two/Storage_Older_Versions/latest_articles_aug23/16790_0.txt"
"405","16790_0.txt","Mr. Campbell was actively engaged in","16790_0",16790,"0",1841-07-22,"https://articleextractor.org/pages/16790/wvu_jacob_ver01/sn84026784/1841/07/22/ed-1/seq-1/1","Yes","","","","x","Lynching of the two Driskells (spelling is different). For murdering John Campbell. 1841","","sn84026784",NA,1841,7,22,"seq-1","ed-1",1,"West Virginia",861,1692,699910,160,"students","~/Code/hcij_lynching_phase_two/Storage_Older_Versions/latest_articles_aug23/16790_0.txt"
"406","16790_0.txt","June, two of the Driskells, notorious thro'","16790_0",16790,"0",1841-07-22,"https://articleextractor.org/pages/16790/wvu_jacob_ver01/sn84026784/1841/07/22/ed-1/seq-1/1","Yes","","","","x","Lynching of the two Driskells (spelling is different). For murdering John Campbell. 1841","","sn84026784",NA,1841,7,22,"seq-1","ed-1",1,"West Virginia",861,1692,699910,160,"students","~/Code/hcij_lynching_phase_two/Storage_Older_Versions/latest_articles_aug23/16790_0.txt"
"407","16790_0.txt","this region as ring leaders and harborers","16790_0",16790,"0",1841-07-22,"https://articleextractor.org/pages/16790/wvu_jacob_ver01/sn84026784/1841/07/22/ed-1/seq-1/1","Yes","","","","x","Lynching of the two Driskells (spelling is different). For murdering John Campbell. 1841","","sn84026784",NA,1841,7,22,"seq-1","ed-1",1,"West Virginia",861,1692,699910,160,"students","~/Code/hcij_lynching_phase_two/Storage_Older_Versions/latest_articles_aug23/16790_0.txt"
"408","16790_0.txt","of all sorts of villains- rode up to Campbell's","16790_0",16790,"0",1841-07-22,"https://articleextractor.org/pages/16790/wvu_jacob_ver01/sn84026784/1841/07/22/ed-1/seq-1/1","Yes","","","","x","Lynching of the two Driskells (spelling is different). For murdering John Campbell. 1841","","sn84026784",NA,1841,7,22,"seq-1","ed-1",1,"West Virginia",861,1692,699910,160,"students","~/Code/hcij_lynching_phase_two/Storage_Older_Versions/latest_articles_aug23/16790_0.txt"
"409","16790_0.txt","house and asked his son if his father","16790_0",16790,"0",1841-07-22,"https://articleextractor.org/pages/16790/wvu_jacob_ver01/sn84026784/1841/07/22/ed-1/seq-1/1","Yes","","","","x","Lynching of the two Driskells (spelling is different). For murdering John Campbell. 1841","","sn84026784",NA,1841,7,22,"seq-1","ed-1",1,"West Virginia",861,1692,699910,160,"students","~/Code/hcij_lynching_phase_two/Storage_Older_Versions/latest_articles_aug23/16790_0.txt"
"410","16790_0.txt","was at home; he called his father to the","16790_0",16790,"0",1841-07-22,"https://articleextractor.org/pages/16790/wvu_jacob_ver01/sn84026784/1841/07/22/ed-1/seq-1/1","Yes","","","","x","Lynching of the two Driskells (spelling is different). For murdering John Campbell. 1841","","sn84026784",NA,1841,7,22,"seq-1","ed-1",1,"West Virginia",861,1692,699910,160,"students","~/Code/hcij_lynching_phase_two/Storage_Older_Versions/latest_articles_aug23/16790_0.txt"
"411","16790_0.txt","door, when the Driskells shot him dead,","16790_0",16790,"0",1841-07-22,"https://articleextractor.org/pages/16790/wvu_jacob_ver01/sn84026784/1841/07/22/ed-1/seq-1/1","Yes","","","","x","Lynching of the two Driskells (spelling is different). For murdering John Campbell. 1841","","sn84026784",NA,1841,7,22,"seq-1","ed-1",1,"West Virginia",861,1692,699910,160,"students","~/Code/hcij_lynching_phase_two/Storage_Older_Versions/latest_articles_aug23/16790_0.txt"
"412","16790_0.txt","and ded. The volunteer companies of","16790_0",16790,"0",1841-07-22,"https://articleextractor.org/pages/16790/wvu_jacob_ver01/sn84026784/1841/07/22/ed-1/seq-1/1","Yes","","","","x","Lynching of the two Driskells (spelling is different). For murdering John Campbell. 1841","","sn84026784",NA,1841,7,22,"seq-1","ed-1",1,"West Virginia",861,1692,699910,160,"students","~/Code/hcij_lynching_phase_two/Storage_Older_Versions/latest_articles_aug23/16790_0.txt"
"413","16790_0.txt","De Kalb and Winnebago counties immediately","16790_0",16790,"0",1841-07-22,"https://articleextractor.org/pages/16790/wvu_jacob_ver01/sn84026784/1841/07/22/ed-1/seq-1/1","Yes","","","","x","Lynching of the two Driskells (spelling is different). For murdering John Campbell. 1841","","sn84026784",NA,1841,7,22,"seq-1","ed-1",1,"West Virginia",861,1692,699910,160,"students","~/Code/hcij_lynching_phase_two/Storage_Older_Versions/latest_articles_aug23/16790_0.txt"
"414","16790_0.txt","collected and went in search of","16790_0",16790,"0",1841-07-22,"https://articleextractor.org/pages/16790/wvu_jacob_ver01/sn84026784/1841/07/22/ed-1/seq-1/1","Yes","","","","x","Lynching of the two Driskells (spelling is different). For murdering John Campbell. 1841","","sn84026784",NA,1841,7,22,"seq-1","ed-1",1,"West Virginia",861,1692,699910,160,"students","~/Code/hcij_lynching_phase_two/Storage_Older_Versions/latest_articles_aug23/16790_0.txt"
"415","16790_0.txt","the Driskells. On Tuesday they caught","16790_0",16790,"0",1841-07-22,"https://articleextractor.org/pages/16790/wvu_jacob_ver01/sn84026784/1841/07/22/ed-1/seq-1/1","Yes","","","","x","Lynching of the two Driskells (spelling is different). For murdering John Campbell. 1841","","sn84026784",NA,1841,7,22,"seq-1","ed-1",1,"West Virginia",861,1692,699910,160,"students","~/Code/hcij_lynching_phase_two/Storage_Older_Versions/latest_articles_aug23/16790_0.txt"
"416","16790_0.txt","the old man and one of his sons- tried","16790_0",16790,"0",1841-07-22,"https://articleextractor.org/pages/16790/wvu_jacob_ver01/sn84026784/1841/07/22/ed-1/seq-1/1","Yes","","","","x","Lynching of the two Driskells (spelling is different). For murdering John Campbell. 1841","","sn84026784",NA,1841,7,22,"seq-1","ed-1",1,"West Virginia",861,1692,699910,160,"students","~/Code/hcij_lynching_phase_two/Storage_Older_Versions/latest_articles_aug23/16790_0.txt"
"417","16790_0.txt","them by Lynch law, and was convinced","16790_0",16790,"0",1841-07-22,"https://articleextractor.org/pages/16790/wvu_jacob_ver01/sn84026784/1841/07/22/ed-1/seq-1/1","Yes","","","","x","Lynching of the two Driskells (spelling is different). For murdering John Campbell. 1841","","sn84026784",NA,1841,7,22,"seq-1","ed-1",1,"West Virginia",861,1692,699910,160,"students","~/Code/hcij_lynching_phase_two/Storage_Older_Versions/latest_articles_aug23/16790_0.txt"
"418","16790_0.txt","that they were the cause if not the perpetrators","16790_0",16790,"0",1841-07-22,"https://articleextractor.org/pages/16790/wvu_jacob_ver01/sn84026784/1841/07/22/ed-1/seq-1/1","Yes","","","","x","Lynching of the two Driskells (spelling is different). For murdering John Campbell. 1841","","sn84026784",NA,1841,7,22,"seq-1","ed-1",1,"West Virginia",861,1692,699910,160,"students","~/Code/hcij_lynching_phase_two/Storage_Older_Versions/latest_articles_aug23/16790_0.txt"
"419","16790_0.txt","of the atrocious murder of Mr.","16790_0",16790,"0",1841-07-22,"https://articleextractor.org/pages/16790/wvu_jacob_ver01/sn84026784/1841/07/22/ed-1/seq-1/1","Yes","","","","x","Lynching of the two Driskells (spelling is different). For murdering John Campbell. 1841","","sn84026784",NA,1841,7,22,"seq-1","ed-1",1,"West Virginia",861,1692,699910,160,"students","~/Code/hcij_lynching_phase_two/Storage_Older_Versions/latest_articles_aug23/16790_0.txt"
"420","16790_0.txt","Campbell. They sentenced them to immediate","16790_0",16790,"0",1841-07-22,"https://articleextractor.org/pages/16790/wvu_jacob_ver01/sn84026784/1841/07/22/ed-1/seq-1/1","Yes","","","","x","Lynching of the two Driskells (spelling is different). For murdering John Campbell. 1841","","sn84026784",NA,1841,7,22,"seq-1","ed-1",1,"West Virginia",861,1692,699910,160,"students","~/Code/hcij_lynching_phase_two/Storage_Older_Versions/latest_articles_aug23/16790_0.txt"
"421","16790_0.txt","death, then placed the old man","16790_0",16790,"0",1841-07-22,"https://articleextractor.org/pages/16790/wvu_jacob_ver01/sn84026784/1841/07/22/ed-1/seq-1/1","Yes","","","","x","Lynching of the two Driskells (spelling is different). For murdering John Campbell. 1841","","sn84026784",NA,1841,7,22,"seq-1","ed-1",1,"West Virginia",861,1692,699910,160,"students","~/Code/hcij_lynching_phase_two/Storage_Older_Versions/latest_articles_aug23/16790_0.txt"
"422","16790_0.txt","about ten rods off, and bid bim prepare","16790_0",16790,"0",1841-07-22,"https://articleextractor.org/pages/16790/wvu_jacob_ver01/sn84026784/1841/07/22/ed-1/seq-1/1","Yes","","","","x","Lynching of the two Driskells (spelling is different). For murdering John Campbell. 1841","","sn84026784",NA,1841,7,22,"seq-1","ed-1",1,"West Virginia",861,1692,699910,160,"students","~/Code/hcij_lynching_phase_two/Storage_Older_Versions/latest_articles_aug23/16790_0.txt"
"423","16790_0.txt","for death, giving him 5 minutes- when","16790_0",16790,"0",1841-07-22,"https://articleextractor.org/pages/16790/wvu_jacob_ver01/sn84026784/1841/07/22/ed-1/seq-1/1","Yes","","","","x","Lynching of the two Driskells (spelling is different). For murdering John Campbell. 1841","","sn84026784",NA,1841,7,22,"seq-1","ed-1",1,"West Virginia",861,1692,699910,160,"students","~/Code/hcij_lynching_phase_two/Storage_Older_Versions/latest_articles_aug23/16790_0.txt"
"424","16790_0.txt","the time was up about 50 balle weat thro'","16790_0",16790,"0",1841-07-22,"https://articleextractor.org/pages/16790/wvu_jacob_ver01/sn84026784/1841/07/22/ed-1/seq-1/1","Yes","","","","x","Lynching of the two Driskells (spelling is different). For murdering John Campbell. 1841","","sn84026784",NA,1841,7,22,"seq-1","ed-1",1,"West Virginia",861,1692,699910,160,"students","~/Code/hcij_lynching_phase_two/Storage_Older_Versions/latest_articles_aug23/16790_0.txt"
"425","16790_0.txt","him. The son was then served in the","16790_0",16790,"0",1841-07-22,"https://articleextractor.org/pages/16790/wvu_jacob_ver01/sn84026784/1841/07/22/ed-1/seq-1/1","Yes","","","","x","Lynching of the two Driskells (spelling is different). For murdering John Campbell. 1841","","sn84026784",NA,1841,7,22,"seq-1","ed-1",1,"West Virginia",861,1692,699910,160,"students","~/Code/hcij_lynching_phase_two/Storage_Older_Versions/latest_articles_aug23/16790_0.txt"
"426","16790_0.txt","esame manner- both devils proving game","16790_0",16790,"0",1841-07-22,"https://articleextractor.org/pages/16790/wvu_jacob_ver01/sn84026784/1841/07/22/ed-1/seq-1/1","Yes","","","","x","Lynching of the two Driskells (spelling is different). For murdering John Campbell. 1841","","sn84026784",NA,1841,7,22,"seq-1","ed-1",1,"West Virginia",861,1692,699910,160,"students","~/Code/hcij_lynching_phase_two/Storage_Older_Versions/latest_articles_aug23/16790_0.txt"
"427","16790_0.txt","-neither making any disclosures, more","16790_0",16790,"0",1841-07-22,"https://articleextractor.org/pages/16790/wvu_jacob_ver01/sn84026784/1841/07/22/ed-1/seq-1/1","Yes","","","","x","Lynching of the two Driskells (spelling is different). For murdering John Campbell. 1841","","sn84026784",NA,1841,7,22,"seq-1","ed-1",1,"West Virginia",861,1692,699910,160,"students","~/Code/hcij_lynching_phase_two/Storage_Older_Versions/latest_articles_aug23/16790_0.txt"
"428","16790_0.txt","than saying that another son of","16790_0",16790,"0",1841-07-22,"https://articleextractor.org/pages/16790/wvu_jacob_ver01/sn84026784/1841/07/22/ed-1/seq-1/1","Yes","","","","x","Lynching of the two Driskells (spelling is different). For murdering John Campbell. 1841","","sn84026784",NA,1841,7,22,"seq-1","ed-1",1,"West Virginia",861,1692,699910,160,"students","~/Code/hcij_lynching_phase_two/Storage_Older_Versions/latest_articles_aug23/16790_0.txt"
"429","16790_0.txt","killed Campbell. The company Driskell are","16790_0",16790,"0",1841-07-22,"https://articleextractor.org/pages/16790/wvu_jacob_ver01/sn84026784/1841/07/22/ed-1/seq-1/1","Yes","","","","x","Lynching of the two Driskells (spelling is different). For murdering John Campbell. 1841","","sn84026784",NA,1841,7,22,"seq-1","ed-1",1,"West Virginia",861,1692,699910,160,"students","~/Code/hcij_lynching_phase_two/Storage_Older_Versions/latest_articles_aug23/16790_0.txt"
"430","16790_0.txt","company are now","16790_0",16790,"0",1841-07-22,"https://articleextractor.org/pages/16790/wvu_jacob_ver01/sn84026784/1841/07/22/ed-1/seq-1/1","Yes","","","","x","Lynching of the two Driskells (spelling is different). For murdering John Campbell. 1841","","sn84026784",NA,1841,7,22,"seq-1","ed-1",1,"West Virginia",861,1692,699910,160,"students","~/Code/hcij_lynching_phase_two/Storage_Older_Versions/latest_articles_aug23/16790_0.txt"
"431","16790_0.txt","pursuing this other Driskell, who has cut","16790_0",16790,"0",1841-07-22,"https://articleextractor.org/pages/16790/wvu_jacob_ver01/sn84026784/1841/07/22/ed-1/seq-1/1","Yes","","","","x","Lynching of the two Driskells (spelling is different). For murdering John Campbell. 1841","","sn84026784",NA,1841,7,22,"seq-1","ed-1",1,"West Virginia",861,1692,699910,160,"students","~/Code/hcij_lynching_phase_two/Storage_Older_Versions/latest_articles_aug23/16790_0.txt"
"432","16790_0.txt","stick with a confederate.$ 500 reward","16790_0",16790,"0",1841-07-22,"https://articleextractor.org/pages/16790/wvu_jacob_ver01/sn84026784/1841/07/22/ed-1/seq-1/1","Yes","","","","x","Lynching of the two Driskells (spelling is different). For murdering John Campbell. 1841","","sn84026784",NA,1841,7,22,"seq-1","ed-1",1,"West Virginia",861,1692,699910,160,"students","~/Code/hcij_lynching_phase_two/Storage_Older_Versions/latest_articles_aug23/16790_0.txt"
"433","16790_0.txt","is offered for his head. High handed and","16790_0",16790,"0",1841-07-22,"https://articleextractor.org/pages/16790/wvu_jacob_ver01/sn84026784/1841/07/22/ed-1/seq-1/1","Yes","","","","x","Lynching of the two Driskells (spelling is different). For murdering John Campbell. 1841","","sn84026784",NA,1841,7,22,"seq-1","ed-1",1,"West Virginia",861,1692,699910,160,"students","~/Code/hcij_lynching_phase_two/Storage_Older_Versions/latest_articles_aug23/16790_0.txt"
"434","16790_0.txt","revolting as this summary mode of","16790_0",16790,"0",1841-07-22,"https://articleextractor.org/pages/16790/wvu_jacob_ver01/sn84026784/1841/07/22/ed-1/seq-1/1","Yes","","","","x","Lynching of the two Driskells (spelling is different). For murdering John Campbell. 1841","","sn84026784",NA,1841,7,22,"seq-1","ed-1",1,"West Virginia",861,1692,699910,160,"students","~/Code/hcij_lynching_phase_two/Storage_Older_Versions/latest_articles_aug23/16790_0.txt"
"435","16790_0.txt","cedure seems to be, it is, nevertheless,","16790_0",16790,"0",1841-07-22,"https://articleextractor.org/pages/16790/wvu_jacob_ver01/sn84026784/1841/07/22/ed-1/seq-1/1","Yes","","","","x","Lynching of the two Driskells (spelling is different). For murdering John Campbell. 1841","","sn84026784",NA,1841,7,22,"seq-1","ed-1",1,"West Virginia",861,1692,699910,160,"students","~/Code/hcij_lynching_phase_two/Storage_Older_Versions/latest_articles_aug23/16790_0.txt"
"436","16790_0.txt","absolutely necessary, and receives the","16790_0",16790,"0",1841-07-22,"https://articleextractor.org/pages/16790/wvu_jacob_ver01/sn84026784/1841/07/22/ed-1/seq-1/1","Yes","","","","x","Lynching of the two Driskells (spelling is different). For murdering John Campbell. 1841","","sn84026784",NA,1841,7,22,"seq-1","ed-1",1,"West Virginia",861,1692,699910,160,"students","~/Code/hcij_lynching_phase_two/Storage_Older_Versions/latest_articles_aug23/16790_0.txt"
"437","16790_0.txt","commendation of every individual who is","16790_0",16790,"0",1841-07-22,"https://articleextractor.org/pages/16790/wvu_jacob_ver01/sn84026784/1841/07/22/ed-1/seq-1/1","Yes","","","","x","Lynching of the two Driskells (spelling is different). For murdering John Campbell. 1841","","sn84026784",NA,1841,7,22,"seq-1","ed-1",1,"West Virginia",861,1692,699910,160,"students","~/Code/hcij_lynching_phase_two/Storage_Older_Versions/latest_articles_aug23/16790_0.txt"
"438","16790_0.txt","at all acquainted with the facts If","16790_0",16790,"0",1841-07-22,"https://articleextractor.org/pages/16790/wvu_jacob_ver01/sn84026784/1841/07/22/ed-1/seq-1/1","Yes","","","","x","Lynching of the two Driskells (spelling is different). For murdering John Campbell. 1841","","sn84026784",NA,1841,7,22,"seq-1","ed-1",1,"West Virginia",861,1692,699910,160,"students","~/Code/hcij_lynching_phase_two/Storage_Older_Versions/latest_articles_aug23/16790_0.txt"
"439","16790_0.txt",". a man","16790_0",16790,"0",1841-07-22,"https://articleextractor.org/pages/16790/wvu_jacob_ver01/sn84026784/1841/07/22/ed-1/seq-1/1","Yes","","","","x","Lynching of the two Driskells (spelling is different). For murdering John Campbell. 1841","","sn84026784",NA,1841,7,22,"seq-1","ed-1",1,"West Virginia",861,1692,699910,160,"students","~/Code/hcij_lynching_phase_two/Storage_Older_Versions/latest_articles_aug23/16790_0.txt"
"440","16790_0.txt","refuses to join these companies, he putter","16790_0",16790,"0",1841-07-22,"https://articleextractor.org/pages/16790/wvu_jacob_ver01/sn84026784/1841/07/22/ed-1/seq-1/1","Yes","","","","x","Lynching of the two Driskells (spelling is different). For murdering John Campbell. 1841","","sn84026784",NA,1841,7,22,"seq-1","ed-1",1,"West Virginia",861,1692,699910,160,"students","~/Code/hcij_lynching_phase_two/Storage_Older_Versions/latest_articles_aug23/16790_0.txt"
"441","16790_0.txt","down at once with the horse thieves is.","16790_0",16790,"0",1841-07-22,"https://articleextractor.org/pages/16790/wvu_jacob_ver01/sn84026784/1841/07/22/ed-1/seq-1/1","Yes","","","","x","Lynching of the two Driskells (spelling is different). For murdering John Campbell. 1841","","sn84026784",NA,1841,7,22,"seq-1","ed-1",1,"West Virginia",861,1692,699910,160,"students","~/Code/hcij_lynching_phase_two/Storage_Older_Versions/latest_articles_aug23/16790_0.txt"
"442","16791_0.txt","WHOLESALE","16791_0",16791,"0",1841-09-01,"https://articleextractor.org/pages/16791/ncu_alligator_ver01/sn85042147/1841/09/01/ed-1/seq-4/1","Yes","","","","x","23 counterfeiters were lynched by being drowned in the Arkansas River.  1841","","sn85042147","The North-Carolina standard (Raleigh, N.C.)",1841,9,1,"seq-4","ed-1",1,"North Carolina",862,1693,364114,161,"students","~/Code/hcij_lynching_phase_two/Storage_Older_Versions/latest_articles_aug23/16791_0.txt"
"443","16791_0.txt","APPLICATION OF LYNCH LAW.","16791_0",16791,"0",1841-09-01,"https://articleextractor.org/pages/16791/ncu_alligator_ver01/sn85042147/1841/09/01/ed-1/seq-4/1","Yes","","","","x","23 counterfeiters were lynched by being drowned in the Arkansas River.  1841","","sn85042147","The North-Carolina standard (Raleigh, N.C.)",1841,9,1,"seq-4","ed-1",1,"North Carolina",862,1693,364114,161,"students","~/Code/hcij_lynching_phase_two/Storage_Older_Versions/latest_articles_aug23/16791_0.txt"
"444","16791_0.txt","follow- us of the informs fromrkansas, terday","16791_0",16791,"0",1841-09-01,"https://articleextractor.org/pages/16791/ncu_alligator_ver01/sn85042147/1841/09/01/ed-1/seq-4/1","Yes","","","","x","23 counterfeiters were lynched by being drowned in the Arkansas River.  1841","","sn85042147","The North-Carolina standard (Raleigh, N.C.)",1841,9,1,"seq-4","ed-1",1,"North Carolina",862,1693,364114,161,"students","~/Code/hcij_lynching_phase_two/Storage_Older_Versions/latest_articles_aug23/16791_0.txt"
"445","16791_0.txt","A friend of ours, who arrived in the city yes.","16791_0",16791,"0",1841-09-01,"https://articleextractor.org/pages/16791/ncu_alligator_ver01/sn85042147/1841/09/01/ed-1/seq-4/1","Yes","","","","x","23 counterfeiters were lynched by being drowned in the Arkansas River.  1841","","sn85042147","The North-Carolina standard (Raleigh, N.C.)",1841,9,1,"seq-4","ed-1",1,"North Carolina",862,1693,364114,161,"students","~/Code/hcij_lynching_phase_two/Storage_Older_Versions/latest_articles_aug23/16791_0.txt"
"446","16791_0.txt","manner in which that law, more tyrranous than","16791_0",16791,"0",1841-09-01,"https://articleextractor.org/pages/16791/ncu_alligator_ver01/sn85042147/1841/09/01/ed-1/seq-4/1","Yes","","","","x","23 counterfeiters were lynched by being drowned in the Arkansas River.  1841","","sn85042147","The North-Carolina standard (Raleigh, N.C.)",1841,9,1,"seq-4","ed-1",1,"North Carolina",862,1693,364114,161,"students","~/Code/hcij_lynching_phase_two/Storage_Older_Versions/latest_articles_aug23/16791_0.txt"
"447","16791_0.txt","the code of Draco- Lynch Law- has, in this","16791_0",16791,"0",1841-09-01,"https://articleextractor.org/pages/16791/ncu_alligator_ver01/sn85042147/1841/09/01/ed-1/seq-4/1","Yes","","","","x","23 counterfeiters were lynched by being drowned in the Arkansas River.  1841","","sn85042147","The North-Carolina standard (Raleigh, N.C.)",1841,9,1,"seq-4","ed-1",1,"North Carolina",862,1693,364114,161,"students","~/Code/hcij_lynching_phase_two/Storage_Older_Versions/latest_articles_aug23/16791_0.txt"
"448","16791_0.txt","as well as in every other instance where it has,","16791_0",16791,"0",1841-09-01,"https://articleextractor.org/pages/16791/ncu_alligator_ver01/sn85042147/1841/09/01/ed-1/seq-4/1","Yes","","","","x","23 counterfeiters were lynched by being drowned in the Arkansas River.  1841","","sn85042147","The North-Carolina standard (Raleigh, N.C.)",1841,9,1,"seq-4","ed-1",1,"North Carolina",862,1693,364114,161,"students","~/Code/hcij_lynching_phase_two/Storage_Older_Versions/latest_articles_aug23/16791_0.txt"
"449","16791_0.txt","been appealed to, been carried into effect.","16791_0",16791,"0",1841-09-01,"https://articleextractor.org/pages/16791/ncu_alligator_ver01/sn85042147/1841/09/01/ed-1/seq-4/1","Yes","","","","x","23 counterfeiters were lynched by being drowned in the Arkansas River.  1841","","sn85042147","The North-Carolina standard (Raleigh, N.C.)",1841,9,1,"seq-4","ed-1",1,"North Carolina",862,1693,364114,161,"students","~/Code/hcij_lynching_phase_two/Storage_Older_Versions/latest_articles_aug23/16791_0.txt"
"450","16791_0.txt","Between the 5th and 10th inst., Phillips coun","16791_0",16791,"0",1841-09-01,"https://articleextractor.org/pages/16791/ncu_alligator_ver01/sn85042147/1841/09/01/ed-1/seq-4/1","Yes","","","","x","23 counterfeiters were lynched by being drowned in the Arkansas River.  1841","","sn85042147","The North-Carolina standard (Raleigh, N.C.)",1841,9,1,"seq-4","ed-1",1,"North Carolina",862,1693,364114,161,"students","~/Code/hcij_lynching_phase_two/Storage_Older_Versions/latest_articles_aug23/16791_0.txt"
"451","16791_0.txt","ty, in Arkansas, about 40 miles below Helena,","16791_0",16791,"0",1841-09-01,"https://articleextractor.org/pages/16791/ncu_alligator_ver01/sn85042147/1841/09/01/ed-1/seq-4/1","Yes","","","","x","23 counterfeiters were lynched by being drowned in the Arkansas River.  1841","","sn85042147","The North-Carolina standard (Raleigh, N.C.)",1841,9,1,"seq-4","ed-1",1,"North Carolina",862,1693,364114,161,"students","~/Code/hcij_lynching_phase_two/Storage_Older_Versions/latest_articles_aug23/16791_0.txt"
"452","16791_0.txt","and the county of Coahoma, in the Mississippi,","16791_0",16791,"0",1841-09-01,"https://articleextractor.org/pages/16791/ncu_alligator_ver01/sn85042147/1841/09/01/ed-1/seq-4/1","Yes","","","","x","23 counterfeiters were lynched by being drowned in the Arkansas River.  1841","","sn85042147","The North-Carolina standard (Raleigh, N.C.)",1841,9,1,"seq-4","ed-1",1,"North Carolina",862,1693,364114,161,"students","~/Code/hcij_lynching_phase_two/Storage_Older_Versions/latest_articles_aug23/16791_0.txt"
"453","16791_0.txt","on the opposite side of the river, appear to have","16791_0",16791,"0",1841-09-01,"https://articleextractor.org/pages/16791/ncu_alligator_ver01/sn85042147/1841/09/01/ed-1/seq-4/1","Yes","","","","x","23 counterfeiters were lynched by being drowned in the Arkansas River.  1841","","sn85042147","The North-Carolina standard (Raleigh, N.C.)",1841,9,1,"seq-4","ed-1",1,"North Carolina",862,1693,364114,161,"students","~/Code/hcij_lynching_phase_two/Storage_Older_Versions/latest_articles_aug23/16791_0.txt"
"454","16791_0.txt","the scene of mob and lynch law to a","16791_0",16791,"0",1841-09-01,"https://articleextractor.org/pages/16791/ncu_alligator_ver01/sn85042147/1841/09/01/ed-1/seq-4/1","Yes","","","","x","23 counterfeiters were lynched by being drowned in the Arkansas River.  1841","","sn85042147","The North-Carolina standard (Raleigh, N.C.)",1841,9,1,"seq-4","ed-1",1,"North Carolina",862,1693,364114,161,"students","~/Code/hcij_lynching_phase_two/Storage_Older_Versions/latest_articles_aug23/16791_0.txt"
"455","16791_0.txt","become greater extent than has lately been recorded by","16791_0",16791,"0",1841-09-01,"https://articleextractor.org/pages/16791/ncu_alligator_ver01/sn85042147/1841/09/01/ed-1/seq-4/1","Yes","","","","x","23 counterfeiters were lynched by being drowned in the Arkansas River.  1841","","sn85042147","The North-Carolina standard (Raleigh, N.C.)",1841,9,1,"seq-4","ed-1",1,"North Carolina",862,1693,364114,161,"students","~/Code/hcij_lynching_phase_two/Storage_Older_Versions/latest_articles_aug23/16791_0.txt"
"456","16791_0.txt","the public press.","16791_0",16791,"0",1841-09-01,"https://articleextractor.org/pages/16791/ncu_alligator_ver01/sn85042147/1841/09/01/ed-1/seq-4/1","Yes","","","","x","23 counterfeiters were lynched by being drowned in the Arkansas River.  1841","","sn85042147","The North-Carolina standard (Raleigh, N.C.)",1841,9,1,"seq-4","ed-1",1,"North Carolina",862,1693,364114,161,"students","~/Code/hcij_lynching_phase_two/Storage_Older_Versions/latest_articles_aug23/16791_0.txt"
"457","16791_0.txt","A numerous gang of counterfeiters had their","16791_0",16791,"0",1841-09-01,"https://articleextractor.org/pages/16791/ncu_alligator_ver01/sn85042147/1841/09/01/ed-1/seq-4/1","Yes","","","","x","23 counterfeiters were lynched by being drowned in the Arkansas River.  1841","","sn85042147","The North-Carolina standard (Raleigh, N.C.)",1841,9,1,"seq-4","ed-1",1,"North Carolina",862,1693,364114,161,"students","~/Code/hcij_lynching_phase_two/Storage_Older_Versions/latest_articles_aug23/16791_0.txt"
"458","16791_0.txt","places of rendezvous and the abodes of their fam","16791_0",16791,"0",1841-09-01,"https://articleextractor.org/pages/16791/ncu_alligator_ver01/sn85042147/1841/09/01/ed-1/seq-4/1","Yes","","","","x","23 counterfeiters were lynched by being drowned in the Arkansas River.  1841","","sn85042147","The North-Carolina standard (Raleigh, N.C.)",1841,9,1,"seq-4","ed-1",1,"North Carolina",862,1693,364114,161,"students","~/Code/hcij_lynching_phase_two/Storage_Older_Versions/latest_articles_aug23/16791_0.txt"
"459","16791_0.txt","lies in the above named counties, to the great","16791_0",16791,"0",1841-09-01,"https://articleextractor.org/pages/16791/ncu_alligator_ver01/sn85042147/1841/09/01/ed-1/seq-4/1","Yes","","","","x","23 counterfeiters were lynched by being drowned in the Arkansas River.  1841","","sn85042147","The North-Carolina standard (Raleigh, N.C.)",1841,9,1,"seq-4","ed-1",1,"North Carolina",862,1693,364114,161,"students","~/Code/hcij_lynching_phase_two/Storage_Older_Versions/latest_articles_aug23/16791_0.txt"
"460","16791_0.txt","and continued annoyance of the citizens and the","16791_0",16791,"0",1841-09-01,"https://articleextractor.org/pages/16791/ncu_alligator_ver01/sn85042147/1841/09/01/ed-1/seq-4/1","Yes","","","","x","23 counterfeiters were lynched by being drowned in the Arkansas River.  1841","","sn85042147","The North-Carolina standard (Raleigh, N.C.)",1841,9,1,"seq-4","ed-1",1,"North Carolina",862,1693,364114,161,"students","~/Code/hcij_lynching_phase_two/Storage_Older_Versions/latest_articles_aug23/16791_0.txt"
"461","16791_0.txt","trading flat boatmen on the river. Besides their","16791_0",16791,"0",1841-09-01,"https://articleextractor.org/pages/16791/ncu_alligator_ver01/sn85042147/1841/09/01/ed-1/seq-4/1","Yes","","","","x","23 counterfeiters were lynched by being drowned in the Arkansas River.  1841","","sn85042147","The North-Carolina standard (Raleigh, N.C.)",1841,9,1,"seq-4","ed-1",1,"North Carolina",862,1693,364114,161,"students","~/Code/hcij_lynching_phase_two/Storage_Older_Versions/latest_articles_aug23/16791_0.txt"
"462","16791_0.txt","encroachment on the peace and property of the","16791_0",16791,"0",1841-09-01,"https://articleextractor.org/pages/16791/ncu_alligator_ver01/sn85042147/1841/09/01/ed-1/seq-4/1","Yes","","","","x","23 counterfeiters were lynched by being drowned in the Arkansas River.  1841","","sn85042147","The North-Carolina standard (Raleigh, N.C.)",1841,9,1,"seq-4","ed-1",1,"North Carolina",862,1693,364114,161,"students","~/Code/hcij_lynching_phase_two/Storage_Older_Versions/latest_articles_aug23/16791_0.txt"
"463","16791_0.txt","public in that way, they of late turned their criminal","16791_0",16791,"0",1841-09-01,"https://articleextractor.org/pages/16791/ncu_alligator_ver01/sn85042147/1841/09/01/ed-1/seq-4/1","Yes","","","","x","23 counterfeiters were lynched by being drowned in the Arkansas River.  1841","","sn85042147","The North-Carolina standard (Raleigh, N.C.)",1841,9,1,"seq-4","ed-1",1,"North Carolina",862,1693,364114,161,"students","~/Code/hcij_lynching_phase_two/Storage_Older_Versions/latest_articles_aug23/16791_0.txt"
"464","16791_0.txt","industry to horse stealing to such an extent","16791_0",16791,"0",1841-09-01,"https://articleextractor.org/pages/16791/ncu_alligator_ver01/sn85042147/1841/09/01/ed-1/seq-4/1","Yes","","","","x","23 counterfeiters were lynched by being drowned in the Arkansas River.  1841","","sn85042147","The North-Carolina standard (Raleigh, N.C.)",1841,9,1,"seq-4","ed-1",1,"North Carolina",862,1693,364114,161,"students","~/Code/hcij_lynching_phase_two/Storage_Older_Versions/latest_articles_aug23/16791_0.txt"
"465","16791_0.txt","as to rouse the citizens of the whole neighbor","16791_0",16791,"0",1841-09-01,"https://articleextractor.org/pages/16791/ncu_alligator_ver01/sn85042147/1841/09/01/ed-1/seq-4/1","Yes","","","","x","23 counterfeiters were lynched by being drowned in the Arkansas River.  1841","","sn85042147","The North-Carolina standard (Raleigh, N.C.)",1841,9,1,"seq-4","ed-1",1,"North Carolina",862,1693,364114,161,"students","~/Code/hcij_lynching_phase_two/Storage_Older_Versions/latest_articles_aug23/16791_0.txt"
"466","16791_0.txt","hood.","16791_0",16791,"0",1841-09-01,"https://articleextractor.org/pages/16791/ncu_alligator_ver01/sn85042147/1841/09/01/ed-1/seq-4/1","Yes","","","","x","23 counterfeiters were lynched by being drowned in the Arkansas River.  1841","","sn85042147","The North-Carolina standard (Raleigh, N.C.)",1841,9,1,"seq-4","ed-1",1,"North Carolina",862,1693,364114,161,"students","~/Code/hcij_lynching_phase_two/Storage_Older_Versions/latest_articles_aug23/16791_0.txt"
"467","16791_0.txt","The latter, headed by Capt. Barney Bradford,","16791_0",16791,"0",1841-09-01,"https://articleextractor.org/pages/16791/ncu_alligator_ver01/sn85042147/1841/09/01/ed-1/seq-4/1","Yes","","","","x","23 counterfeiters were lynched by being drowned in the Arkansas River.  1841","","sn85042147","The North-Carolina standard (Raleigh, N.C.)",1841,9,1,"seq-4","ed-1",1,"North Carolina",862,1693,364114,161,"students","~/Code/hcij_lynching_phase_two/Storage_Older_Versions/latest_articles_aug23/16791_0.txt"
"468","16791_0.txt","formed into a volunteer company of about 100","16791_0",16791,"0",1841-09-01,"https://articleextractor.org/pages/16791/ncu_alligator_ver01/sn85042147/1841/09/01/ed-1/seq-4/1","Yes","","","","x","23 counterfeiters were lynched by being drowned in the Arkansas River.  1841","","sn85042147","The North-Carolina standard (Raleigh, N.C.)",1841,9,1,"seq-4","ed-1",1,"North Carolina",862,1693,364114,161,"students","~/Code/hcij_lynching_phase_two/Storage_Older_Versions/latest_articles_aug23/16791_0.txt"
"469","16791_0.txt","well armed men, commanded and lead by said","16791_0",16791,"0",1841-09-01,"https://articleextractor.org/pages/16791/ncu_alligator_ver01/sn85042147/1841/09/01/ed-1/seq-4/1","Yes","","","","x","23 counterfeiters were lynched by being drowned in the Arkansas River.  1841","","sn85042147","The North-Carolina standard (Raleigh, N.C.)",1841,9,1,"seq-4","ed-1",1,"North Carolina",862,1693,364114,161,"students","~/Code/hcij_lynching_phase_two/Storage_Older_Versions/latest_articles_aug23/16791_0.txt"
"470","16791_0.txt","Capt. Bradford, Mr. J. Lunsford and Spear, from","16791_0",16791,"0",1841-09-01,"https://articleextractor.org/pages/16791/ncu_alligator_ver01/sn85042147/1841/09/01/ed-1/seq-4/1","Yes","","","","x","23 counterfeiters were lynched by being drowned in the Arkansas River.  1841","","sn85042147","The North-Carolina standard (Raleigh, N.C.)",1841,9,1,"seq-4","ed-1",1,"North Carolina",862,1693,364114,161,"students","~/Code/hcij_lynching_phase_two/Storage_Older_Versions/latest_articles_aug23/16791_0.txt"
"471","16791_0.txt",", and Squire Forrer and James How","16791_0",16791,"0",1841-09-01,"https://articleextractor.org/pages/16791/ncu_alligator_ver01/sn85042147/1841/09/01/ed-1/seq-4/1","Yes","","","","x","23 counterfeiters were lynched by being drowned in the Arkansas River.  1841","","sn85042147","The North-Carolina standard (Raleigh, N.C.)",1841,9,1,"seq-4","ed-1",1,"North Carolina",862,1693,364114,161,"students","~/Code/hcij_lynching_phase_two/Storage_Older_Versions/latest_articles_aug23/16791_0.txt"
"472","16791_0.txt","arton Arkansas, from Mississippi, and after an active search","16791_0",16791,"0",1841-09-01,"https://articleextractor.org/pages/16791/ncu_alligator_ver01/sn85042147/1841/09/01/ed-1/seq-4/1","Yes","","","","x","23 counterfeiters were lynched by being drowned in the Arkansas River.  1841","","sn85042147","The North-Carolina standard (Raleigh, N.C.)",1841,9,1,"seq-4","ed-1",1,"North Carolina",862,1693,364114,161,"students","~/Code/hcij_lynching_phase_two/Storage_Older_Versions/latest_articles_aug23/16791_0.txt"
"473","16791_0.txt","names, following learned the whom we among","16791_0",16791,"0",1841-09-01,"https://articleextractor.org/pages/16791/ncu_alligator_ver01/sn85042147/1841/09/01/ed-1/seq-4/1","Yes","","","","x","23 counterfeiters were lynched by being drowned in the Arkansas River.  1841","","sn85042147","The North-Carolina standard (Raleigh, N.C.)",1841,9,1,"seq-4","ed-1",1,"North Carolina",862,1693,364114,161,"students","~/Code/hcij_lynching_phase_two/Storage_Older_Versions/latest_articles_aug23/16791_0.txt"
"474","16791_0.txt","of several days, succeeded in capturing 27 men,","16791_0",16791,"0",1841-09-01,"https://articleextractor.org/pages/16791/ncu_alligator_ver01/sn85042147/1841/09/01/ed-1/seq-4/1","Yes","","","","x","23 counterfeiters were lynched by being drowned in the Arkansas River.  1841","","sn85042147","The North-Carolina standard (Raleigh, N.C.)",1841,9,1,"seq-4","ed-1",1,"North Carolina",862,1693,364114,161,"students","~/Code/hcij_lynching_phase_two/Storage_Older_Versions/latest_articles_aug23/16791_0.txt"
"475","16791_0.txt","viz: Hugh Tally, Lewis Hingston, Andrew","16791_0",16791,"0",1841-09-01,"https://articleextractor.org/pages/16791/ncu_alligator_ver01/sn85042147/1841/09/01/ed-1/seq-4/1","Yes","","","","x","23 counterfeiters were lynched by being drowned in the Arkansas River.  1841","","sn85042147","The North-Carolina standard (Raleigh, N.C.)",1841,9,1,"seq-4","ed-1",1,"North Carolina",862,1693,364114,161,"students","~/Code/hcij_lynching_phase_two/Storage_Older_Versions/latest_articles_aug23/16791_0.txt"
"476","16791_0.txt","McLaughlin, Willis Pollock, Hugh Cotton, Elliot","16791_0",16791,"0",1841-09-01,"https://articleextractor.org/pages/16791/ncu_alligator_ver01/sn85042147/1841/09/01/ed-1/seq-4/1","Yes","","","","x","23 counterfeiters were lynched by being drowned in the Arkansas River.  1841","","sn85042147","The North-Carolina standard (Raleigh, N.C.)",1841,9,1,"seq-4","ed-1",1,"North Carolina",862,1693,364114,161,"students","~/Code/hcij_lynching_phase_two/Storage_Older_Versions/latest_articles_aug23/16791_0.txt"
"477","16791_0.txt","and Robert Hunter, the latter, lately from","16791_0",16791,"0",1841-09-01,"https://articleextractor.org/pages/16791/ncu_alligator_ver01/sn85042147/1841/09/01/ed-1/seq-4/1","Yes","","","","x","23 counterfeiters were lynched by being drowned in the Arkansas River.  1841","","sn85042147","The North-Carolina standard (Raleigh, N.C.)",1841,9,1,"seq-4","ed-1",1,"North Carolina",862,1693,364114,161,"students","~/Code/hcij_lynching_phase_two/Storage_Older_Versions/latest_articles_aug23/16791_0.txt"
"478","16791_0.txt","New York Joe Merritt and Mc Commick.","16791_0",16791,"0",1841-09-01,"https://articleextractor.org/pages/16791/ncu_alligator_ver01/sn85042147/1841/09/01/ed-1/seq-4/1","Yes","","","","x","23 counterfeiters were lynched by being drowned in the Arkansas River.  1841","","sn85042147","The North-Carolina standard (Raleigh, N.C.)",1841,9,1,"seq-4","ed-1",1,"North Carolina",862,1693,364114,161,"students","~/Code/hcij_lynching_phase_two/Storage_Older_Versions/latest_articles_aug23/16791_0.txt"
"479","16791_0.txt","The volunteers, used the following stratagem","16791_0",16791,"0",1841-09-01,"https://articleextractor.org/pages/16791/ncu_alligator_ver01/sn85042147/1841/09/01/ed-1/seq-4/1","Yes","","","","x","23 counterfeiters were lynched by being drowned in the Arkansas River.  1841","","sn85042147","The North-Carolina standard (Raleigh, N.C.)",1841,9,1,"seq-4","ed-1",1,"North Carolina",862,1693,364114,161,"students","~/Code/hcij_lynching_phase_two/Storage_Older_Versions/latest_articles_aug23/16791_0.txt"
"480","16791_0.txt","¹o seize the scoundrels. They engaged a trading","16791_0",16791,"0",1841-09-01,"https://articleextractor.org/pages/16791/ncu_alligator_ver01/sn85042147/1841/09/01/ed-1/seq-4/1","Yes","","","","x","23 counterfeiters were lynched by being drowned in the Arkansas River.  1841","","sn85042147","The North-Carolina standard (Raleigh, N.C.)",1841,9,1,"seq-4","ed-1",1,"North Carolina",862,1693,364114,161,"students","~/Code/hcij_lynching_phase_two/Storage_Older_Versions/latest_articles_aug23/16791_0.txt"
"481","16791_0.txt","at","16791_0",16791,"0",1841-09-01,"https://articleextractor.org/pages/16791/ncu_alligator_ver01/sn85042147/1841/09/01/ed-1/seq-4/1","Yes","","","","x","23 counterfeiters were lynched by being drowned in the Arkansas River.  1841","","sn85042147","The North-Carolina standard (Raleigh, N.C.)",1841,9,1,"seq-4","ed-1",1,"North Carolina",862,1693,364114,161,"students","~/Code/hcij_lynching_phase_two/Storage_Older_Versions/latest_articles_aug23/16791_0.txt"
"482","16791_0.txt","boat at Hel na and hid about 50 men in the store","16791_0",16791,"0",1841-09-01,"https://articleextractor.org/pages/16791/ncu_alligator_ver01/sn85042147/1841/09/01/ed-1/seq-4/1","Yes","","","","x","23 counterfeiters were lynched by being drowned in the Arkansas River.  1841","","sn85042147","The North-Carolina standard (Raleigh, N.C.)",1841,9,1,"seq-4","ed-1",1,"North Carolina",862,1693,364114,161,"students","~/Code/hcij_lynching_phase_two/Storage_Older_Versions/latest_articles_aug23/16791_0.txt"
"483","16791_0.txt","room; then they descended the river, landing at","16791_0",16791,"0",1841-09-01,"https://articleextractor.org/pages/16791/ncu_alligator_ver01/sn85042147/1841/09/01/ed-1/seq-4/1","Yes","","","","x","23 counterfeiters were lynched by being drowned in the Arkansas River.  1841","","sn85042147","The North-Carolina standard (Raleigh, N.C.)",1841,9,1,"seq-4","ed-1",1,"North Carolina",862,1693,364114,161,"students","~/Code/hcij_lynching_phase_two/Storage_Older_Versions/latest_articles_aug23/16791_0.txt"
"484","16791_0.txt","place where they suspected to fall in with","16791_0",16791,"0",1841-09-01,"https://articleextractor.org/pages/16791/ncu_alligator_ver01/sn85042147/1841/09/01/ed-1/seq-4/1","Yes","","","","x","23 counterfeiters were lynched by being drowned in the Arkansas River.  1841","","sn85042147","The North-Carolina standard (Raleigh, N.C.)",1841,9,1,"seq-4","ed-1",1,"North Carolina",862,1693,364114,161,"students","~/Code/hcij_lynching_phase_two/Storage_Older_Versions/latest_articles_aug23/16791_0.txt"
"485","16791_0.txt","every the counterfeiters. These depraved men came","16791_0",16791,"0",1841-09-01,"https://articleextractor.org/pages/16791/ncu_alligator_ver01/sn85042147/1841/09/01/ed-1/seq-4/1","Yes","","","","x","23 counterfeiters were lynched by being drowned in the Arkansas River.  1841","","sn85042147","The North-Carolina standard (Raleigh, N.C.)",1841,9,1,"seq-4","ed-1",1,"North Carolina",862,1693,364114,161,"students","~/Code/hcij_lynching_phase_two/Storage_Older_Versions/latest_articles_aug23/16791_0.txt"
"486","16791_0.txt","intention the with produce, purchase to on board","16791_0",16791,"0",1841-09-01,"https://articleextractor.org/pages/16791/ncu_alligator_ver01/sn85042147/1841/09/01/ed-1/seq-4/1","Yes","","","","x","23 counterfeiters were lynched by being drowned in the Arkansas River.  1841","","sn85042147","The North-Carolina standard (Raleigh, N.C.)",1841,9,1,"seq-4","ed-1",1,"North Carolina",862,1693,364114,161,"students","~/Code/hcij_lynching_phase_two/Storage_Older_Versions/latest_articles_aug23/16791_0.txt"
"487","16791_0.txt","of paying for it in counterfeit money. They","16791_0",16791,"0",1841-09-01,"https://articleextractor.org/pages/16791/ncu_alligator_ver01/sn85042147/1841/09/01/ed-1/seq-4/1","Yes","","","","x","23 counterfeiters were lynched by being drowned in the Arkansas River.  1841","","sn85042147","The North-Carolina standard (Raleigh, N.C.)",1841,9,1,"seq-4","ed-1",1,"North Carolina",862,1693,364114,161,"students","~/Code/hcij_lynching_phase_two/Storage_Older_Versions/latest_articles_aug23/16791_0.txt"
"488","16791_0.txt","were thus taken and secured in the boat. When","16791_0",16791,"0",1841-09-01,"https://articleextractor.org/pages/16791/ncu_alligator_ver01/sn85042147/1841/09/01/ed-1/seq-4/1","Yes","","","","x","23 counterfeiters were lynched by being drowned in the Arkansas River.  1841","","sn85042147","The North-Carolina standard (Raleigh, N.C.)",1841,9,1,"seq-4","ed-1",1,"North Carolina",862,1693,364114,161,"students","~/Code/hcij_lynching_phase_two/Storage_Older_Versions/latest_articles_aug23/16791_0.txt"
"489","16791_0.txt","the number had increased to 27 men, nine* of","16791_0",16791,"0",1841-09-01,"https://articleextractor.org/pages/16791/ncu_alligator_ver01/sn85042147/1841/09/01/ed-1/seq-4/1","Yes","","","","x","23 counterfeiters were lynched by being drowned in the Arkansas River.  1841","","sn85042147","The North-Carolina standard (Raleigh, N.C.)",1841,9,1,"seq-4","ed-1",1,"North Carolina",862,1693,364114,161,"students","~/Code/hcij_lynching_phase_two/Storage_Older_Versions/latest_articles_aug23/16791_0.txt"
"490","16791_0.txt","them were tied hand and feet, and, as the report","16791_0",16791,"0",1841-09-01,"https://articleextractor.org/pages/16791/ncu_alligator_ver01/sn85042147/1841/09/01/ed-1/seq-4/1","Yes","","","","x","23 counterfeiters were lynched by being drowned in the Arkansas River.  1841","","sn85042147","The North-Carolina standard (Raleigh, N.C.)",1841,9,1,"seq-4","ed-1",1,"North Carolina",862,1693,364114,161,"students","~/Code/hcij_lynching_phase_two/Storage_Older_Versions/latest_articles_aug23/16791_0.txt"
"491","16791_0.txt","says, drowned in the Mississippi, near Island No,","16791_0",16791,"0",1841-09-01,"https://articleextractor.org/pages/16791/ncu_alligator_ver01/sn85042147/1841/09/01/ed-1/seq-4/1","Yes","","","","x","23 counterfeiters were lynched by being drowned in the Arkansas River.  1841","","sn85042147","The North-Carolina standard (Raleigh, N.C.)",1841,9,1,"seq-4","ed-1",1,"North Carolina",862,1693,364114,161,"students","~/Code/hcij_lynching_phase_two/Storage_Older_Versions/latest_articles_aug23/16791_0.txt"
"492","16791_0.txt","69, in the presence of two men, Harrod and Bur","16791_0",16791,"0",1841-09-01,"https://articleextractor.org/pages/16791/ncu_alligator_ver01/sn85042147/1841/09/01/ed-1/seq-4/1","Yes","","","","x","23 counterfeiters were lynched by being drowned in the Arkansas River.  1841","","sn85042147","The North-Carolina standard (Raleigh, N.C.)",1841,9,1,"seq-4","ed-1",1,"North Carolina",862,1693,364114,161,"students","~/Code/hcij_lynching_phase_two/Storage_Older_Versions/latest_articles_aug23/16791_0.txt"
"493","16791_0.txt","gess, who it appears, officiated, or at least took","16791_0",16791,"0",1841-09-01,"https://articleextractor.org/pages/16791/ncu_alligator_ver01/sn85042147/1841/09/01/ed-1/seq-4/1","Yes","","","","x","23 counterfeiters were lynched by being drowned in the Arkansas River.  1841","","sn85042147","The North-Carolina standard (Raleigh, N.C.)",1841,9,1,"seq-4","ed-1",1,"North Carolina",862,1693,364114,161,"students","~/Code/hcij_lynching_phase_two/Storage_Older_Versions/latest_articles_aug23/16791_0.txt"
"494","16791_0.txt","an active part in the execution of the sentence.","16791_0",16791,"0",1841-09-01,"https://articleextractor.org/pages/16791/ncu_alligator_ver01/sn85042147/1841/09/01/ed-1/seq-4/1","Yes","","","","x","23 counterfeiters were lynched by being drowned in the Arkansas River.  1841","","sn85042147","The North-Carolina standard (Raleigh, N.C.)",1841,9,1,"seq-4","ed-1",1,"North Carolina",862,1693,364114,161,"students","~/Code/hcij_lynching_phase_two/Storage_Older_Versions/latest_articles_aug23/16791_0.txt"
"495","16791_0.txt","We understood that the company is increasing","16791_0",16791,"0",1841-09-01,"https://articleextractor.org/pages/16791/ncu_alligator_ver01/sn85042147/1841/09/01/ed-1/seq-4/1","Yes","","","","x","23 counterfeiters were lynched by being drowned in the Arkansas River.  1841","","sn85042147","The North-Carolina standard (Raleigh, N.C.)",1841,9,1,"seq-4","ed-1",1,"North Carolina",862,1693,364114,161,"students","~/Code/hcij_lynching_phase_two/Storage_Older_Versions/latest_articles_aug23/16791_0.txt"
"496","16791_0.txt","in number, and intends to proceed to the","16791_0",16791,"0",1841-09-01,"https://articleextractor.org/pages/16791/ncu_alligator_ver01/sn85042147/1841/09/01/ed-1/seq-4/1","Yes","","","","x","23 counterfeiters were lynched by being drowned in the Arkansas River.  1841","","sn85042147","The North-Carolina standard (Raleigh, N.C.)",1841,9,1,"seq-4","ed-1",1,"North Carolina",862,1693,364114,161,"students","~/Code/hcij_lynching_phase_two/Storage_Older_Versions/latest_articles_aug23/16791_0.txt"
"497","16791_0.txt","mouth of White river. When our informant","16791_0",16791,"0",1841-09-01,"https://articleextractor.org/pages/16791/ncu_alligator_ver01/sn85042147/1841/09/01/ed-1/seq-4/1","Yes","","","","x","23 counterfeiters were lynched by being drowned in the Arkansas River.  1841","","sn85042147","The North-Carolina standard (Raleigh, N.C.)",1841,9,1,"seq-4","ed-1",1,"North Carolina",862,1693,364114,161,"students","~/Code/hcij_lynching_phase_two/Storage_Older_Versions/latest_articles_aug23/16791_0.txt"
"498","16791_0.txt","met a division of them they were in pursuit of a","16791_0",16791,"0",1841-09-01,"https://articleextractor.org/pages/16791/ncu_alligator_ver01/sn85042147/1841/09/01/ed-1/seq-4/1","Yes","","","","x","23 counterfeiters were lynched by being drowned in the Arkansas River.  1841","","sn85042147","The North-Carolina standard (Raleigh, N.C.)",1841,9,1,"seq-4","ed-1",1,"North Carolina",862,1693,364114,161,"students","~/Code/hcij_lynching_phase_two/Storage_Older_Versions/latest_articles_aug23/16791_0.txt"
"499","16791_0.txt","certain Merian Wright. When he arrived at","16791_0",16791,"0",1841-09-01,"https://articleextractor.org/pages/16791/ncu_alligator_ver01/sn85042147/1841/09/01/ed-1/seq-4/1","Yes","","","","x","23 counterfeiters were lynched by being drowned in the Arkansas River.  1841","","sn85042147","The North-Carolina standard (Raleigh, N.C.)",1841,9,1,"seq-4","ed-1",1,"North Carolina",862,1693,364114,161,"students","~/Code/hcij_lynching_phase_two/Storage_Older_Versions/latest_articles_aug23/16791_0.txt"
"500","16791_0.txt","Napoleon, at the mouth of Arkansas river, he","16791_0",16791,"0",1841-09-01,"https://articleextractor.org/pages/16791/ncu_alligator_ver01/sn85042147/1841/09/01/ed-1/seq-4/1","Yes","","","","x","23 counterfeiters were lynched by being drowned in the Arkansas River.  1841","","sn85042147","The North-Carolina standard (Raleigh, N.C.)",1841,9,1,"seq-4","ed-1",1,"North Carolina",862,1693,364114,161,"students","~/Code/hcij_lynching_phase_two/Storage_Older_Versions/latest_articles_aug23/16791_0.txt"
"501","16791_0.txt","learned that some six or seven dead bodies had","16791_0",16791,"0",1841-09-01,"https://articleextractor.org/pages/16791/ncu_alligator_ver01/sn85042147/1841/09/01/ed-1/seq-4/1","Yes","","","","x","23 counterfeiters were lynched by being drowned in the Arkansas River.  1841","","sn85042147","The North-Carolina standard (Raleigh, N.C.)",1841,9,1,"seq-4","ed-1",1,"North Carolina",862,1693,364114,161,"students","~/Code/hcij_lynching_phase_two/Storage_Older_Versions/latest_articles_aug23/16791_0.txt"
"502","16791_0.txt","been seen floating on the river opposite that","16791_0",16791,"0",1841-09-01,"https://articleextractor.org/pages/16791/ncu_alligator_ver01/sn85042147/1841/09/01/ed-1/seq-4/1","Yes","","","","x","23 counterfeiters were lynched by being drowned in the Arkansas River.  1841","","sn85042147","The North-Carolina standard (Raleigh, N.C.)",1841,9,1,"seq-4","ed-1",1,"North Carolina",862,1693,364114,161,"students","~/Code/hcij_lynching_phase_two/Storage_Older_Versions/latest_articles_aug23/16791_0.txt"
"503","16791_0.txt","place, and also that some of the counterfeiters","16791_0",16791,"0",1841-09-01,"https://articleextractor.org/pages/16791/ncu_alligator_ver01/sn85042147/1841/09/01/ed-1/seq-4/1","Yes","","","","x","23 counterfeiters were lynched by being drowned in the Arkansas River.  1841","","sn85042147","The North-Carolina standard (Raleigh, N.C.)",1841,9,1,"seq-4","ed-1",1,"North Carolina",862,1693,364114,161,"students","~/Code/hcij_lynching_phase_two/Storage_Older_Versions/latest_articles_aug23/16791_0.txt"
"504","16791_0.txt","who escaped had been seen passing down the","16791_0",16791,"0",1841-09-01,"https://articleextractor.org/pages/16791/ncu_alligator_ver01/sn85042147/1841/09/01/ed-1/seq-4/1","Yes","","","","x","23 counterfeiters were lynched by being drowned in the Arkansas River.  1841","","sn85042147","The North-Carolina standard (Raleigh, N.C.)",1841,9,1,"seq-4","ed-1",1,"North Carolina",862,1693,364114,161,"students","~/Code/hcij_lynching_phase_two/Storage_Older_Versions/latest_articles_aug23/16791_0.txt"
"505","16791_0.txt","river with uncommon speed, in order to","16791_0",16791,"0",1841-09-01,"https://articleextractor.org/pages/16791/ncu_alligator_ver01/sn85042147/1841/09/01/ed-1/seq-4/1","Yes","","","","x","23 counterfeiters were lynched by being drowned in the Arkansas River.  1841","","sn85042147","The North-Carolina standard (Raleigh, N.C.)",1841,9,1,"seq-4","ed-1",1,"North Carolina",862,1693,364114,161,"students","~/Code/hcij_lynching_phase_two/Storage_Older_Versions/latest_articles_aug23/16791_0.txt"
"506","16791_0.txt","their pursuers.- Picayune. evade","16791_0",16791,"0",1841-09-01,"https://articleextractor.org/pages/16791/ncu_alligator_ver01/sn85042147/1841/09/01/ed-1/seq-4/1","Yes","","","","x","23 counterfeiters were lynched by being drowned in the Arkansas River.  1841","","sn85042147","The North-Carolina standard (Raleigh, N.C.)",1841,9,1,"seq-4","ed-1",1,"North Carolina",862,1693,364114,161,"students","~/Code/hcij_lynching_phase_two/Storage_Older_Versions/latest_articles_aug23/16791_0.txt"
"507","16792_0.txt","OGLE CŒUN' Y- LYNCH LAW.- The Attorney","16792_0",16792,"0",1841-07-27,"https://articleextractor.org/pages/16792/whi_dynamite_ver01/sn85040303/1841/07/27/ed-1/seq-2/1","Yes","","","","x","Mentions reaction from the Attorney General in Illinois on the lynchings of the Driscalls. 1841","","sn85040303","Southport telegraph (Southport, W.T....)",1841,7,27,"seq-2","ed-1",1,"Wisconsin",863,1694,690677,162,"students","~/Code/hcij_lynching_phase_two/Storage_Older_Versions/latest_articles_aug23/16792_0.txt"
"508","16792_0.txt","General of the state of Illinois, Mr.","16792_0",16792,"0",1841-07-27,"https://articleextractor.org/pages/16792/whi_dynamite_ver01/sn85040303/1841/07/27/ed-1/seq-2/1","Yes","","","","x","Mentions reaction from the Attorney General in Illinois on the lynchings of the Driscalls. 1841","","sn85040303","Southport telegraph (Southport, W.T....)",1841,7,27,"seq-2","ed-1",1,"Wisconsin",863,1694,690677,162,"students","~/Code/hcij_lynching_phase_two/Storage_Older_Versions/latest_articles_aug23/16792_0.txt"
"509","16792_0.txt","Lamborn, has published an opinion rela","16792_0",16792,"0",1841-07-27,"https://articleextractor.org/pages/16792/whi_dynamite_ver01/sn85040303/1841/07/27/ed-1/seq-2/1","Yes","","","","x","Mentions reaction from the Attorney General in Illinois on the lynchings of the Driscalls. 1841","","sn85040303","Southport telegraph (Southport, W.T....)",1841,7,27,"seq-2","ed-1",1,"Wisconsin",863,1694,690677,162,"students","~/Code/hcij_lynching_phase_two/Storage_Older_Versions/latest_articles_aug23/16792_0.txt"
"510","16792_0.txt","tive to the recent exercise of the lynch","16792_0",16792,"0",1841-07-27,"https://articleextractor.org/pages/16792/whi_dynamite_ver01/sn85040303/1841/07/27/ed-1/seq-2/1","Yes","","","","x","Mentions reaction from the Attorney General in Illinois on the lynchings of the Driscalls. 1841","","sn85040303","Southport telegraph (Southport, W.T....)",1841,7,27,"seq-2","ed-1",1,"Wisconsin",863,1694,690677,162,"students","~/Code/hcij_lynching_phase_two/Storage_Older_Versions/latest_articles_aug23/16792_0.txt"
"511","16792_0.txt","law in Ogle county, in the case of the","16792_0",16792,"0",1841-07-27,"https://articleextractor.org/pages/16792/whi_dynamite_ver01/sn85040303/1841/07/27/ed-1/seq-2/1","Yes","","","","x","Mentions reaction from the Attorney General in Illinois on the lynchings of the Driscalls. 1841","","sn85040303","Southport telegraph (Southport, W.T....)",1841,7,27,"seq-2","ed-1",1,"Wisconsin",863,1694,690677,162,"students","~/Code/hcij_lynching_phase_two/Storage_Older_Versions/latest_articles_aug23/16792_0.txt"
"512","16792_0.txt","Driscalls. Mr. Lamborn regards the sum","16792_0",16792,"0",1841-07-27,"https://articleextractor.org/pages/16792/whi_dynamite_ver01/sn85040303/1841/07/27/ed-1/seq-2/1","Yes","","","","x","Mentions reaction from the Attorney General in Illinois on the lynchings of the Driscalls. 1841","","sn85040303","Southport telegraph (Southport, W.T....)",1841,7,27,"seq-2","ed-1",1,"Wisconsin",863,1694,690677,162,"students","~/Code/hcij_lynching_phase_two/Storage_Older_Versions/latest_articles_aug23/16792_0.txt"
"513","16792_0.txt","mary execution of the horse thieves, as","16792_0",16792,"0",1841-07-27,"https://articleextractor.org/pages/16792/whi_dynamite_ver01/sn85040303/1841/07/27/ed-1/seq-2/1","Yes","","","","x","Mentions reaction from the Attorney General in Illinois on the lynchings of the Driscalls. 1841","","sn85040303","Southport telegraph (Southport, W.T....)",1841,7,27,"seq-2","ed-1",1,"Wisconsin",863,1694,690677,162,"students","~/Code/hcij_lynching_phase_two/Storage_Older_Versions/latest_articles_aug23/16792_0.txt"
"514","16792_0.txt","wholly unjustifiable and uncalled for in the","16792_0",16792,"0",1841-07-27,"https://articleextractor.org/pages/16792/whi_dynamite_ver01/sn85040303/1841/07/27/ed-1/seq-2/1","Yes","","","","x","Mentions reaction from the Attorney General in Illinois on the lynchings of the Driscalls. 1841","","sn85040303","Southport telegraph (Southport, W.T....)",1841,7,27,"seq-2","ed-1",1,"Wisconsin",863,1694,690677,162,"students","~/Code/hcij_lynching_phase_two/Storage_Older_Versions/latest_articles_aug23/16792_0.txt"
"515","16792_0.txt","exigencies of the case. He says,"" I have","16792_0",16792,"0",1841-07-27,"https://articleextractor.org/pages/16792/whi_dynamite_ver01/sn85040303/1841/07/27/ed-1/seq-2/1","Yes","","","","x","Mentions reaction from the Attorney General in Illinois on the lynchings of the Driscalls. 1841","","sn85040303","Southport telegraph (Southport, W.T....)",1841,7,27,"seq-2","ed-1",1,"Wisconsin",863,1694,690677,162,"students","~/Code/hcij_lynching_phase_two/Storage_Older_Versions/latest_articles_aug23/16792_0.txt"
"516","16792_0.txt","no doubt that when the indignation and","16792_0",16792,"0",1841-07-27,"https://articleextractor.org/pages/16792/whi_dynamite_ver01/sn85040303/1841/07/27/ed-1/seq-2/1","Yes","","","","x","Mentions reaction from the Attorney General in Illinois on the lynchings of the Driscalls. 1841","","sn85040303","Southport telegraph (Southport, W.T....)",1841,7,27,"seq-2","ed-1",1,"Wisconsin",863,1694,690677,162,"students","~/Code/hcij_lynching_phase_two/Storage_Older_Versions/latest_articles_aug23/16792_0.txt"
"517","16792_0.txt","phrenzy of the occasion, shall have passed","16792_0",16792,"0",1841-07-27,"https://articleextractor.org/pages/16792/whi_dynamite_ver01/sn85040303/1841/07/27/ed-1/seq-2/1","Yes","","","","x","Mentions reaction from the Attorney General in Illinois on the lynchings of the Driscalls. 1841","","sn85040303","Southport telegraph (Southport, W.T....)",1841,7,27,"seq-2","ed-1",1,"Wisconsin",863,1694,690677,162,"students","~/Code/hcij_lynching_phase_two/Storage_Older_Versions/latest_articles_aug23/16792_0.txt"
"518","16792_0.txt","away, the actors in the general tragedy","16792_0",16792,"0",1841-07-27,"https://articleextractor.org/pages/16792/whi_dynamite_ver01/sn85040303/1841/07/27/ed-1/seq-2/1","Yes","","","","x","Mentions reaction from the Attorney General in Illinois on the lynchings of the Driscalls. 1841","","sn85040303","Southport telegraph (Southport, W.T....)",1841,7,27,"seq-2","ed-1",1,"Wisconsin",863,1694,690677,162,"students","~/Code/hcij_lynching_phase_two/Storage_Older_Versions/latest_articles_aug23/16792_0.txt"
"519","16792_0.txt","will join in the general lamentation, which","16792_0",16792,"0",1841-07-27,"https://articleextractor.org/pages/16792/whi_dynamite_ver01/sn85040303/1841/07/27/ed-1/seq-2/1","Yes","","","","x","Mentions reaction from the Attorney General in Illinois on the lynchings of the Driscalls. 1841","","sn85040303","Southport telegraph (Southport, W.T....)",1841,7,27,"seq-2","ed-1",1,"Wisconsin",863,1694,690677,162,"students","~/Code/hcij_lynching_phase_two/Storage_Older_Versions/latest_articles_aug23/16792_0.txt"
"520","16792_0.txt","must pervade society wherever the bloody","16792_0",16792,"0",1841-07-27,"https://articleextractor.org/pages/16792/whi_dynamite_ver01/sn85040303/1841/07/27/ed-1/seq-2/1","Yes","","","","x","Mentions reaction from the Attorney General in Illinois on the lynchings of the Driscalls. 1841","","sn85040303","Southport telegraph (Southport, W.T....)",1841,7,27,"seq-2","ed-1",1,"Wisconsin",863,1694,690677,162,"students","~/Code/hcij_lynching_phase_two/Storage_Older_Versions/latest_articles_aug23/16792_0.txt"
"521","16792_0.txt","details are made known."" He contends","16792_0",16792,"0",1841-07-27,"https://articleextractor.org/pages/16792/whi_dynamite_ver01/sn85040303/1841/07/27/ed-1/seq-2/1","Yes","","","","x","Mentions reaction from the Attorney General in Illinois on the lynchings of the Driscalls. 1841","","sn85040303","Southport telegraph (Southport, W.T....)",1841,7,27,"seq-2","ed-1",1,"Wisconsin",863,1694,690677,162,"students","~/Code/hcij_lynching_phase_two/Storage_Older_Versions/latest_articles_aug23/16792_0.txt"
"522","16792_0.txt","that the laws of Illinois, are sufficiently","16792_0",16792,"0",1841-07-27,"https://articleextractor.org/pages/16792/whi_dynamite_ver01/sn85040303/1841/07/27/ed-1/seq-2/1","Yes","","","","x","Mentions reaction from the Attorney General in Illinois on the lynchings of the Driscalls. 1841","","sn85040303","Southport telegraph (Southport, W.T....)",1841,7,27,"seq-2","ed-1",1,"Wisconsin",863,1694,690677,162,"students","~/Code/hcij_lynching_phase_two/Storage_Older_Versions/latest_articles_aug23/16792_0.txt"
"523","16792_0.txt","rigid and fully adequate to any emergency.","16792_0",16792,"0",1841-07-27,"https://articleextractor.org/pages/16792/whi_dynamite_ver01/sn85040303/1841/07/27/ed-1/seq-2/1","Yes","","","","x","Mentions reaction from the Attorney General in Illinois on the lynchings of the Driscalls. 1841","","sn85040303","Southport telegraph (Southport, W.T....)",1841,7,27,"seq-2","ed-1",1,"Wisconsin",863,1694,690677,162,"students","~/Code/hcij_lynching_phase_two/Storage_Older_Versions/latest_articles_aug23/16792_0.txt"
"524","16792_0.txt","Nearly thirty persons have been sentenced","16792_0",16792,"0",1841-07-27,"https://articleextractor.org/pages/16792/whi_dynamite_ver01/sn85040303/1841/07/27/ed-1/seq-2/1","Yes","","","","x","Mentions reaction from the Attorney General in Illinois on the lynchings of the Driscalls. 1841","","sn85040303","Southport telegraph (Southport, W.T....)",1841,7,27,"seq-2","ed-1",1,"Wisconsin",863,1694,690677,162,"students","~/Code/hcij_lynching_phase_two/Storage_Older_Versions/latest_articles_aug23/16792_0.txt"
"525","16792_0.txt","to the penitentiary within the last year,","16792_0",16792,"0",1841-07-27,"https://articleextractor.org/pages/16792/whi_dynamite_ver01/sn85040303/1841/07/27/ed-1/seq-2/1","Yes","","","","x","Mentions reaction from the Attorney General in Illinois on the lynchings of the Driscalls. 1841","","sn85040303","Southport telegraph (Southport, W.T....)",1841,7,27,"seq-2","ed-1",1,"Wisconsin",863,1694,690677,162,"students","~/Code/hcij_lynching_phase_two/Storage_Older_Versions/latest_articles_aug23/16792_0.txt"
"526","16792_0.txt","from the stricts infected with the horse","16792_0",16792,"0",1841-07-27,"https://articleextractor.org/pages/16792/whi_dynamite_ver01/sn85040303/1841/07/27/ed-1/seq-2/1","Yes","","","","x","Mentions reaction from the Attorney General in Illinois on the lynchings of the Driscalls. 1841","","sn85040303","Southport telegraph (Southport, W.T....)",1841,7,27,"seq-2","ed-1",1,"Wisconsin",863,1694,690677,162,"students","~/Code/hcij_lynching_phase_two/Storage_Older_Versions/latest_articles_aug23/16792_0.txt"
"527","16792_0.txt","thieves and blacklegs. The plea there","16792_0",16792,"0",1841-07-27,"https://articleextractor.org/pages/16792/whi_dynamite_ver01/sn85040303/1841/07/27/ed-1/seq-2/1","Yes","","","","x","Mentions reaction from the Attorney General in Illinois on the lynchings of the Driscalls. 1841","","sn85040303","Southport telegraph (Southport, W.T....)",1841,7,27,"seq-2","ed-1",1,"Wisconsin",863,1694,690677,162,"students","~/Code/hcij_lynching_phase_two/Storage_Older_Versions/latest_articles_aug23/16792_0.txt"
"528","16792_0.txt","fore that the arm of the law is too weak,","16792_0",16792,"0",1841-07-27,"https://articleextractor.org/pages/16792/whi_dynamite_ver01/sn85040303/1841/07/27/ed-1/seq-2/1","Yes","","","","x","Mentions reaction from the Attorney General in Illinois on the lynchings of the Driscalls. 1841","","sn85040303","Southport telegraph (Southport, W.T....)",1841,7,27,"seq-2","ed-1",1,"Wisconsin",863,1694,690677,162,"students","~/Code/hcij_lynching_phase_two/Storage_Older_Versions/latest_articles_aug23/16792_0.txt"
"529","16792_0.txt","to bring offenders to justice, is wholly","16792_0",16792,"0",1841-07-27,"https://articleextractor.org/pages/16792/whi_dynamite_ver01/sn85040303/1841/07/27/ed-1/seq-2/1","Yes","","","","x","Mentions reaction from the Attorney General in Illinois on the lynchings of the Driscalls. 1841","","sn85040303","Southport telegraph (Southport, W.T....)",1841,7,27,"seq-2","ed-1",1,"Wisconsin",863,1694,690677,162,"students","~/Code/hcij_lynching_phase_two/Storage_Older_Versions/latest_articles_aug23/16792_0.txt"
"530","16792_0.txt","without foundation. The prosecutions in","16792_0",16792,"0",1841-07-27,"https://articleextractor.org/pages/16792/whi_dynamite_ver01/sn85040303/1841/07/27/ed-1/seq-2/1","Yes","","","","x","Mentions reaction from the Attorney General in Illinois on the lynchings of the Driscalls. 1841","","sn85040303","Southport telegraph (Southport, W.T....)",1841,7,27,"seq-2","ed-1",1,"Wisconsin",863,1694,690677,162,"students","~/Code/hcij_lynching_phase_two/Storage_Older_Versions/latest_articles_aug23/16792_0.txt"
"531","16792_0.txt","the northern counties of Illinois have been","16792_0",16792,"0",1841-07-27,"https://articleextractor.org/pages/16792/whi_dynamite_ver01/sn85040303/1841/07/27/ed-1/seq-2/1","Yes","","","","x","Mentions reaction from the Attorney General in Illinois on the lynchings of the Driscalls. 1841","","sn85040303","Southport telegraph (Southport, W.T....)",1841,7,27,"seq-2","ed-1",1,"Wisconsin",863,1694,690677,162,"students","~/Code/hcij_lynching_phase_two/Storage_Older_Versions/latest_articles_aug23/16792_0.txt"
"532","16792_0.txt","nusually severe, as is proved by the num","16792_0",16792,"0",1841-07-27,"https://articleextractor.org/pages/16792/whi_dynamite_ver01/sn85040303/1841/07/27/ed-1/seq-2/1","Yes","","","","x","Mentions reaction from the Attorney General in Illinois on the lynchings of the Driscalls. 1841","","sn85040303","Southport telegraph (Southport, W.T....)",1841,7,27,"seq-2","ed-1",1,"Wisconsin",863,1694,690677,162,"students","~/Code/hcij_lynching_phase_two/Storage_Older_Versions/latest_articles_aug23/16792_0.txt"
"533","16792_0.txt","ber of prisoners sent to the penitentiary,","16792_0",16792,"0",1841-07-27,"https://articleextractor.org/pages/16792/whi_dynamite_ver01/sn85040303/1841/07/27/ed-1/seq-2/1","Yes","","","","x","Mentions reaction from the Attorney General in Illinois on the lynchings of the Driscalls. 1841","","sn85040303","Southport telegraph (Southport, W.T....)",1841,7,27,"seq-2","ed-1",1,"Wisconsin",863,1694,690677,162,"students","~/Code/hcij_lynching_phase_two/Storage_Older_Versions/latest_articles_aug23/16792_0.txt"
"534","16792_0.txt","from the very district of country, suppos d","16792_0",16792,"0",1841-07-27,"https://articleextractor.org/pages/16792/whi_dynamite_ver01/sn85040303/1841/07/27/ed-1/seq-2/1","Yes","","","","x","Mentions reaction from the Attorney General in Illinois on the lynchings of the Driscalls. 1841","","sn85040303","Southport telegraph (Southport, W.T....)",1841,7,27,"seq-2","ed-1",1,"Wisconsin",863,1694,690677,162,"students","~/Code/hcij_lynching_phase_two/Storage_Older_Versions/latest_articles_aug23/16792_0.txt"
"535","16792_0.txt","to be under the control of a gang of des","16792_0",16792,"0",1841-07-27,"https://articleextractor.org/pages/16792/whi_dynamite_ver01/sn85040303/1841/07/27/ed-1/seq-2/1","Yes","","","","x","Mentions reaction from the Attorney General in Illinois on the lynchings of the Driscalls. 1841","","sn85040303","Southport telegraph (Southport, W.T....)",1841,7,27,"seq-2","ed-1",1,"Wisconsin",863,1694,690677,162,"students","~/Code/hcij_lynching_phase_two/Storage_Older_Versions/latest_articles_aug23/16792_0.txt"
"536","16792_0.txt","peradocs.-","16792_0",16792,"0",1841-07-27,"https://articleextractor.org/pages/16792/whi_dynamite_ver01/sn85040303/1841/07/27/ed-1/seq-2/1","Yes","","","","x","Mentions reaction from the Attorney General in Illinois on the lynchings of the Driscalls. 1841","","sn85040303","Southport telegraph (Southport, W.T....)",1841,7,27,"seq-2","ed-1",1,"Wisconsin",863,1694,690677,162,"students","~/Code/hcij_lynching_phase_two/Storage_Older_Versions/latest_articles_aug23/16792_0.txt"
"537","16793_0.txt","ILLINOIS LYNCH LAW --- Since our ac","16793_0",16793,"0",1841-07-20,"https://articleextractor.org/pages/16793/whi_dynamite_ver01/sn85040303/1841/07/20/ed-1/seq-2/1","Yes","","","","x","Lynching of two Driscalls in Ogle Co. , Illinois by a mob for murdering John Campbell. 1841","","sn85040303","Southport telegraph (Southport, W.T....)",1841,7,20,"seq-2","ed-1",1,"Wisconsin",864,1695,690666,163,"students","~/Code/hcij_lynching_phase_two/Storage_Older_Versions/latest_articles_aug23/16793_0.txt"
"538","16793_0.txt","count of last week, with regard to the lynch","16793_0",16793,"0",1841-07-20,"https://articleextractor.org/pages/16793/whi_dynamite_ver01/sn85040303/1841/07/20/ed-1/seq-2/1","Yes","","","","x","Lynching of two Driscalls in Ogle Co. , Illinois by a mob for murdering John Campbell. 1841","","sn85040303","Southport telegraph (Southport, W.T....)",1841,7,20,"seq-2","ed-1",1,"Wisconsin",864,1695,690666,163,"students","~/Code/hcij_lynching_phase_two/Storage_Older_Versions/latest_articles_aug23/16793_0.txt"
"539","16793_0.txt","ing tragedy in Ogle Co., Illinois, we have","16793_0",16793,"0",1841-07-20,"https://articleextractor.org/pages/16793/whi_dynamite_ver01/sn85040303/1841/07/20/ed-1/seq-2/1","Yes","","","","x","Lynching of two Driscalls in Ogle Co. , Illinois by a mob for murdering John Campbell. 1841","","sn85040303","Southport telegraph (Southport, W.T....)",1841,7,20,"seq-2","ed-1",1,"Wisconsin",864,1695,690666,163,"students","~/Code/hcij_lynching_phase_two/Storage_Older_Versions/latest_articles_aug23/16793_0.txt"
"540","16793_0.txt","received conflicting and contradictory state","16793_0",16793,"0",1841-07-20,"https://articleextractor.org/pages/16793/whi_dynamite_ver01/sn85040303/1841/07/20/ed-1/seq-2/1","Yes","","","","x","Lynching of two Driscalls in Ogle Co. , Illinois by a mob for murdering John Campbell. 1841","","sn85040303","Southport telegraph (Southport, W.T....)",1841,7,20,"seq-2","ed-1",1,"Wisconsin",864,1695,690666,163,"students","~/Code/hcij_lynching_phase_two/Storage_Older_Versions/latest_articles_aug23/16793_0.txt"
"541","16793_0.txt","ments through the papers, of the circum","16793_0",16793,"0",1841-07-20,"https://articleextractor.org/pages/16793/whi_dynamite_ver01/sn85040303/1841/07/20/ed-1/seq-2/1","Yes","","","","x","Lynching of two Driscalls in Ogle Co. , Illinois by a mob for murdering John Campbell. 1841","","sn85040303","Southport telegraph (Southport, W.T....)",1841,7,20,"seq-2","ed-1",1,"Wisconsin",864,1695,690666,163,"students","~/Code/hcij_lynching_phase_two/Storage_Older_Versions/latest_articles_aug23/16793_0.txt"
"542","16793_0.txt","stances connected with that transaction. ---","16793_0",16793,"0",1841-07-20,"https://articleextractor.org/pages/16793/whi_dynamite_ver01/sn85040303/1841/07/20/ed-1/seq-2/1","Yes","","","","x","Lynching of two Driscalls in Ogle Co. , Illinois by a mob for murdering John Campbell. 1841","","sn85040303","Southport telegraph (Southport, W.T....)",1841,7,20,"seq-2","ed-1",1,"Wisconsin",864,1695,690666,163,"students","~/Code/hcij_lynching_phase_two/Storage_Older_Versions/latest_articles_aug23/16793_0.txt"
"543","16793_0.txt","From all that we are able to learn, it would","16793_0",16793,"0",1841-07-20,"https://articleextractor.org/pages/16793/whi_dynamite_ver01/sn85040303/1841/07/20/ed-1/seq-2/1","Yes","","","","x","Lynching of two Driscalls in Ogle Co. , Illinois by a mob for murdering John Campbell. 1841","","sn85040303","Southport telegraph (Southport, W.T....)",1841,7,20,"seq-2","ed-1",1,"Wisconsin",864,1695,690666,163,"students","~/Code/hcij_lynching_phase_two/Storage_Older_Versions/latest_articles_aug23/16793_0.txt"
"544","16793_0.txt","seem the mers prudent portion of the peo","16793_0",16793,"0",1841-07-20,"https://articleextractor.org/pages/16793/whi_dynamite_ver01/sn85040303/1841/07/20/ed-1/seq-2/1","Yes","","","","x","Lynching of two Driscalls in Ogle Co. , Illinois by a mob for murdering John Campbell. 1841","","sn85040303","Southport telegraph (Southport, W.T....)",1841,7,20,"seq-2","ed-1",1,"Wisconsin",864,1695,690666,163,"students","~/Code/hcij_lynching_phase_two/Storage_Older_Versions/latest_articles_aug23/16793_0.txt"
"545","16793_0.txt","ple, are far from justifying the summary","16793_0",16793,"0",1841-07-20,"https://articleextractor.org/pages/16793/whi_dynamite_ver01/sn85040303/1841/07/20/ed-1/seq-2/1","Yes","","","","x","Lynching of two Driscalls in Ogle Co. , Illinois by a mob for murdering John Campbell. 1841","","sn85040303","Southport telegraph (Southport, W.T....)",1841,7,20,"seq-2","ed-1",1,"Wisconsin",864,1695,690666,163,"students","~/Code/hcij_lynching_phase_two/Storage_Older_Versions/latest_articles_aug23/16793_0.txt"
"546","16793_0.txt","trial and execution of the two Driscalls, for","16793_0",16793,"0",1841-07-20,"https://articleextractor.org/pages/16793/whi_dynamite_ver01/sn85040303/1841/07/20/ed-1/seq-2/1","Yes","","","","x","Lynching of two Driscalls in Ogle Co. , Illinois by a mob for murdering John Campbell. 1841","","sn85040303","Southport telegraph (Southport, W.T....)",1841,7,20,"seq-2","ed-1",1,"Wisconsin",864,1695,690666,163,"students","~/Code/hcij_lynching_phase_two/Storage_Older_Versions/latest_articles_aug23/16793_0.txt"
"547","16793_0.txt","the alleged murder of John Campbell. A","16793_0",16793,"0",1841-07-20,"https://articleextractor.org/pages/16793/whi_dynamite_ver01/sn85040303/1841/07/20/ed-1/seq-2/1","Yes","","","","x","Lynching of two Driscalls in Ogle Co. , Illinois by a mob for murdering John Campbell. 1841","","sn85040303","Southport telegraph (Southport, W.T....)",1841,7,20,"seq-2","ed-1",1,"Wisconsin",864,1695,690666,163,"students","~/Code/hcij_lynching_phase_two/Storage_Older_Versions/latest_articles_aug23/16793_0.txt"
"548","16793_0.txt","Coroners inquest has been held upon the","16793_0",16793,"0",1841-07-20,"https://articleextractor.org/pages/16793/whi_dynamite_ver01/sn85040303/1841/07/20/ed-1/seq-2/1","Yes","","","","x","Lynching of two Driscalls in Ogle Co. , Illinois by a mob for murdering John Campbell. 1841","","sn85040303","Southport telegraph (Southport, W.T....)",1841,7,20,"seq-2","ed-1",1,"Wisconsin",864,1695,690666,163,"students","~/Code/hcij_lynching_phase_two/Storage_Older_Versions/latest_articles_aug23/16793_0.txt"
"549","16793_0.txt","bodies of the Driscalls, and the jury have","16793_0",16793,"0",1841-07-20,"https://articleextractor.org/pages/16793/whi_dynamite_ver01/sn85040303/1841/07/20/ed-1/seq-2/1","Yes","","","","x","Lynching of two Driscalls in Ogle Co. , Illinois by a mob for murdering John Campbell. 1841","","sn85040303","Southport telegraph (Southport, W.T....)",1841,7,20,"seq-2","ed-1",1,"Wisconsin",864,1695,690666,163,"students","~/Code/hcij_lynching_phase_two/Storage_Older_Versions/latest_articles_aug23/16793_0.txt"
"550","16793_0.txt","returned a verdict of wilful murder! This","16793_0",16793,"0",1841-07-20,"https://articleextractor.org/pages/16793/whi_dynamite_ver01/sn85040303/1841/07/20/ed-1/seq-2/1","Yes","","","","x","Lynching of two Driscalls in Ogle Co. , Illinois by a mob for murdering John Campbell. 1841","","sn85040303","Southport telegraph (Southport, W.T....)",1841,7,20,"seq-2","ed-1",1,"Wisconsin",864,1695,690666,163,"students","~/Code/hcij_lynching_phase_two/Storage_Older_Versions/latest_articles_aug23/16793_0.txt"
"551","16793_0.txt","then, is likely to result in serious business","16793_0",16793,"0",1841-07-20,"https://articleextractor.org/pages/16793/whi_dynamite_ver01/sn85040303/1841/07/20/ed-1/seq-2/1","Yes","","","","x","Lynching of two Driscalls in Ogle Co. , Illinois by a mob for murdering John Campbell. 1841","","sn85040303","Southport telegraph (Southport, W.T....)",1841,7,20,"seq-2","ed-1",1,"Wisconsin",864,1695,690666,163,"students","~/Code/hcij_lynching_phase_two/Storage_Older_Versions/latest_articles_aug23/16793_0.txt"
"552","16793_0.txt","to those who assumed to take the law into","16793_0",16793,"0",1841-07-20,"https://articleextractor.org/pages/16793/whi_dynamite_ver01/sn85040303/1841/07/20/ed-1/seq-2/1","Yes","","","","x","Lynching of two Driscalls in Ogle Co. , Illinois by a mob for murdering John Campbell. 1841","","sn85040303","Southport telegraph (Southport, W.T....)",1841,7,20,"seq-2","ed-1",1,"Wisconsin",864,1695,690666,163,"students","~/Code/hcij_lynching_phase_two/Storage_Older_Versions/latest_articles_aug23/16793_0.txt"
"553","16793_0.txt","their own hands.","16793_0",16793,"0",1841-07-20,"https://articleextractor.org/pages/16793/whi_dynamite_ver01/sn85040303/1841/07/20/ed-1/seq-2/1","Yes","","","","x","Lynching of two Driscalls in Ogle Co. , Illinois by a mob for murdering John Campbell. 1841","","sn85040303","Southport telegraph (Southport, W.T....)",1841,7,20,"seq-2","ed-1",1,"Wisconsin",864,1695,690666,163,"students","~/Code/hcij_lynching_phase_two/Storage_Older_Versions/latest_articles_aug23/16793_0.txt"
"554","16793_0.txt","We learn that immediately after the mob","16793_0",16793,"0",1841-07-20,"https://articleextractor.org/pages/16793/whi_dynamite_ver01/sn85040303/1841/07/20/ed-1/seq-2/1","Yes","","","","x","Lynching of two Driscalls in Ogle Co. , Illinois by a mob for murdering John Campbell. 1841","","sn85040303","Southport telegraph (Southport, W.T....)",1841,7,20,"seq-2","ed-1",1,"Wisconsin",864,1695,690666,163,"students","~/Code/hcij_lynching_phase_two/Storage_Older_Versions/latest_articles_aug23/16793_0.txt"
"555","16793_0.txt","had wreaked their vengeance upon the","16793_0",16793,"0",1841-07-20,"https://articleextractor.org/pages/16793/whi_dynamite_ver01/sn85040303/1841/07/20/ed-1/seq-2/1","Yes","","","","x","Lynching of two Driscalls in Ogle Co. , Illinois by a mob for murdering John Campbell. 1841","","sn85040303","Southport telegraph (Southport, W.T....)",1841,7,20,"seq-2","ed-1",1,"Wisconsin",864,1695,690666,163,"students","~/Code/hcij_lynching_phase_two/Storage_Older_Versions/latest_articles_aug23/16793_0.txt"
"556","16793_0.txt","lives of two Driscalls, they repaired to the","16793_0",16793,"0",1841-07-20,"https://articleextractor.org/pages/16793/whi_dynamite_ver01/sn85040303/1841/07/20/ed-1/seq-2/1","Yes","","","","x","Lynching of two Driscalls in Ogle Co. , Illinois by a mob for murdering John Campbell. 1841","","sn85040303","Southport telegraph (Southport, W.T....)",1841,7,20,"seq-2","ed-1",1,"Wisconsin",864,1695,690666,163,"students","~/Code/hcij_lynching_phase_two/Storage_Older_Versions/latest_articles_aug23/16793_0.txt"
"557","16793_0.txt","residences of all the Driscalls and expelled","16793_0",16793,"0",1841-07-20,"https://articleextractor.org/pages/16793/whi_dynamite_ver01/sn85040303/1841/07/20/ed-1/seq-2/1","Yes","","","","x","Lynching of two Driscalls in Ogle Co. , Illinois by a mob for murdering John Campbell. 1841","","sn85040303","Southport telegraph (Southport, W.T....)",1841,7,20,"seq-2","ed-1",1,"Wisconsin",864,1695,690666,163,"students","~/Code/hcij_lynching_phase_two/Storage_Older_Versions/latest_articles_aug23/16793_0.txt"
"558","16793_0.txt","the widowed and orphaned families, and","16793_0",16793,"0",1841-07-20,"https://articleextractor.org/pages/16793/whi_dynamite_ver01/sn85040303/1841/07/20/ed-1/seq-2/1","Yes","","","","x","Lynching of two Driscalls in Ogle Co. , Illinois by a mob for murdering John Campbell. 1841","","sn85040303","Southport telegraph (Southport, W.T....)",1841,7,20,"seq-2","ed-1",1,"Wisconsin",864,1695,690666,163,"students","~/Code/hcij_lynching_phase_two/Storage_Older_Versions/latest_articles_aug23/16793_0.txt"
"559","16793_0.txt","burnt their houses to the ground. It is al","16793_0",16793,"0",1841-07-20,"https://articleextractor.org/pages/16793/whi_dynamite_ver01/sn85040303/1841/07/20/ed-1/seq-2/1","Yes","","","","x","Lynching of two Driscalls in Ogle Co. , Illinois by a mob for murdering John Campbell. 1841","","sn85040303","Southport telegraph (Southport, W.T....)",1841,7,20,"seq-2","ed-1",1,"Wisconsin",864,1695,690666,163,"students","~/Code/hcij_lynching_phase_two/Storage_Older_Versions/latest_articles_aug23/16793_0.txt"
"560","16793_0.txt","so stated that money and valuable papers,","16793_0",16793,"0",1841-07-20,"https://articleextractor.org/pages/16793/whi_dynamite_ver01/sn85040303/1841/07/20/ed-1/seq-2/1","Yes","","","","x","Lynching of two Driscalls in Ogle Co. , Illinois by a mob for murdering John Campbell. 1841","","sn85040303","Southport telegraph (Southport, W.T....)",1841,7,20,"seq-2","ed-1",1,"Wisconsin",864,1695,690666,163,"students","~/Code/hcij_lynching_phase_two/Storage_Older_Versions/latest_articles_aug23/16793_0.txt"
"561","16793_0.txt","were upon the persons of the Driscalls at","16793_0",16793,"0",1841-07-20,"https://articleextractor.org/pages/16793/whi_dynamite_ver01/sn85040303/1841/07/20/ed-1/seq-2/1","Yes","","","","x","Lynching of two Driscalls in Ogle Co. , Illinois by a mob for murdering John Campbell. 1841","","sn85040303","Southport telegraph (Southport, W.T....)",1841,7,20,"seq-2","ed-1",1,"Wisconsin",864,1695,690666,163,"students","~/Code/hcij_lynching_phase_two/Storage_Older_Versions/latest_articles_aug23/16793_0.txt"
"562","16793_0.txt","the time of their being shot, which were","16793_0",16793,"0",1841-07-20,"https://articleextractor.org/pages/16793/whi_dynamite_ver01/sn85040303/1841/07/20/ed-1/seq-2/1","Yes","","","","x","Lynching of two Driscalls in Ogle Co. , Illinois by a mob for murdering John Campbell. 1841","","sn85040303","Southport telegraph (Southport, W.T....)",1841,7,20,"seq-2","ed-1",1,"Wisconsin",864,1695,690666,163,"students","~/Code/hcij_lynching_phase_two/Storage_Older_Versions/latest_articles_aug23/16793_0.txt"
"563","16793_0.txt","abstracted from their pockets by the mob.","16793_0",16793,"0",1841-07-20,"https://articleextractor.org/pages/16793/whi_dynamite_ver01/sn85040303/1841/07/20/ed-1/seq-2/1","Yes","","","","x","Lynching of two Driscalls in Ogle Co. , Illinois by a mob for murdering John Campbell. 1841","","sn85040303","Southport telegraph (Southport, W.T....)",1841,7,20,"seq-2","ed-1",1,"Wisconsin",864,1695,690666,163,"students","~/Code/hcij_lynching_phase_two/Storage_Older_Versions/latest_articles_aug23/16793_0.txt"
"564","16793_0.txt","The Driscalls were the owners valu-","16793_0",16793,"0",1841-07-20,"https://articleextractor.org/pages/16793/whi_dynamite_ver01/sn85040303/1841/07/20/ed-1/seq-2/1","Yes","","","","x","Lynching of two Driscalls in Ogle Co. , Illinois by a mob for murdering John Campbell. 1841","","sn85040303","Southport telegraph (Southport, W.T....)",1841,7,20,"seq-2","ed-1",1,"Wisconsin",864,1695,690666,163,"students","~/Code/hcij_lynching_phase_two/Storage_Older_Versions/latest_articles_aug23/16793_0.txt"
"565","16793_0.txt","ble farms, which are under a high of state of","16793_0",16793,"0",1841-07-20,"https://articleextractor.org/pages/16793/whi_dynamite_ver01/sn85040303/1841/07/20/ed-1/seq-2/1","Yes","","","","x","Lynching of two Driscalls in Ogle Co. , Illinois by a mob for murdering John Campbell. 1841","","sn85040303","Southport telegraph (Southport, W.T....)",1841,7,20,"seq-2","ed-1",1,"Wisconsin",864,1695,690666,163,"students","~/Code/hcij_lynching_phase_two/Storage_Older_Versions/latest_articles_aug23/16793_0.txt"
"566","16793_0.txt","cultivation, and covered with extensive","16793_0",16793,"0",1841-07-20,"https://articleextractor.org/pages/16793/whi_dynamite_ver01/sn85040303/1841/07/20/ed-1/seq-2/1","Yes","","","","x","Lynching of two Driscalls in Ogle Co. , Illinois by a mob for murdering John Campbell. 1841","","sn85040303","Southport telegraph (Southport, W.T....)",1841,7,20,"seq-2","ed-1",1,"Wisconsin",864,1695,690666,163,"students","~/Code/hcij_lynching_phase_two/Storage_Older_Versions/latest_articles_aug23/16793_0.txt"
"567","16793_0.txt","crops of growing grain. The mob have","16793_0",16793,"0",1841-07-20,"https://articleextractor.org/pages/16793/whi_dynamite_ver01/sn85040303/1841/07/20/ed-1/seq-2/1","Yes","","","","x","Lynching of two Driscalls in Ogle Co. , Illinois by a mob for murdering John Campbell. 1841","","sn85040303","Southport telegraph (Southport, W.T....)",1841,7,20,"seq-2","ed-1",1,"Wisconsin",864,1695,690666,163,"students","~/Code/hcij_lynching_phase_two/Storage_Older_Versions/latest_articles_aug23/16793_0.txt"
"568","16793_0.txt","forbidden under the penalty of death any","16793_0",16793,"0",1841-07-20,"https://articleextractor.org/pages/16793/whi_dynamite_ver01/sn85040303/1841/07/20/ed-1/seq-2/1","Yes","","","","x","Lynching of two Driscalls in Ogle Co. , Illinois by a mob for murdering John Campbell. 1841","","sn85040303","Southport telegraph (Southport, W.T....)",1841,7,20,"seq-2","ed-1",1,"Wisconsin",864,1695,690666,163,"students","~/Code/hcij_lynching_phase_two/Storage_Older_Versions/latest_articles_aug23/16793_0.txt"
"569","16793_0.txt","persons from harvesting the crops.","16793_0",16793,"0",1841-07-20,"https://articleextractor.org/pages/16793/whi_dynamite_ver01/sn85040303/1841/07/20/ed-1/seq-2/1","Yes","","","","x","Lynching of two Driscalls in Ogle Co. , Illinois by a mob for murdering John Campbell. 1841","","sn85040303","Southport telegraph (Southport, W.T....)",1841,7,20,"seq-2","ed-1",1,"Wisconsin",864,1695,690666,163,"students","~/Code/hcij_lynching_phase_two/Storage_Older_Versions/latest_articles_aug23/16793_0.txt"
"570","16793_0.txt","Bridge, whom we stated last week as","16793_0",16793,"0",1841-07-20,"https://articleextractor.org/pages/16793/whi_dynamite_ver01/sn85040303/1841/07/20/ed-1/seq-2/1","Yes","","","","x","Lynching of two Driscalls in Ogle Co. , Illinois by a mob for murdering John Campbell. 1841","","sn85040303","Southport telegraph (Southport, W.T....)",1841,7,20,"seq-2","ed-1",1,"Wisconsin",864,1695,690666,163,"students","~/Code/hcij_lynching_phase_two/Storage_Older_Versions/latest_articles_aug23/16793_0.txt"
"571","16793_0.txt","being one of the murderers o"" Campbell, has","16793_0",16793,"0",1841-07-20,"https://articleextractor.org/pages/16793/whi_dynamite_ver01/sn85040303/1841/07/20/ed-1/seq-2/1","Yes","","","","x","Lynching of two Driscalls in Ogle Co. , Illinois by a mob for murdering John Campbell. 1841","","sn85040303","Southport telegraph (Southport, W.T....)",1841,7,20,"seq-2","ed-1",1,"Wisconsin",864,1695,690666,163,"students","~/Code/hcij_lynching_phase_two/Storage_Older_Versions/latest_articles_aug23/16793_0.txt"
"572","16793_0.txt","been arrested, tried, and acquitted. We","16793_0",16793,"0",1841-07-20,"https://articleextractor.org/pages/16793/whi_dynamite_ver01/sn85040303/1841/07/20/ed-1/seq-2/1","Yes","","","","x","Lynching of two Driscalls in Ogle Co. , Illinois by a mob for murdering John Campbell. 1841","","sn85040303","Southport telegraph (Southport, W.T....)",1841,7,20,"seq-2","ed-1",1,"Wisconsin",864,1695,690666,163,"students","~/Code/hcij_lynching_phase_two/Storage_Older_Versions/latest_articles_aug23/16793_0.txt"
"573","16793_0.txt","learn from the Galena papers, that the of-","16793_0",16793,"0",1841-07-20,"https://articleextractor.org/pages/16793/whi_dynamite_ver01/sn85040303/1841/07/20/ed-1/seq-2/1","Yes","","","","x","Lynching of two Driscalls in Ogle Co. , Illinois by a mob for murdering John Campbell. 1841","","sn85040303","Southport telegraph (Southport, W.T....)",1841,7,20,"seq-2","ed-1",1,"Wisconsin",864,1695,690666,163,"students","~/Code/hcij_lynching_phase_two/Storage_Older_Versions/latest_articles_aug23/16793_0.txt"
"574","16793_0.txt","fice of the Rockford Star,"" was entered","16793_0",16793,"0",1841-07-20,"https://articleextractor.org/pages/16793/whi_dynamite_ver01/sn85040303/1841/07/20/ed-1/seq-2/1","Yes","","","","x","Lynching of two Driscalls in Ogle Co. , Illinois by a mob for murdering John Campbell. 1841","","sn85040303","Southport telegraph (Southport, W.T....)",1841,7,20,"seq-2","ed-1",1,"Wisconsin",864,1695,690666,163,"students","~/Code/hcij_lynching_phase_two/Storage_Older_Versions/latest_articles_aug23/16793_0.txt"
"575","16793_0.txt","by the mob on the night of the 6th instant,","16793_0",16793,"0",1841-07-20,"https://articleextractor.org/pages/16793/whi_dynamite_ver01/sn85040303/1841/07/20/ed-1/seq-2/1","Yes","","","","x","Lynching of two Driscalls in Ogle Co. , Illinois by a mob for murdering John Campbell. 1841","","sn85040303","Southport telegraph (Southport, W.T....)",1841,7,20,"seq-2","ed-1",1,"Wisconsin",864,1695,690666,163,"students","~/Code/hcij_lynching_phase_two/Storage_Older_Versions/latest_articles_aug23/16793_0.txt"
"576","16793_0.txt","and the type and fixtures so much injured","16793_0",16793,"0",1841-07-20,"https://articleextractor.org/pages/16793/whi_dynamite_ver01/sn85040303/1841/07/20/ed-1/seq-2/1","Yes","","","","x","Lynching of two Driscalls in Ogle Co. , Illinois by a mob for murdering John Campbell. 1841","","sn85040303","Southport telegraph (Southport, W.T....)",1841,7,20,"seq-2","ed-1",1,"Wisconsin",864,1695,690666,163,"students","~/Code/hcij_lynching_phase_two/Storage_Older_Versions/latest_articles_aug23/16793_0.txt"
"577","16793_0.txt","and mutulated, that the paper has been","16793_0",16793,"0",1841-07-20,"https://articleextractor.org/pages/16793/whi_dynamite_ver01/sn85040303/1841/07/20/ed-1/seq-2/1","Yes","","","","x","Lynching of two Driscalls in Ogle Co. , Illinois by a mob for murdering John Campbell. 1841","","sn85040303","Southport telegraph (Southport, W.T....)",1841,7,20,"seq-2","ed-1",1,"Wisconsin",864,1695,690666,163,"students","~/Code/hcij_lynching_phase_two/Storage_Older_Versions/latest_articles_aug23/16793_0.txt"
"578","16793_0.txt","obliged to discontinue. The alleged cause","16793_0",16793,"0",1841-07-20,"https://articleextractor.org/pages/16793/whi_dynamite_ver01/sn85040303/1841/07/20/ed-1/seq-2/1","Yes","","","","x","Lynching of two Driscalls in Ogle Co. , Illinois by a mob for murdering John Campbell. 1841","","sn85040303","Southport telegraph (Southport, W.T....)",1841,7,20,"seq-2","ed-1",1,"Wisconsin",864,1695,690666,163,"students","~/Code/hcij_lynching_phase_two/Storage_Older_Versions/latest_articles_aug23/16793_0.txt"
"579","16793_0.txt","for this transaction is, that the Star has","16793_0",16793,"0",1841-07-20,"https://articleextractor.org/pages/16793/whi_dynamite_ver01/sn85040303/1841/07/20/ed-1/seq-2/1","Yes","","","","x","Lynching of two Driscalls in Ogle Co. , Illinois by a mob for murdering John Campbell. 1841","","sn85040303","Southport telegraph (Southport, W.T....)",1841,7,20,"seq-2","ed-1",1,"Wisconsin",864,1695,690666,163,"students","~/Code/hcij_lynching_phase_two/Storage_Older_Versions/latest_articles_aug23/16793_0.txt"
"580","16793_0.txt","spoken out in condemnation of the proceed","16793_0",16793,"0",1841-07-20,"https://articleextractor.org/pages/16793/whi_dynamite_ver01/sn85040303/1841/07/20/ed-1/seq-2/1","Yes","","","","x","Lynching of two Driscalls in Ogle Co. , Illinois by a mob for murdering John Campbell. 1841","","sn85040303","Southport telegraph (Southport, W.T....)",1841,7,20,"seq-2","ed-1",1,"Wisconsin",864,1695,690666,163,"students","~/Code/hcij_lynching_phase_two/Storage_Older_Versions/latest_articles_aug23/16793_0.txt"
"581","16793_0.txt","ings of the mob.","16793_0",16793,"0",1841-07-20,"https://articleextractor.org/pages/16793/whi_dynamite_ver01/sn85040303/1841/07/20/ed-1/seq-2/1","Yes","","","","x","Lynching of two Driscalls in Ogle Co. , Illinois by a mob for murdering John Campbell. 1841","","sn85040303","Southport telegraph (Southport, W.T....)",1841,7,20,"seq-2","ed-1",1,"Wisconsin",864,1695,690666,163,"students","~/Code/hcij_lynching_phase_two/Storage_Older_Versions/latest_articles_aug23/16793_0.txt"
"582","16793_0.txt","In a good government Lynch Law can","16793_0",16793,"0",1841-07-20,"https://articleextractor.org/pages/16793/whi_dynamite_ver01/sn85040303/1841/07/20/ed-1/seq-2/1","Yes","","","","x","Lynching of two Driscalls in Ogle Co. , Illinois by a mob for murdering John Campbell. 1841","","sn85040303","Southport telegraph (Southport, W.T....)",1841,7,20,"seq-2","ed-1",1,"Wisconsin",864,1695,690666,163,"students","~/Code/hcij_lynching_phase_two/Storage_Older_Versions/latest_articles_aug23/16793_0.txt"
"583","16793_0.txt","never be justified. Lynch Law is the","16793_0",16793,"0",1841-07-20,"https://articleextractor.org/pages/16793/whi_dynamite_ver01/sn85040303/1841/07/20/ed-1/seq-2/1","Yes","","","","x","Lynching of two Driscalls in Ogle Co. , Illinois by a mob for murdering John Campbell. 1841","","sn85040303","Southport telegraph (Southport, W.T....)",1841,7,20,"seq-2","ed-1",1,"Wisconsin",864,1695,690666,163,"students","~/Code/hcij_lynching_phase_two/Storage_Older_Versions/latest_articles_aug23/16793_0.txt"
"584","16793_0.txt","stepping stone to anarchy, misrule and un","16793_0",16793,"0",1841-07-20,"https://articleextractor.org/pages/16793/whi_dynamite_ver01/sn85040303/1841/07/20/ed-1/seq-2/1","Yes","","","","x","Lynching of two Driscalls in Ogle Co. , Illinois by a mob for murdering John Campbell. 1841","","sn85040303","Southport telegraph (Southport, W.T....)",1841,7,20,"seq-2","ed-1",1,"Wisconsin",864,1695,690666,163,"students","~/Code/hcij_lynching_phase_two/Storage_Older_Versions/latest_articles_aug23/16793_0.txt"
"585","16793_0.txt","controlable violence. To say that the laws","16793_0",16793,"0",1841-07-20,"https://articleextractor.org/pages/16793/whi_dynamite_ver01/sn85040303/1841/07/20/ed-1/seq-2/1","Yes","","","","x","Lynching of two Driscalls in Ogle Co. , Illinois by a mob for murdering John Campbell. 1841","","sn85040303","Southport telegraph (Southport, W.T....)",1841,7,20,"seq-2","ed-1",1,"Wisconsin",864,1695,690666,163,"students","~/Code/hcij_lynching_phase_two/Storage_Older_Versions/latest_articles_aug23/16793_0.txt"
"586","16793_0.txt","of the states, are inadequate to perform the","16793_0",16793,"0",1841-07-20,"https://articleextractor.org/pages/16793/whi_dynamite_ver01/sn85040303/1841/07/20/ed-1/seq-2/1","Yes","","","","x","Lynching of two Driscalls in Ogle Co. , Illinois by a mob for murdering John Campbell. 1841","","sn85040303","Southport telegraph (Southport, W.T....)",1841,7,20,"seq-2","ed-1",1,"Wisconsin",864,1695,690666,163,"students","~/Code/hcij_lynching_phase_two/Storage_Older_Versions/latest_articles_aug23/16793_0.txt"
"587","16793_0.txt","demands of human justice, is a libel upon","16793_0",16793,"0",1841-07-20,"https://articleextractor.org/pages/16793/whi_dynamite_ver01/sn85040303/1841/07/20/ed-1/seq-2/1","Yes","","","","x","Lynching of two Driscalls in Ogle Co. , Illinois by a mob for murdering John Campbell. 1841","","sn85040303","Southport telegraph (Southport, W.T....)",1841,7,20,"seq-2","ed-1",1,"Wisconsin",864,1695,690666,163,"students","~/Code/hcij_lynching_phase_two/Storage_Older_Versions/latest_articles_aug23/16793_0.txt"
"588","16793_0.txt","our government and institutions. It is a","16793_0",16793,"0",1841-07-20,"https://articleextractor.org/pages/16793/whi_dynamite_ver01/sn85040303/1841/07/20/ed-1/seq-2/1","Yes","","","","x","Lynching of two Driscalls in Ogle Co. , Illinois by a mob for murdering John Campbell. 1841","","sn85040303","Southport telegraph (Southport, W.T....)",1841,7,20,"seq-2","ed-1",1,"Wisconsin",864,1695,690666,163,"students","~/Code/hcij_lynching_phase_two/Storage_Older_Versions/latest_articles_aug23/16793_0.txt"
"589","16793_0.txt","foul charge, which the enemies of republicanism","16793_0",16793,"0",1841-07-20,"https://articleextractor.org/pages/16793/whi_dynamite_ver01/sn85040303/1841/07/20/ed-1/seq-2/1","Yes","","","","x","Lynching of two Driscalls in Ogle Co. , Illinois by a mob for murdering John Campbell. 1841","","sn85040303","Southport telegraph (Southport, W.T....)",1841,7,20,"seq-2","ed-1",1,"Wisconsin",864,1695,690666,163,"students","~/Code/hcij_lynching_phase_two/Storage_Older_Versions/latest_articles_aug23/16793_0.txt"
"590","16793_0.txt","in Europe, have ever attempted","16793_0",16793,"0",1841-07-20,"https://articleextractor.org/pages/16793/whi_dynamite_ver01/sn85040303/1841/07/20/ed-1/seq-2/1","Yes","","","","x","Lynching of two Driscalls in Ogle Co. , Illinois by a mob for murdering John Campbell. 1841","","sn85040303","Southport telegraph (Southport, W.T....)",1841,7,20,"seq-2","ed-1",1,"Wisconsin",864,1695,690666,163,"students","~/Code/hcij_lynching_phase_two/Storage_Older_Versions/latest_articles_aug23/16793_0.txt"
"591","16793_0.txt","to fasten upon us, but one which we in","16793_0",16793,"0",1841-07-20,"https://articleextractor.org/pages/16793/whi_dynamite_ver01/sn85040303/1841/07/20/ed-1/seq-2/1","Yes","","","","x","Lynching of two Driscalls in Ogle Co. , Illinois by a mob for murdering John Campbell. 1841","","sn85040303","Southport telegraph (Southport, W.T....)",1841,7,20,"seq-2","ed-1",1,"Wisconsin",864,1695,690666,163,"students","~/Code/hcij_lynching_phase_two/Storage_Older_Versions/latest_articles_aug23/16793_0.txt"
"592","16793_0.txt","theory have ever repudiated and denied.","16793_0",16793,"0",1841-07-20,"https://articleextractor.org/pages/16793/whi_dynamite_ver01/sn85040303/1841/07/20/ed-1/seq-2/1","Yes","","","","x","Lynching of two Driscalls in Ogle Co. , Illinois by a mob for murdering John Campbell. 1841","","sn85040303","Southport telegraph (Southport, W.T....)",1841,7,20,"seq-2","ed-1",1,"Wisconsin",864,1695,690666,163,"students","~/Code/hcij_lynching_phase_two/Storage_Older_Versions/latest_articles_aug23/16793_0.txt"
"593","16793_0.txt","The lynchers of the Driscalls, plead in just-","16793_0",16793,"0",1841-07-20,"https://articleextractor.org/pages/16793/whi_dynamite_ver01/sn85040303/1841/07/20/ed-1/seq-2/1","Yes","","","","x","Lynching of two Driscalls in Ogle Co. , Illinois by a mob for murdering John Campbell. 1841","","sn85040303","Southport telegraph (Southport, W.T....)",1841,7,20,"seq-2","ed-1",1,"Wisconsin",864,1695,690666,163,"students","~/Code/hcij_lynching_phase_two/Storage_Older_Versions/latest_articles_aug23/16793_0.txt"
"594","16793_0.txt","ification that the friends of good order,","16793_0",16793,"0",1841-07-20,"https://articleextractor.org/pages/16793/whi_dynamite_ver01/sn85040303/1841/07/20/ed-1/seq-2/1","Yes","","","","x","Lynching of two Driscalls in Ogle Co. , Illinois by a mob for murdering John Campbell. 1841","","sn85040303","Southport telegraph (Southport, W.T....)",1841,7,20,"seq-2","ed-1",1,"Wisconsin",864,1695,690666,163,"students","~/Code/hcij_lynching_phase_two/Storage_Older_Versions/latest_articles_aug23/16793_0.txt"
"595","16793_0.txt","were too weak to enforce the law, and","16793_0",16793,"0",1841-07-20,"https://articleextractor.org/pages/16793/whi_dynamite_ver01/sn85040303/1841/07/20/ed-1/seq-2/1","Yes","","","","x","Lynching of two Driscalls in Ogle Co. , Illinois by a mob for murdering John Campbell. 1841","","sn85040303","Southport telegraph (Southport, W.T....)",1841,7,20,"seq-2","ed-1",1,"Wisconsin",864,1695,690666,163,"students","~/Code/hcij_lynching_phase_two/Storage_Older_Versions/latest_articles_aug23/16793_0.txt"
"596","16793_0.txt","bring the offenders to merited justice .---","16793_0",16793,"0",1841-07-20,"https://articleextractor.org/pages/16793/whi_dynamite_ver01/sn85040303/1841/07/20/ed-1/seq-2/1","Yes","","","","x","Lynching of two Driscalls in Ogle Co. , Illinois by a mob for murdering John Campbell. 1841","","sn85040303","Southport telegraph (Southport, W.T....)",1841,7,20,"seq-2","ed-1",1,"Wisconsin",864,1695,690666,163,"students","~/Code/hcij_lynching_phase_two/Storage_Older_Versions/latest_articles_aug23/16793_0.txt"
"597","16793_0.txt","This cannot be true. The same power","16793_0",16793,"0",1841-07-20,"https://articleextractor.org/pages/16793/whi_dynamite_ver01/sn85040303/1841/07/20/ed-1/seq-2/1","Yes","","","","x","Lynching of two Driscalls in Ogle Co. , Illinois by a mob for murdering John Campbell. 1841","","sn85040303","Southport telegraph (Southport, W.T....)",1841,7,20,"seq-2","ed-1",1,"Wisconsin",864,1695,690666,163,"students","~/Code/hcij_lynching_phase_two/Storage_Older_Versions/latest_articles_aug23/16793_0.txt"
"598","16793_0.txt","which was brought into requisition to bring","16793_0",16793,"0",1841-07-20,"https://articleextractor.org/pages/16793/whi_dynamite_ver01/sn85040303/1841/07/20/ed-1/seq-2/1","Yes","","","","x","Lynching of two Driscalls in Ogle Co. , Illinois by a mob for murdering John Campbell. 1841","","sn85040303","Southport telegraph (Southport, W.T....)",1841,7,20,"seq-2","ed-1",1,"Wisconsin",864,1695,690666,163,"students","~/Code/hcij_lynching_phase_two/Storage_Older_Versions/latest_articles_aug23/16793_0.txt"
"599","16793_0.txt","the Driscalls before a lynch tribunal, was","16793_0",16793,"0",1841-07-20,"https://articleextractor.org/pages/16793/whi_dynamite_ver01/sn85040303/1841/07/20/ed-1/seq-2/1","Yes","","","","x","Lynching of two Driscalls in Ogle Co. , Illinois by a mob for murdering John Campbell. 1841","","sn85040303","Southport telegraph (Southport, W.T....)",1841,7,20,"seq-2","ed-1",1,"Wisconsin",864,1695,690666,163,"students","~/Code/hcij_lynching_phase_two/Storage_Older_Versions/latest_articles_aug23/16793_0.txt"
"600","16793_0.txt","amply adequate to have brought them be","16793_0",16793,"0",1841-07-20,"https://articleextractor.org/pages/16793/whi_dynamite_ver01/sn85040303/1841/07/20/ed-1/seq-2/1","Yes","","","","x","Lynching of two Driscalls in Ogle Co. , Illinois by a mob for murdering John Campbell. 1841","","sn85040303","Southport telegraph (Southport, W.T....)",1841,7,20,"seq-2","ed-1",1,"Wisconsin",864,1695,690666,163,"students","~/Code/hcij_lynching_phase_two/Storage_Older_Versions/latest_articles_aug23/16793_0.txt"
"601","16793_0.txt","fore a legal court of the State of Illinois.","16793_0",16793,"0",1841-07-20,"https://articleextractor.org/pages/16793/whi_dynamite_ver01/sn85040303/1841/07/20/ed-1/seq-2/1","Yes","","","","x","Lynching of two Driscalls in Ogle Co. , Illinois by a mob for murdering John Campbell. 1841","","sn85040303","Southport telegraph (Southport, W.T....)",1841,7,20,"seq-2","ed-1",1,"Wisconsin",864,1695,690666,163,"students","~/Code/hcij_lynching_phase_two/Storage_Older_Versions/latest_articles_aug23/16793_0.txt"
"602","16793_0.txt","The laws of Illinois for the apprehension,","16793_0",16793,"0",1841-07-20,"https://articleextractor.org/pages/16793/whi_dynamite_ver01/sn85040303/1841/07/20/ed-1/seq-2/1","Yes","","","","x","Lynching of two Driscalls in Ogle Co. , Illinois by a mob for murdering John Campbell. 1841","","sn85040303","Southport telegraph (Southport, W.T....)",1841,7,20,"seq-2","ed-1",1,"Wisconsin",864,1695,690666,163,"students","~/Code/hcij_lynching_phase_two/Storage_Older_Versions/latest_articles_aug23/16793_0.txt"
"603","16793_0.txt","conviction, and punishment of felons and","16793_0",16793,"0",1841-07-20,"https://articleextractor.org/pages/16793/whi_dynamite_ver01/sn85040303/1841/07/20/ed-1/seq-2/1","Yes","","","","x","Lynching of two Driscalls in Ogle Co. , Illinois by a mob for murdering John Campbell. 1841","","sn85040303","Southport telegraph (Southport, W.T....)",1841,7,20,"seq-2","ed-1",1,"Wisconsin",864,1695,690666,163,"students","~/Code/hcij_lynching_phase_two/Storage_Older_Versions/latest_articles_aug23/16793_0.txt"
"604","16793_0.txt","murderers, are as speedy and as rigid","16793_0",16793,"0",1841-07-20,"https://articleextractor.org/pages/16793/whi_dynamite_ver01/sn85040303/1841/07/20/ed-1/seq-2/1","Yes","","","","x","Lynching of two Driscalls in Ogle Co. , Illinois by a mob for murdering John Campbell. 1841","","sn85040303","Southport telegraph (Southport, W.T....)",1841,7,20,"seq-2","ed-1",1,"Wisconsin",864,1695,690666,163,"students","~/Code/hcij_lynching_phase_two/Storage_Older_Versions/latest_articles_aug23/16793_0.txt"
"605","16793_0.txt","in any other State in the Union. as","16793_0",16793,"0",1841-07-20,"https://articleextractor.org/pages/16793/whi_dynamite_ver01/sn85040303/1841/07/20/ed-1/seq-2/1","Yes","","","","x","Lynching of two Driscalls in Ogle Co. , Illinois by a mob for murdering John Campbell. 1841","","sn85040303","Southport telegraph (Southport, W.T....)",1841,7,20,"seq-2","ed-1",1,"Wisconsin",864,1695,690666,163,"students","~/Code/hcij_lynching_phase_two/Storage_Older_Versions/latest_articles_aug23/16793_0.txt"
"606","16794_0.txt","people of Illinois have recently party but","16794_0",16794,"0",1841-07-30,"https://articleextractor.org/pages/16794/msar_goldenharvest_ver01/sn87065204/1841/07/30/ed-1/seq-2/1","Yes","","","","x","Mentions the Lynching of two Driscalls in Ogle Co.,Illinois.  Also mentions the lynching of two men in Grant County, Ohio by a mob. 1841.","","sn87065204",NA,1841,7,30,"seq-2","ed-1",1,"Mississippi",865,1696,335193,164,"students","~/Code/hcij_lynching_phase_two/Storage_Older_Versions/latest_articles_aug23/16794_0.txt"
"607","16794_0.txt",", inevitable","16794_0",16794,"0",1841-07-30,"https://articleextractor.org/pages/16794/msar_goldenharvest_ver01/sn87065204/1841/07/30/ed-1/seq-2/1","Yes","","","","x","Mentions the Lynching of two Driscalls in Ogle Co.,Illinois.  Also mentions the lynching of two men in Grant County, Ohio by a mob. 1841.","","sn87065204",NA,1841,7,30,"seq-2","ed-1",1,"Mississippi",865,1696,335193,164,"students","~/Code/hcij_lynching_phase_two/Storage_Older_Versions/latest_articles_aug23/16794_0.txt"
"608","16794_0.txt","effects of lynch law loss","16794_0",16794,"0",1841-07-30,"https://articleextractor.org/pages/16794/msar_goldenharvest_ver01/sn87065204/1841/07/30/ed-1/seq-2/1","Yes","","","","x","Mentions the Lynching of two Driscalls in Ogle Co.,Illinois.  Also mentions the lynching of two men in Grant County, Ohio by a mob. 1841.","","sn87065204",NA,1841,7,30,"seq-2","ed-1",1,"Mississippi",865,1696,335193,164,"students","~/Code/hcij_lynching_phase_two/Storage_Older_Versions/latest_articles_aug23/16794_0.txt"
"609","16794_0.txt","been trying the upon patiently to","16794_0",16794,"0",1841-07-30,"https://articleextractor.org/pages/16794/msar_goldenharvest_ver01/sn87065204/1841/07/30/ed-1/seq-2/1","Yes","","","","x","Mentions the Lynching of two Driscalls in Ogle Co.,Illinois.  Also mentions the lynching of two men in Grant County, Ohio by a mob. 1841.","","sn87065204",NA,1841,7,30,"seq-2","ed-1",1,"Mississippi",865,1696,335193,164,"students","~/Code/hcij_lynching_phase_two/Storage_Older_Versions/latest_articles_aug23/16794_0.txt"
"610","16794_0.txt","for further","16794_0",16794,"0",1841-07-30,"https://articleextractor.org/pages/16794/msar_goldenharvest_ver01/sn87065204/1841/07/30/ed-1/seq-2/1","Yes","","","","x","Mentions the Lynching of two Driscalls in Ogle Co.,Illinois.  Also mentions the lynching of two men in Grant County, Ohio by a mob. 1841.","","sn87065204",NA,1841,7,30,"seq-2","ed-1",1,"Mississippi",865,1696,335193,164,"students","~/Code/hcij_lynching_phase_two/Storage_Older_Versions/latest_articles_aug23/16794_0.txt"
"611","16794_0.txt","country. that in thieves and murderers some","16794_0",16794,"0",1841-07-30,"https://articleextractor.org/pages/16794/msar_goldenharvest_ver01/sn87065204/1841/07/30/ed-1/seq-2/1","Yes","","","","x","Mentions the Lynching of two Driscalls in Ogle Co.,Illinois.  Also mentions the lynching of two men in Grant County, Ohio by a mob. 1841.","","sn87065204",NA,1841,7,30,"seq-2","ed-1",1,"Mississippi",865,1696,335193,164,"students","~/Code/hcij_lynching_phase_two/Storage_Older_Versions/latest_articles_aug23/16794_0.txt"
"612","16794_0.txt","The Chicago Democrat says:","16794_0",16794,"0",1841-07-30,"https://articleextractor.org/pages/16794/msar_goldenharvest_ver01/sn87065204/1841/07/30/ed-1/seq-2/1","Yes","","","","x","Mentions the Lynching of two Driscalls in Ogle Co.,Illinois.  Also mentions the lynching of two men in Grant County, Ohio by a mob. 1841.","","sn87065204",NA,1841,7,30,"seq-2","ed-1",1,"Mississippi",865,1696,335193,164,"students","~/Code/hcij_lynching_phase_two/Storage_Older_Versions/latest_articles_aug23/16794_0.txt"
"613","16794_0.txt","The volunteer companies of De Kalb and","16794_0",16794,"0",1841-07-30,"https://articleextractor.org/pages/16794/msar_goldenharvest_ver01/sn87065204/1841/07/30/ed-1/seq-2/1","Yes","","","","x","Mentions the Lynching of two Driscalls in Ogle Co.,Illinois.  Also mentions the lynching of two men in Grant County, Ohio by a mob. 1841.","","sn87065204",NA,1841,7,30,"seq-2","ed-1",1,"Mississippi",865,1696,335193,164,"students","~/Code/hcij_lynching_phase_two/Storage_Older_Versions/latest_articles_aug23/16794_0.txt"
"614","16794_0.txt","Winnebago counties collected and went in","16794_0",16794,"0",1841-07-30,"https://articleextractor.org/pages/16794/msar_goldenharvest_ver01/sn87065204/1841/07/30/ed-1/seq-2/1","Yes","","","","x","Mentions the Lynching of two Driscalls in Ogle Co.,Illinois.  Also mentions the lynching of two men in Grant County, Ohio by a mob. 1841.","","sn87065204",NA,1841,7,30,"seq-2","ed-1",1,"Mississippi",865,1696,335193,164,"students","~/Code/hcij_lynching_phase_two/Storage_Older_Versions/latest_articles_aug23/16794_0.txt"
"615","16794_0.txt","pursuit of the D.skills, caught the father and","16794_0",16794,"0",1841-07-30,"https://articleextractor.org/pages/16794/msar_goldenharvest_ver01/sn87065204/1841/07/30/ed-1/seq-2/1","Yes","","","","x","Mentions the Lynching of two Driscalls in Ogle Co.,Illinois.  Also mentions the lynching of two men in Grant County, Ohio by a mob. 1841.","","sn87065204",NA,1841,7,30,"seq-2","ed-1",1,"Mississippi",865,1696,335193,164,"students","~/Code/hcij_lynching_phase_two/Storage_Older_Versions/latest_articles_aug23/16794_0.txt"
"616","16794_0.txt","one of his sons, tried them by lynch law,","16794_0",16794,"0",1841-07-30,"https://articleextractor.org/pages/16794/msar_goldenharvest_ver01/sn87065204/1841/07/30/ed-1/seq-2/1","Yes","","","","x","Mentions the Lynching of two Driscalls in Ogle Co.,Illinois.  Also mentions the lynching of two men in Grant County, Ohio by a mob. 1841.","","sn87065204",NA,1841,7,30,"seq-2","ed-1",1,"Mississippi",865,1696,335193,164,"students","~/Code/hcij_lynching_phase_two/Storage_Older_Versions/latest_articles_aug23/16794_0.txt"
"617","16794_0.txt","convicted them of the murder of Campbell","16794_0",16794,"0",1841-07-30,"https://articleextractor.org/pages/16794/msar_goldenharvest_ver01/sn87065204/1841/07/30/ed-1/seq-2/1","Yes","","","","x","Mentions the Lynching of two Driscalls in Ogle Co.,Illinois.  Also mentions the lynching of two men in Grant County, Ohio by a mob. 1841.","","sn87065204",NA,1841,7,30,"seq-2","ed-1",1,"Mississippi",865,1696,335193,164,"students","~/Code/hcij_lynching_phase_two/Storage_Older_Versions/latest_articles_aug23/16794_0.txt"
"618","16794_0.txt","and sentenced them to immediate death,.","16794_0",16794,"0",1841-07-30,"https://articleextractor.org/pages/16794/msar_goldenharvest_ver01/sn87065204/1841/07/30/ed-1/seq-2/1","Yes","","","","x","Mentions the Lynching of two Driscalls in Ogle Co.,Illinois.  Also mentions the lynching of two men in Grant County, Ohio by a mob. 1841.","","sn87065204",NA,1841,7,30,"seq-2","ed-1",1,"Mississippi",865,1696,335193,164,"students","~/Code/hcij_lynching_phase_two/Storage_Older_Versions/latest_articles_aug23/16794_0.txt"
"619","16794_0.txt","They placed ten man","16794_0",16794,"0",1841-07-30,"https://articleextractor.org/pages/16794/msar_goldenharvest_ver01/sn87065204/1841/07/30/ed-1/seq-2/1","Yes","","","","x","Mentions the Lynching of two Driscalls in Ogle Co.,Illinois.  Also mentions the lynching of two men in Grant County, Ohio by a mob. 1841.","","sn87065204",NA,1841,7,30,"seq-2","ed-1",1,"Mississippi",865,1696,335193,164,"students","~/Code/hcij_lynching_phase_two/Storage_Older_Versions/latest_articles_aug23/16794_0.txt"
"620","16794_0.txt","then the old rods off","16794_0",16794,"0",1841-07-30,"https://articleextractor.org/pages/16794/msar_goldenharvest_ver01/sn87065204/1841/07/30/ed-1/seq-2/1","Yes","","","","x","Mentions the Lynching of two Driscalls in Ogle Co.,Illinois.  Also mentions the lynching of two men in Grant County, Ohio by a mob. 1841.","","sn87065204",NA,1841,7,30,"seq-2","ed-1",1,"Mississippi",865,1696,335193,164,"students","~/Code/hcij_lynching_phase_two/Storage_Older_Versions/latest_articles_aug23/16794_0.txt"
"621","16794_0.txt","him five minutes for death","16794_0",16794,"0",1841-07-30,"https://articleextractor.org/pages/16794/msar_goldenharvest_ver01/sn87065204/1841/07/30/ed-1/seq-2/1","Yes","","","","x","Mentions the Lynching of two Driscalls in Ogle Co.,Illinois.  Also mentions the lynching of two men in Grant County, Ohio by a mob. 1841.","","sn87065204",NA,1841,7,30,"seq-2","ed-1",1,"Mississippi",865,1696,335193,164,"students","~/Code/hcij_lynching_phase_two/Storage_Older_Versions/latest_articles_aug23/16794_0.txt"
"622","16794_0.txt","gave to prepare,","16794_0",16794,"0",1841-07-30,"https://articleextractor.org/pages/16794/msar_goldenharvest_ver01/sn87065204/1841/07/30/ed-1/seq-2/1","Yes","","","","x","Mentions the Lynching of two Driscalls in Ogle Co.,Illinois.  Also mentions the lynching of two men in Grant County, Ohio by a mob. 1841.","","sn87065204",NA,1841,7,30,"seq-2","ed-1",1,"Mississippi",865,1696,335193,164,"students","~/Code/hcij_lynching_phase_two/Storage_Older_Versions/latest_articles_aug23/16794_0.txt"
"623","16794_0.txt","and at the end of that time, fifty balls went","16794_0",16794,"0",1841-07-30,"https://articleextractor.org/pages/16794/msar_goldenharvest_ver01/sn87065204/1841/07/30/ed-1/seq-2/1","Yes","","","","x","Mentions the Lynching of two Driscalls in Ogle Co.,Illinois.  Also mentions the lynching of two men in Grant County, Ohio by a mob. 1841.","","sn87065204",NA,1841,7,30,"seq-2","ed-1",1,"Mississippi",865,1696,335193,164,"students","~/Code/hcij_lynching_phase_two/Storage_Older_Versions/latest_articles_aug23/16794_0.txt"
"624","16794_0.txt","through him. The son was served in the","16794_0",16794,"0",1841-07-30,"https://articleextractor.org/pages/16794/msar_goldenharvest_ver01/sn87065204/1841/07/30/ed-1/seq-2/1","Yes","","","","x","Mentions the Lynching of two Driscalls in Ogle Co.,Illinois.  Also mentions the lynching of two men in Grant County, Ohio by a mob. 1841.","","sn87065204",NA,1841,7,30,"seq-2","ed-1",1,"Mississippi",865,1696,335193,164,"students","~/Code/hcij_lynching_phase_two/Storage_Older_Versions/latest_articles_aug23/16794_0.txt"
"625","16794_0.txt","manner.""","16794_0",16794,"0",1841-07-30,"https://articleextractor.org/pages/16794/msar_goldenharvest_ver01/sn87065204/1841/07/30/ed-1/seq-2/1","Yes","","","","x","Mentions the Lynching of two Driscalls in Ogle Co.,Illinois.  Also mentions the lynching of two men in Grant County, Ohio by a mob. 1841.","","sn87065204",NA,1841,7,30,"seq-2","ed-1",1,"Mississippi",865,1696,335193,164,"students","~/Code/hcij_lynching_phase_two/Storage_Older_Versions/latest_articles_aug23/16794_0.txt"
"626","16794_0.txt","same","16794_0",16794,"0",1841-07-30,"https://articleextractor.org/pages/16794/msar_goldenharvest_ver01/sn87065204/1841/07/30/ed-1/seq-2/1","Yes","","","","x","Mentions the Lynching of two Driscalls in Ogle Co.,Illinois.  Also mentions the lynching of two men in Grant County, Ohio by a mob. 1841.","","sn87065204",NA,1841,7,30,"seq-2","ed-1",1,"Mississippi",865,1696,335193,164,"students","~/Code/hcij_lynching_phase_two/Storage_Older_Versions/latest_articles_aug23/16794_0.txt"
"627","16794_0.txt","Two other men of the same party, who","16794_0",16794,"0",1841-07-30,"https://articleextractor.org/pages/16794/msar_goldenharvest_ver01/sn87065204/1841/07/30/ed-1/seq-2/1","Yes","","","","x","Mentions the Lynching of two Driscalls in Ogle Co.,Illinois.  Also mentions the lynching of two men in Grant County, Ohio by a mob. 1841.","","sn87065204",NA,1841,7,30,"seq-2","ed-1",1,"Mississippi",865,1696,335193,164,"students","~/Code/hcij_lynching_phase_two/Storage_Older_Versions/latest_articles_aug23/16794_0.txt"
"628","16794_0.txt","had made their have since been caught","16794_0",16794,"0",1841-07-30,"https://articleextractor.org/pages/16794/msar_goldenharvest_ver01/sn87065204/1841/07/30/ed-1/seq-2/1","Yes","","","","x","Mentions the Lynching of two Driscalls in Ogle Co.,Illinois.  Also mentions the lynching of two men in Grant County, Ohio by a mob. 1841.","","sn87065204",NA,1841,7,30,"seq-2","ed-1",1,"Mississippi",865,1696,335193,164,"students","~/Code/hcij_lynching_phase_two/Storage_Older_Versions/latest_articles_aug23/16794_0.txt"
"629","16794_0.txt","escape","16794_0",16794,"0",1841-07-30,"https://articleextractor.org/pages/16794/msar_goldenharvest_ver01/sn87065204/1841/07/30/ed-1/seq-2/1","Yes","","","","x","Mentions the Lynching of two Driscalls in Ogle Co.,Illinois.  Also mentions the lynching of two men in Grant County, Ohio by a mob. 1841.","","sn87065204",NA,1841,7,30,"seq-2","ed-1",1,"Mississippi",865,1696,335193,164,"students","~/Code/hcij_lynching_phase_two/Storage_Older_Versions/latest_articles_aug23/16794_0.txt"
"630","16794_0.txt","and executed in the same manner as the","16794_0",16794,"0",1841-07-30,"https://articleextractor.org/pages/16794/msar_goldenharvest_ver01/sn87065204/1841/07/30/ed-1/seq-2/1","Yes","","","","x","Mentions the Lynching of two Driscalls in Ogle Co.,Illinois.  Also mentions the lynching of two men in Grant County, Ohio by a mob. 1841.","","sn87065204",NA,1841,7,30,"seq-2","ed-1",1,"Mississippi",865,1696,335193,164,"students","~/Code/hcij_lynching_phase_two/Storage_Older_Versions/latest_articles_aug23/16794_0.txt"
"631","16794_0.txt","above.","16794_0",16794,"0",1841-07-30,"https://articleextractor.org/pages/16794/msar_goldenharvest_ver01/sn87065204/1841/07/30/ed-1/seq-2/1","Yes","","","","x","Mentions the Lynching of two Driscalls in Ogle Co.,Illinois.  Also mentions the lynching of two men in Grant County, Ohio by a mob. 1841.","","sn87065204",NA,1841,7,30,"seq-2","ed-1",1,"Mississippi",865,1696,335193,164,"students","~/Code/hcij_lynching_phase_two/Storage_Older_Versions/latest_articles_aug23/16794_0.txt"
"632","16794_0.txt","have been executed in Grant","16794_0",16794,"0",1841-07-30,"https://articleextractor.org/pages/16794/msar_goldenharvest_ver01/sn87065204/1841/07/30/ed-1/seq-2/1","Yes","","","","x","Mentions the Lynching of two Driscalls in Ogle Co.,Illinois.  Also mentions the lynching of two men in Grant County, Ohio by a mob. 1841.","","sn87065204",NA,1841,7,30,"seq-2","ed-1",1,"Mississippi",865,1696,335193,164,"students","~/Code/hcij_lynching_phase_two/Storage_Older_Versions/latest_articles_aug23/16794_0.txt"
"633","16794_0.txt","Also two men","16794_0",16794,"0",1841-07-30,"https://articleextractor.org/pages/16794/msar_goldenharvest_ver01/sn87065204/1841/07/30/ed-1/seq-2/1","Yes","","","","x","Mentions the Lynching of two Driscalls in Ogle Co.,Illinois.  Also mentions the lynching of two men in Grant County, Ohio by a mob. 1841.","","sn87065204",NA,1841,7,30,"seq-2","ed-1",1,"Mississippi",865,1696,335193,164,"students","~/Code/hcij_lynching_phase_two/Storage_Older_Versions/latest_articles_aug23/16794_0.txt"
"634","16794_0.txt",",","16794_0",16794,"0",1841-07-30,"https://articleextractor.org/pages/16794/msar_goldenharvest_ver01/sn87065204/1841/07/30/ed-1/seq-2/1","Yes","","","","x","Mentions the Lynching of two Driscalls in Ogle Co.,Illinois.  Also mentions the lynching of two men in Grant County, Ohio by a mob. 1841.","","sn87065204",NA,1841,7,30,"seq-2","ed-1",1,"Mississippi",865,1696,335193,164,"students","~/Code/hcij_lynching_phase_two/Storage_Older_Versions/latest_articles_aug23/16794_0.txt"
"635","16794_0.txt",", Ohio, by a mob, for robbing and","16794_0",16794,"0",1841-07-30,"https://articleextractor.org/pages/16794/msar_goldenharvest_ver01/sn87065204/1841/07/30/ed-1/seq-2/1","Yes","","","","x","Mentions the Lynching of two Driscalls in Ogle Co.,Illinois.  Also mentions the lynching of two men in Grant County, Ohio by a mob. 1841.","","sn87065204",NA,1841,7,30,"seq-2","ed-1",1,"Mississippi",865,1696,335193,164,"students","~/Code/hcij_lynching_phase_two/Storage_Older_Versions/latest_articles_aug23/16794_0.txt"
"636","16794_0.txt","county murdering a man by the name of Utterback.","16794_0",16794,"0",1841-07-30,"https://articleextractor.org/pages/16794/msar_goldenharvest_ver01/sn87065204/1841/07/30/ed-1/seq-2/1","Yes","","","","x","Mentions the Lynching of two Driscalls in Ogle Co.,Illinois.  Also mentions the lynching of two men in Grant County, Ohio by a mob. 1841.","","sn87065204",NA,1841,7,30,"seq-2","ed-1",1,"Mississippi",865,1696,335193,164,"students","~/Code/hcij_lynching_phase_two/Storage_Older_Versions/latest_articles_aug23/16794_0.txt"
"637","16795_0.txt","LYNCH LAW.","16795_0",16795,"0",1841-07-31,"https://articleextractor.org/pages/16795/wvu_dawson_ver01/sn84038585/1841/07/31/ed-1/seq-2/1","Yes","","","","x","Mentions a lynching in Kentucky.","","sn84038585","Wheeling times and advertiser (Wheeling, Va. [...)",1841,7,31,"seq-2","ed-1",1,"West Virginia",866,1697,697004,165,"students","~/Code/hcij_lynching_phase_two/Storage_Older_Versions/latest_articles_aug23/16795_0.txt"
"638","16795_0.txt","Lynch law is law of blood. Is decisions","16795_0",16795,"0",1841-07-31,"https://articleextractor.org/pages/16795/wvu_dawson_ver01/sn84038585/1841/07/31/ed-1/seq-2/1","Yes","","","","x","Mentions a lynching in Kentucky.","","sn84038585","Wheeling times and advertiser (Wheeling, Va. [...)",1841,7,31,"seq-2","ed-1",1,"West Virginia",866,1697,697004,165,"students","~/Code/hcij_lynching_phase_two/Storage_Older_Versions/latest_articles_aug23/16795_0.txt"
"639","16795_0.txt","some instanses bave the show of justice to slightly in i","16795_0",16795,"0",1841-07-31,"https://articleextractor.org/pages/16795/wvu_dawson_ver01/sn84038585/1841/07/31/ed-1/seq-2/1","Yes","","","","x","Mentions a lynching in Kentucky.","","sn84038585","Wheeling times and advertiser (Wheeling, Va. [...)",1841,7,31,"seq-2","ed-1",1,"West Virginia",866,1697,697004,165,"students","~/Code/hcij_lynching_phase_two/Storage_Older_Versions/latest_articles_aug23/16795_0.txt"
"640","16795_0.txt","palliate its deeds of murder","16795_0",16795,"0",1841-07-31,"https://articleextractor.org/pages/16795/wvu_dawson_ver01/sn84038585/1841/07/31/ed-1/seq-2/1","Yes","","","","x","Mentions a lynching in Kentucky.","","sn84038585","Wheeling times and advertiser (Wheeling, Va. [...)",1841,7,31,"seq-2","ed-1",1,"West Virginia",866,1697,697004,165,"students","~/Code/hcij_lynching_phase_two/Storage_Older_Versions/latest_articles_aug23/16795_0.txt"
"641","16795_0.txt","But at the recent out","16795_0",16795,"0",1841-07-31,"https://articleextractor.org/pages/16795/wvu_dawson_ver01/sn84038585/1841/07/31/ed-1/seq-2/1","Yes","","","","x","Mentions a lynching in Kentucky.","","sn84038585","Wheeling times and advertiser (Wheeling, Va. [...)",1841,7,31,"seq-2","ed-1",1,"West Virginia",866,1697,697004,165,"students","~/Code/hcij_lynching_phase_two/Storage_Older_Versions/latest_articles_aug23/16795_0.txt"
"642","16795_0.txt","break in Kentucky, we are shocked beyond men","16795_0",16795,"0",1841-07-31,"https://articleextractor.org/pages/16795/wvu_dawson_ver01/sn84038585/1841/07/31/ed-1/seq-2/1","Yes","","","","x","Mentions a lynching in Kentucky.","","sn84038585","Wheeling times and advertiser (Wheeling, Va. [...)",1841,7,31,"seq-2","ed-1",1,"West Virginia",866,1697,697004,165,"students","~/Code/hcij_lynching_phase_two/Storage_Older_Versions/latest_articles_aug23/16795_0.txt"
"643","16795_0.txt","sure. It is the most unwarrantable act that has ev","16795_0",16795,"0",1841-07-31,"https://articleextractor.org/pages/16795/wvu_dawson_ver01/sn84038585/1841/07/31/ed-1/seq-2/1","Yes","","","","x","Mentions a lynching in Kentucky.","","sn84038585","Wheeling times and advertiser (Wheeling, Va. [...)",1841,7,31,"seq-2","ed-1",1,"West Virginia",866,1697,697004,165,"students","~/Code/hcij_lynching_phase_two/Storage_Older_Versions/latest_articles_aug23/16795_0.txt"
"644","16795_0.txt","er been perpetrated in the name of bloody mon","16795_0",16795,"0",1841-07-31,"https://articleextractor.org/pages/16795/wvu_dawson_ver01/sn84038585/1841/07/31/ed-1/seq-2/1","Yes","","","","x","Mentions a lynching in Kentucky.","","sn84038585","Wheeling times and advertiser (Wheeling, Va. [...)",1841,7,31,"seq-2","ed-1",1,"West Virginia",866,1697,697004,165,"students","~/Code/hcij_lynching_phase_two/Storage_Older_Versions/latest_articles_aug23/16795_0.txt"
"645","16795_0.txt","ster. Let no man talk to us of the respectability of","16795_0",16795,"0",1841-07-31,"https://articleextractor.org/pages/16795/wvu_dawson_ver01/sn84038585/1841/07/31/ed-1/seq-2/1","Yes","","","","x","Mentions a lynching in Kentucky.","","sn84038585","Wheeling times and advertiser (Wheeling, Va. [...)",1841,7,31,"seq-2","ed-1",1,"West Virginia",866,1697,697004,165,"students","~/Code/hcij_lynching_phase_two/Storage_Older_Versions/latest_articles_aug23/16795_0.txt"
"646","16795_0.txt","some of the parties concerned. They have the","16795_0",16795,"0",1841-07-31,"https://articleextractor.org/pages/16795/wvu_dawson_ver01/sn84038585/1841/07/31/ed-1/seq-2/1","Yes","","","","x","Mentions a lynching in Kentucky.","","sn84038585","Wheeling times and advertiser (Wheeling, Va. [...)",1841,7,31,"seq-2","ed-1",1,"West Virginia",866,1697,697004,165,"students","~/Code/hcij_lynching_phase_two/Storage_Older_Versions/latest_articles_aug23/16795_0.txt"
"647","16795_0.txt","blood of the murdered men in their skirts. The","16795_0",16795,"0",1841-07-31,"https://articleextractor.org/pages/16795/wvu_dawson_ver01/sn84038585/1841/07/31/ed-1/seq-2/1","Yes","","","","x","Mentions a lynching in Kentucky.","","sn84038585","Wheeling times and advertiser (Wheeling, Va. [...)",1841,7,31,"seq-2","ed-1",1,"West Virginia",866,1697,697004,165,"students","~/Code/hcij_lynching_phase_two/Storage_Older_Versions/latest_articles_aug23/16795_0.txt"
"648","16795_0.txt","great rivers of the West","16795_0",16795,"0",1841-07-31,"https://articleextractor.org/pages/16795/wvu_dawson_ver01/sn84038585/1841/07/31/ed-1/seq-2/1","Yes","","","","x","Mentions a lynching in Kentucky.","","sn84038585","Wheeling times and advertiser (Wheeling, Va. [...)",1841,7,31,"seq-2","ed-1",1,"West Virginia",866,1697,697004,165,"students","~/Code/hcij_lynching_phase_two/Storage_Older_Versions/latest_articles_aug23/16795_0.txt"
"649","16795_0.txt","are not sufficient","16795_0",16795,"0",1841-07-31,"https://articleextractor.org/pages/16795/wvu_dawson_ver01/sn84038585/1841/07/31/ed-1/seq-2/1","Yes","","","","x","Mentions a lynching in Kentucky.","","sn84038585","Wheeling times and advertiser (Wheeling, Va. [...)",1841,7,31,"seq-2","ed-1",1,"West Virginia",866,1697,697004,165,"students","~/Code/hcij_lynching_phase_two/Storage_Older_Versions/latest_articles_aug23/16795_0.txt"
"650","16795_0.txt","to wash","16795_0",16795,"0",1841-07-31,"https://articleextractor.org/pages/16795/wvu_dawson_ver01/sn84038585/1841/07/31/ed-1/seq-2/1","Yes","","","","x","Mentions a lynching in Kentucky.","","sn84038585","Wheeling times and advertiser (Wheeling, Va. [...)",1841,7,31,"seq-2","ed-1",1,"West Virginia",866,1697,697004,165,"students","~/Code/hcij_lynching_phase_two/Storage_Older_Versions/latest_articles_aug23/16795_0.txt"
"651","16795_0.txt","a","16795_0",16795,"0",1841-07-31,"https://articleextractor.org/pages/16795/wvu_dawson_ver01/sn84038585/1841/07/31/ed-1/seq-2/1","Yes","","","","x","Mentions a lynching in Kentucky.","","sn84038585","Wheeling times and advertiser (Wheeling, Va. [...)",1841,7,31,"seq-2","ed-1",1,"West Virginia",866,1697,697004,165,"students","~/Code/hcij_lynching_phase_two/Storage_Older_Versions/latest_articles_aug23/16795_0.txt"
"652","16795_0.txt","their way fertile the stain land. obscure Nor can the the scent fragrant of blood flowers that will of","16795_0",16795,"0",1841-07-31,"https://articleextractor.org/pages/16795/wvu_dawson_ver01/sn84038585/1841/07/31/ed-1/seq-2/1","Yes","","","","x","Mentions a lynching in Kentucky.","","sn84038585","Wheeling times and advertiser (Wheeling, Va. [...)",1841,7,31,"seq-2","ed-1",1,"West Virginia",866,1697,697004,165,"students","~/Code/hcij_lynching_phase_two/Storage_Older_Versions/latest_articles_aug23/16795_0.txt"
"653","16795_0.txt","go with them to their graves.","16795_0",16795,"0",1841-07-31,"https://articleextractor.org/pages/16795/wvu_dawson_ver01/sn84038585/1841/07/31/ed-1/seq-2/1","Yes","","","","x","Mentions a lynching in Kentucky.","","sn84038585","Wheeling times and advertiser (Wheeling, Va. [...)",1841,7,31,"seq-2","ed-1",1,"West Virginia",866,1697,697004,165,"students","~/Code/hcij_lynching_phase_two/Storage_Older_Versions/latest_articles_aug23/16795_0.txt"
"654","16795_0.txt","The public press, the many- mouthed press that","16795_0",16795,"0",1841-07-31,"https://articleextractor.org/pages/16795/wvu_dawson_ver01/sn84038585/1841/07/31/ed-1/seq-2/1","Yes","","","","x","Mentions a lynching in Kentucky.","","sn84038585","Wheeling times and advertiser (Wheeling, Va. [...)",1841,7,31,"seq-2","ed-1",1,"West Virginia",866,1697,697004,165,"students","~/Code/hcij_lynching_phase_two/Storage_Older_Versions/latest_articles_aug23/16795_0.txt"
"655","16795_0.txt","speaks for the whole nation a press that is bound to","16795_0",16795,"0",1841-07-31,"https://articleextractor.org/pages/16795/wvu_dawson_ver01/sn84038585/1841/07/31/ed-1/seq-2/1","Yes","","","","x","Mentions a lynching in Kentucky.","","sn84038585","Wheeling times and advertiser (Wheeling, Va. [...)",1841,7,31,"seq-2","ed-1",1,"West Virginia",866,1697,697004,165,"students","~/Code/hcij_lynching_phase_two/Storage_Older_Versions/latest_articles_aug23/16795_0.txt"
"656","16795_0.txt","keep our escutcheon as a People unsullied, should","16795_0",16795,"0",1841-07-31,"https://articleextractor.org/pages/16795/wvu_dawson_ver01/sn84038585/1841/07/31/ed-1/seq-2/1","Yes","","","","x","Mentions a lynching in Kentucky.","","sn84038585","Wheeling times and advertiser (Wheeling, Va. [...)",1841,7,31,"seq-2","ed-1",1,"West Virginia",866,1697,697004,165,"students","~/Code/hcij_lynching_phase_two/Storage_Older_Versions/latest_articles_aug23/16795_0.txt"
"657","16795_0.txt","issue ning deed it anathemas., one and all, against this dam.","16795_0",16795,"0",1841-07-31,"https://articleextractor.org/pages/16795/wvu_dawson_ver01/sn84038585/1841/07/31/ed-1/seq-2/1","Yes","","","","x","Mentions a lynching in Kentucky.","","sn84038585","Wheeling times and advertiser (Wheeling, Va. [...)",1841,7,31,"seq-2","ed-1",1,"West Virginia",866,1697,697004,165,"students","~/Code/hcij_lynching_phase_two/Storage_Older_Versions/latest_articles_aug23/16795_0.txt"
"658","16795_0.txt","It will plant in many a thonghtless heart that entered","16795_0",16795,"0",1841-07-31,"https://articleextractor.org/pages/16795/wvu_dawson_ver01/sn84038585/1841/07/31/ed-1/seq-2/1","Yes","","","","x","Mentions a lynching in Kentucky.","","sn84038585","Wheeling times and advertiser (Wheeling, Va. [...)",1841,7,31,"seq-2","ed-1",1,"West Virginia",866,1697,697004,165,"students","~/Code/hcij_lynching_phase_two/Storage_Older_Versions/latest_articles_aug23/16795_0.txt"
"659","16795_0.txt","this bloo ly list without reflection, a pang that","16795_0",16795,"0",1841-07-31,"https://articleextractor.org/pages/16795/wvu_dawson_ver01/sn84038585/1841/07/31/ed-1/seq-2/1","Yes","","","","x","Mentions a lynching in Kentucky.","","sn84038585","Wheeling times and advertiser (Wheeling, Va. [...)",1841,7,31,"seq-2","ed-1",1,"West Virginia",866,1697,697004,165,"students","~/Code/hcij_lynching_phase_two/Storage_Older_Versions/latest_articles_aug23/16795_0.txt"
"660","16795_0.txt","time can never remove. We would not, for all the","16795_0",16795,"0",1841-07-31,"https://articleextractor.org/pages/16795/wvu_dawson_ver01/sn84038585/1841/07/31/ed-1/seq-2/1","Yes","","","","x","Mentions a lynching in Kentucky.","","sn84038585","Wheeling times and advertiser (Wheeling, Va. [...)",1841,7,31,"seq-2","ed-1",1,"West Virginia",866,1697,697004,165,"students","~/Code/hcij_lynching_phase_two/Storage_Older_Versions/latest_articles_aug23/16795_0.txt"
"661","16795_0.txt","wealth of every man concerned in the assault, have","16795_0",16795,"0",1841-07-31,"https://articleextractor.org/pages/16795/wvu_dawson_ver01/sn84038585/1841/07/31/ed-1/seq-2/1","Yes","","","","x","Mentions a lynching in Kentucky.","","sn84038585","Wheeling times and advertiser (Wheeling, Va. [...)",1841,7,31,"seq-2","ed-1",1,"West Virginia",866,1697,697004,165,"students","~/Code/hcij_lynching_phase_two/Storage_Older_Versions/latest_articles_aug23/16795_0.txt"
"662","16795_0.txt","the thought upon our dying pillow the weake","16795_0",16795,"0",1841-07-31,"https://articleextractor.org/pages/16795/wvu_dawson_ver01/sn84038585/1841/07/31/ed-1/seq-2/1","Yes","","","","x","Mentions a lynching in Kentucky.","","sn84038585","Wheeling times and advertiser (Wheeling, Va. [...)",1841,7,31,"seq-2","ed-1",1,"West Virginia",866,1697,697004,165,"students","~/Code/hcij_lynching_phase_two/Storage_Older_Versions/latest_articles_aug23/16795_0.txt"
"663","16795_0.txt","motely helped in this deed of infamy. We take","16795_0",16795,"0",1841-07-31,"https://articleextractor.org/pages/16795/wvu_dawson_ver01/sn84038585/1841/07/31/ed-1/seq-2/1","Yes","","","","x","Mentions a lynching in Kentucky.","","sn84038585","Wheeling times and advertiser (Wheeling, Va. [...)",1841,7,31,"seq-2","ed-1",1,"West Virginia",866,1697,697004,165,"students","~/Code/hcij_lynching_phase_two/Storage_Older_Versions/latest_articles_aug23/16795_0.txt"
"664","16795_0.txt","this resolute stand that we may set men to think","16795_0",16795,"0",1841-07-31,"https://articleextractor.org/pages/16795/wvu_dawson_ver01/sn84038585/1841/07/31/ed-1/seq-2/1","Yes","","","","x","Mentions a lynching in Kentucky.","","sn84038585","Wheeling times and advertiser (Wheeling, Va. [...)",1841,7,31,"seq-2","ed-1",1,"West Virginia",866,1697,697004,165,"students","~/Code/hcij_lynching_phase_two/Storage_Older_Versions/latest_articles_aug23/16795_0.txt"
"665","16795_0.txt","ing. The public mind must and public","16795_0",16795,"0",1841-07-31,"https://articleextractor.org/pages/16795/wvu_dawson_ver01/sn84038585/1841/07/31/ed-1/seq-2/1","Yes","","","","x","Mentions a lynching in Kentucky.","","sn84038585","Wheeling times and advertiser (Wheeling, Va. [...)",1841,7,31,"seq-2","ed-1",1,"West Virginia",866,1697,697004,165,"students","~/Code/hcij_lynching_phase_two/Storage_Older_Versions/latest_articles_aug23/16795_0.txt"
"666","16795_0.txt","morals kept up to a standard that will not al.","16795_0",16795,"0",1841-07-31,"https://articleextractor.org/pages/16795/wvu_dawson_ver01/sn84038585/1841/07/31/ed-1/seq-2/1","Yes","","","","x","Mentions a lynching in Kentucky.","","sn84038585","Wheeling times and advertiser (Wheeling, Va. [...)",1841,7,31,"seq-2","ed-1",1,"West Virginia",866,1697,697004,165,"students","~/Code/hcij_lynching_phase_two/Storage_Older_Versions/latest_articles_aug23/16795_0.txt"
"667","16795_0.txt","low a man to rashly take the vengeance of the laws","16795_0",16795,"0",1841-07-31,"https://articleextractor.org/pages/16795/wvu_dawson_ver01/sn84038585/1841/07/31/ed-1/seq-2/1","Yes","","","","x","Mentions a lynching in Kentucky.","","sn84038585","Wheeling times and advertiser (Wheeling, Va. [...)",1841,7,31,"seq-2","ed-1",1,"West Virginia",866,1697,697004,165,"students","~/Code/hcij_lynching_phase_two/Storage_Older_Versions/latest_articles_aug23/16795_0.txt"
"668","16795_0.txt","in his own hands. The blush of shame may not","16795_0",16795,"0",1841-07-31,"https://articleextractor.org/pages/16795/wvu_dawson_ver01/sn84038585/1841/07/31/ed-1/seq-2/1","Yes","","","","x","Mentions a lynching in Kentucky.","","sn84038585","Wheeling times and advertiser (Wheeling, Va. [...)",1841,7,31,"seq-2","ed-1",1,"West Virginia",866,1697,697004,165,"students","~/Code/hcij_lynching_phase_two/Storage_Older_Versions/latest_articles_aug23/16795_0.txt"
"669","16795_0.txt","the mantle offence upon but a Lyncher's check when he perpeirales","16795_0",16795,"0",1841-07-31,"https://articleextractor.org/pages/16795/wvu_dawson_ver01/sn84038585/1841/07/31/ed-1/seq-2/1","Yes","","","","x","Mentions a lynching in Kentucky.","","sn84038585","Wheeling times and advertiser (Wheeling, Va. [...)",1841,7,31,"seq-2","ed-1",1,"West Virginia",866,1697,697004,165,"students","~/Code/hcij_lynching_phase_two/Storage_Older_Versions/latest_articles_aug23/16795_0.txt"
"670","16795_0.txt",", in due season the whips of consci","16795_0",16795,"0",1841-07-31,"https://articleextractor.org/pages/16795/wvu_dawson_ver01/sn84038585/1841/07/31/ed-1/seq-2/1","Yes","","","","x","Mentions a lynching in Kentucky.","","sn84038585","Wheeling times and advertiser (Wheeling, Va. [...)",1841,7,31,"seq-2","ed-1",1,"West Virginia",866,1697,697004,165,"students","~/Code/hcij_lynching_phase_two/Storage_Older_Versions/latest_articles_aug23/16795_0.txt"
"671","16795_0.txt","enee will lash him most severely when he may seek","16795_0",16795,"0",1841-07-31,"https://articleextractor.org/pages/16795/wvu_dawson_ver01/sn84038585/1841/07/31/ed-1/seq-2/1","Yes","","","","x","Mentions a lynching in Kentucky.","","sn84038585","Wheeling times and advertiser (Wheeling, Va. [...)",1841,7,31,"seq-2","ed-1",1,"West Virginia",866,1697,697004,165,"students","~/Code/hcij_lynching_phase_two/Storage_Older_Versions/latest_articles_aug23/16795_0.txt"
"672","16795_0.txt","most fervently fo repose We say to every men who","16795_0",16795,"0",1841-07-31,"https://articleextractor.org/pages/16795/wvu_dawson_ver01/sn84038585/1841/07/31/ed-1/seq-2/1","Yes","","","","x","Mentions a lynching in Kentucky.","","sn84038585","Wheeling times and advertiser (Wheeling, Va. [...)",1841,7,31,"seq-2","ed-1",1,"West Virginia",866,1697,697004,165,"students","~/Code/hcij_lynching_phase_two/Storage_Older_Versions/latest_articles_aug23/16795_0.txt"
"673","16795_0.txt",".","16795_0",16795,"0",1841-07-31,"https://articleextractor.org/pages/16795/wvu_dawson_ver01/sn84038585/1841/07/31/ed-1/seq-2/1","Yes","","","","x","Mentions a lynching in Kentucky.","","sn84038585","Wheeling times and advertiser (Wheeling, Va. [...)",1841,7,31,"seq-2","ed-1",1,"West Virginia",866,1697,697004,165,"students","~/Code/hcij_lynching_phase_two/Storage_Older_Versions/latest_articles_aug23/16795_0.txt"
"674","16795_0.txt","participated in this work of death-","16795_0",16795,"0",1841-07-31,"https://articleextractor.org/pages/16795/wvu_dawson_ver01/sn84038585/1841/07/31/ed-1/seq-2/1","Yes","","","","x","Mentions a lynching in Kentucky.","","sn84038585","Wheeling times and advertiser (Wheeling, Va. [...)",1841,7,31,"seq-2","ed-1",1,"West Virginia",866,1697,697004,165,"students","~/Code/hcij_lynching_phase_two/Storage_Older_Versions/latest_articles_aug23/16795_0.txt"
"675","16795_0.txt","Go to your bosom","16795_0",16795,"0",1841-07-31,"https://articleextractor.org/pages/16795/wvu_dawson_ver01/sn84038585/1841/07/31/ed-1/seq-2/1","Yes","","","","x","Mentions a lynching in Kentucky.","","sn84038585","Wheeling times and advertiser (Wheeling, Va. [...)",1841,7,31,"seq-2","ed-1",1,"West Virginia",866,1697,697004,165,"students","~/Code/hcij_lynching_phase_two/Storage_Older_Versions/latest_articles_aug23/16795_0.txt"
"676","16795_0.txt","Knock there; and ask your heart what it doth know,","16795_0",16795,"0",1841-07-31,"https://articleextractor.org/pages/16795/wvu_dawson_ver01/sn84038585/1841/07/31/ed-1/seq-2/1","Yes","","","","x","Mentions a lynching in Kentucky.","","sn84038585","Wheeling times and advertiser (Wheeling, Va. [...)",1841,7,31,"seq-2","ed-1",1,"West Virginia",866,1697,697004,165,"students","~/Code/hcij_lynching_phase_two/Storage_Older_Versions/latest_articles_aug23/16795_0.txt"
"677","16795_0.txt","Every violation of this kind shakes the stability of","16795_0",16795,"0",1841-07-31,"https://articleextractor.org/pages/16795/wvu_dawson_ver01/sn84038585/1841/07/31/ed-1/seq-2/1","Yes","","","","x","Mentions a lynching in Kentucky.","","sn84038585","Wheeling times and advertiser (Wheeling, Va. [...)",1841,7,31,"seq-2","ed-1",1,"West Virginia",866,1697,697004,165,"students","~/Code/hcij_lynching_phase_two/Storage_Older_Versions/latest_articles_aug23/16795_0.txt"
"678","16795_0.txt","law. Haman was hanged upon his own gallows","16795_0",16795,"0",1841-07-31,"https://articleextractor.org/pages/16795/wvu_dawson_ver01/sn84038585/1841/07/31/ed-1/seq-2/1","Yes","","","","x","Mentions a lynching in Kentucky.","","sn84038585","Wheeling times and advertiser (Wheeling, Va. [...)",1841,7,31,"seq-2","ed-1",1,"West Virginia",866,1697,697004,165,"students","~/Code/hcij_lynching_phase_two/Storage_Older_Versions/latest_articles_aug23/16795_0.txt"
"679","16795_0.txt","Robespierre fell under the hands of thos he had","16795_0",16795,"0",1841-07-31,"https://articleextractor.org/pages/16795/wvu_dawson_ver01/sn84038585/1841/07/31/ed-1/seq-2/1","Yes","","","","x","Mentions a lynching in Kentucky.","","sn84038585","Wheeling times and advertiser (Wheeling, Va. [...)",1841,7,31,"seq-2","ed-1",1,"West Virginia",866,1697,697004,165,"students","~/Code/hcij_lynching_phase_two/Storage_Older_Versions/latest_articles_aug23/16795_0.txt"
"680","16795_0.txt","taught to murder in cold blood. Let every man","16795_0",16795,"0",1841-07-31,"https://articleextractor.org/pages/16795/wvu_dawson_ver01/sn84038585/1841/07/31/ed-1/seq-2/1","Yes","","","","x","Mentions a lynching in Kentucky.","","sn84038585","Wheeling times and advertiser (Wheeling, Va. [...)",1841,7,31,"seq-2","ed-1",1,"West Virginia",866,1697,697004,165,"students","~/Code/hcij_lynching_phase_two/Storage_Older_Versions/latest_articles_aug23/16795_0.txt"
"681","16795_0.txt","who nided in the Kentucky lynching beware.","16795_0",16795,"0",1841-07-31,"https://articleextractor.org/pages/16795/wvu_dawson_ver01/sn84038585/1841/07/31/ed-1/seq-2/1","Yes","","","","x","Mentions a lynching in Kentucky.","","sn84038585","Wheeling times and advertiser (Wheeling, Va. [...)",1841,7,31,"seq-2","ed-1",1,"West Virginia",866,1697,697004,165,"students","~/Code/hcij_lynching_phase_two/Storage_Older_Versions/latest_articles_aug23/16795_0.txt"
"682","16795_0.txt","They have not only wronged their country, but them","16795_0",16795,"0",1841-07-31,"https://articleextractor.org/pages/16795/wvu_dawson_ver01/sn84038585/1841/07/31/ed-1/seq-2/1","Yes","","","","x","Mentions a lynching in Kentucky.","","sn84038585","Wheeling times and advertiser (Wheeling, Va. [...)",1841,7,31,"seq-2","ed-1",1,"West Virginia",866,1697,697004,165,"students","~/Code/hcij_lynching_phase_two/Storage_Older_Versions/latest_articles_aug23/16795_0.txt"
"683","16795_0.txt","selves and their children. Other lynchers may","16795_0",16795,"0",1841-07-31,"https://articleextractor.org/pages/16795/wvu_dawson_ver01/sn84038585/1841/07/31/ed-1/seq-2/1","Yes","","","","x","Mentions a lynching in Kentucky.","","sn84038585","Wheeling times and advertiser (Wheeling, Va. [...)",1841,7,31,"seq-2","ed-1",1,"West Virginia",866,1697,697004,165,"students","~/Code/hcij_lynching_phase_two/Storage_Older_Versions/latest_articles_aug23/16795_0.txt"
"684","16795_0.txt","long lie in wait for them-[ American Sentinel. ere","16795_0",16795,"0",1841-07-31,"https://articleextractor.org/pages/16795/wvu_dawson_ver01/sn84038585/1841/07/31/ed-1/seq-2/1","Yes","","","","x","Mentions a lynching in Kentucky.","","sn84038585","Wheeling times and advertiser (Wheeling, Va. [...)",1841,7,31,"seq-2","ed-1",1,"West Virginia",866,1697,697004,165,"students","~/Code/hcij_lynching_phase_two/Storage_Older_Versions/latest_articles_aug23/16795_0.txt"
"685","16801_0.txt","DEAD BODY FOUND IN THE RIVER .-- The","16801_0",16801,"0",1841-10-05,"https://articleextractor.org/pages/16801/msar_kingsombra_ver01/sn83016884/1841/10/05/ed-1/seq-1/1","Yes","","","","x","27 counterfeiters were lynched by being drowned in the Arkansas River.  1841 (This article has a different number of people lynched than the other articles)","","sn83016884","Southern Argus (Columbus, Miss.)",1841,10,5,"seq-1","ed-1",1,"Mississippi",871,1702,339366,170,"students","~/Code/hcij_lynching_phase_two/Storage_Older_Versions/latest_articles_aug23/16801_0.txt"
"686","16801_0.txt","body of a man was found floating in the river","16801_0",16801,"0",1841-10-05,"https://articleextractor.org/pages/16801/msar_kingsombra_ver01/sn83016884/1841/10/05/ed-1/seq-1/1","Yes","","","","x","27 counterfeiters were lynched by being drowned in the Arkansas River.  1841 (This article has a different number of people lynched than the other articles)","","sn83016884","Southern Argus (Columbus, Miss.)",1841,10,5,"seq-1","ed-1",1,"Mississippi",871,1702,339366,170,"students","~/Code/hcij_lynching_phase_two/Storage_Older_Versions/latest_articles_aug23/16801_0.txt"
"687","16801_0.txt","on Saturday, opposite Wm. Bisland's planta-","16801_0",16801,"0",1841-10-05,"https://articleextractor.org/pages/16801/msar_kingsombra_ver01/sn83016884/1841/10/05/ed-1/seq-1/1","Yes","","","","x","27 counterfeiters were lynched by being drowned in the Arkansas River.  1841 (This article has a different number of people lynched than the other articles)","","sn83016884","Southern Argus (Columbus, Miss.)",1841,10,5,"seq-1","ed-1",1,"Mississippi",871,1702,339366,170,"students","~/Code/hcij_lynching_phase_two/Storage_Older_Versions/latest_articles_aug23/16801_0.txt"
"688","16801_0.txt","tion- at the woodyard of which it came ashore","16801_0",16801,"0",1841-10-05,"https://articleextractor.org/pages/16801/msar_kingsombra_ver01/sn83016884/1841/10/05/ed-1/seq-1/1","Yes","","","","x","27 counterfeiters were lynched by being drowned in the Arkansas River.  1841 (This article has a different number of people lynched than the other articles)","","sn83016884","Southern Argus (Columbus, Miss.)",1841,10,5,"seq-1","ed-1",1,"Mississippi",871,1702,339366,170,"students","~/Code/hcij_lynching_phase_two/Storage_Older_Versions/latest_articles_aug23/16801_0.txt"
"689","16801_0.txt","and was buried by Mr. Bishland's hands. The","16801_0",16801,"0",1841-10-05,"https://articleextractor.org/pages/16801/msar_kingsombra_ver01/sn83016884/1841/10/05/ed-1/seq-1/1","Yes","","","","x","27 counterfeiters were lynched by being drowned in the Arkansas River.  1841 (This article has a different number of people lynched than the other articles)","","sn83016884","Southern Argus (Columbus, Miss.)",1841,10,5,"seq-1","ed-1",1,"Mississippi",871,1702,339366,170,"students","~/Code/hcij_lynching_phase_two/Storage_Older_Versions/latest_articles_aug23/16801_0.txt"
"690","16801_0.txt","body was so much mutilated that it was impossible","16801_0",16801,"0",1841-10-05,"https://articleextractor.org/pages/16801/msar_kingsombra_ver01/sn83016884/1841/10/05/ed-1/seq-1/1","Yes","","","","x","27 counterfeiters were lynched by being drowned in the Arkansas River.  1841 (This article has a different number of people lynched than the other articles)","","sn83016884","Southern Argus (Columbus, Miss.)",1841,10,5,"seq-1","ed-1",1,"Mississippi",871,1702,339366,170,"students","~/Code/hcij_lynching_phase_two/Storage_Older_Versions/latest_articles_aug23/16801_0.txt"
"691","16801_0.txt","to form any idea of his age or personal","16801_0",16801,"0",1841-10-05,"https://articleextractor.org/pages/16801/msar_kingsombra_ver01/sn83016884/1841/10/05/ed-1/seq-1/1","Yes","","","","x","27 counterfeiters were lynched by being drowned in the Arkansas River.  1841 (This article has a different number of people lynched than the other articles)","","sn83016884","Southern Argus (Columbus, Miss.)",1841,10,5,"seq-1","ed-1",1,"Mississippi",871,1702,339366,170,"students","~/Code/hcij_lynching_phase_two/Storage_Older_Versions/latest_articles_aug23/16801_0.txt"
"692","16801_0.txt","contour. His fright hand and lower jaw were","16801_0",16801,"0",1841-10-05,"https://articleextractor.org/pages/16801/msar_kingsombra_ver01/sn83016884/1841/10/05/ed-1/seq-1/1","Yes","","","","x","27 counterfeiters were lynched by being drowned in the Arkansas River.  1841 (This article has a different number of people lynched than the other articles)","","sn83016884","Southern Argus (Columbus, Miss.)",1841,10,5,"seq-1","ed-1",1,"Mississippi",871,1702,339366,170,"students","~/Code/hcij_lynching_phase_two/Storage_Older_Versions/latest_articles_aug23/16801_0.txt"
"693","16801_0.txt","off- there was a large hole through his body","16801_0",16801,"0",1841-10-05,"https://articleextractor.org/pages/16801/msar_kingsombra_ver01/sn83016884/1841/10/05/ed-1/seq-1/1","Yes","","","","x","27 counterfeiters were lynched by being drowned in the Arkansas River.  1841 (This article has a different number of people lynched than the other articles)","","sn83016884","Southern Argus (Columbus, Miss.)",1841,10,5,"seq-1","ed-1",1,"Mississippi",871,1702,339366,170,"students","~/Code/hcij_lynching_phase_two/Storage_Older_Versions/latest_articles_aug23/16801_0.txt"
"694","16801_0.txt","which looked as though he had been shot, and","16801_0",16801,"0",1841-10-05,"https://articleextractor.org/pages/16801/msar_kingsombra_ver01/sn83016884/1841/10/05/ed-1/seq-1/1","Yes","","","","x","27 counterfeiters were lynched by being drowned in the Arkansas River.  1841 (This article has a different number of people lynched than the other articles)","","sn83016884","Southern Argus (Columbus, Miss.)",1841,10,5,"seq-1","ed-1",1,"Mississippi",871,1702,339366,170,"students","~/Code/hcij_lynching_phase_two/Storage_Older_Versions/latest_articles_aug23/16801_0.txt"
"695","16801_0.txt","two of his ribs were broken. He had on satti.","16801_0",16801,"0",1841-10-05,"https://articleextractor.org/pages/16801/msar_kingsombra_ver01/sn83016884/1841/10/05/ed-1/seq-1/1","Yes","","","","x","27 counterfeiters were lynched by being drowned in the Arkansas River.  1841 (This article has a different number of people lynched than the other articles)","","sn83016884","Southern Argus (Columbus, Miss.)",1841,10,5,"seq-1","ed-1",1,"Mississippi",871,1702,339366,170,"students","~/Code/hcij_lynching_phase_two/Storage_Older_Versions/latest_articles_aug23/16801_0.txt"
"696","16801_0.txt","nett pantaloons and callicoe shirt. One$ 50","16801_0",16801,"0",1841-10-05,"https://articleextractor.org/pages/16801/msar_kingsombra_ver01/sn83016884/1841/10/05/ed-1/seq-1/1","Yes","","","","x","27 counterfeiters were lynched by being drowned in the Arkansas River.  1841 (This article has a different number of people lynched than the other articles)","","sn83016884","Southern Argus (Columbus, Miss.)",1841,10,5,"seq-1","ed-1",1,"Mississippi",871,1702,339366,170,"students","~/Code/hcij_lynching_phase_two/Storage_Older_Versions/latest_articles_aug23/16801_0.txt"
"697","16801_0.txt","Miss& Alabama note and 50 cents in specie","16801_0",16801,"0",1841-10-05,"https://articleextractor.org/pages/16801/msar_kingsombra_ver01/sn83016884/1841/10/05/ed-1/seq-1/1","Yes","","","","x","27 counterfeiters were lynched by being drowned in the Arkansas River.  1841 (This article has a different number of people lynched than the other articles)","","sn83016884","Southern Argus (Columbus, Miss.)",1841,10,5,"seq-1","ed-1",1,"Mississippi",871,1702,339366,170,"students","~/Code/hcij_lynching_phase_two/Storage_Older_Versions/latest_articles_aug23/16801_0.txt"
"698","16801_0.txt","was found in his watch pocket. Capt. Shaw,","16801_0",16801,"0",1841-10-05,"https://articleextractor.org/pages/16801/msar_kingsombra_ver01/sn83016884/1841/10/05/ed-1/seq-1/1","Yes","","","","x","27 counterfeiters were lynched by being drowned in the Arkansas River.  1841 (This article has a different number of people lynched than the other articles)","","sn83016884","Southern Argus (Columbus, Miss.)",1841,10,5,"seq-1","ed-1",1,"Mississippi",871,1702,339366,170,"students","~/Code/hcij_lynching_phase_two/Storage_Older_Versions/latest_articles_aug23/16801_0.txt"
"699","16801_0.txt","of the Phoenix ferry boat, saw the body pass our","16801_0",16801,"0",1841-10-05,"https://articleextractor.org/pages/16801/msar_kingsombra_ver01/sn83016884/1841/10/05/ed-1/seq-1/1","Yes","","","","x","27 counterfeiters were lynched by being drowned in the Arkansas River.  1841 (This article has a different number of people lynched than the other articles)","","sn83016884","Southern Argus (Columbus, Miss.)",1841,10,5,"seq-1","ed-1",1,"Mississippi",871,1702,339366,170,"students","~/Code/hcij_lynching_phase_two/Storage_Older_Versions/latest_articles_aug23/16801_0.txt"
"700","16801_0.txt","city on Saturday at 12 o'clock, and supposes","16801_0",16801,"0",1841-10-05,"https://articleextractor.org/pages/16801/msar_kingsombra_ver01/sn83016884/1841/10/05/ed-1/seq-1/1","Yes","","","","x","27 counterfeiters were lynched by being drowned in the Arkansas River.  1841 (This article has a different number of people lynched than the other articles)","","sn83016884","Southern Argus (Columbus, Miss.)",1841,10,5,"seq-1","ed-1",1,"Mississippi",871,1702,339366,170,"students","~/Code/hcij_lynching_phase_two/Storage_Older_Versions/latest_articles_aug23/16801_0.txt"
"701","16801_0.txt","one of those who were lynched in Ar-","16801_0",16801,"0",1841-10-05,"https://articleextractor.org/pages/16801/msar_kingsombra_ver01/sn83016884/1841/10/05/ed-1/seq-1/1","Yes","","","","x","27 counterfeiters were lynched by being drowned in the Arkansas River.  1841 (This article has a different number of people lynched than the other articles)","","sn83016884","Southern Argus (Columbus, Miss.)",1841,10,5,"seq-1","ed-1",1,"Mississippi",871,1702,339366,170,"students","~/Code/hcij_lynching_phase_two/Storage_Older_Versions/latest_articles_aug23/16801_0.txt"
"702","16801_0.txt","kanis kansas.","16801_0",16801,"0",1841-10-05,"https://articleextractor.org/pages/16801/msar_kingsombra_ver01/sn83016884/1841/10/05/ed-1/seq-1/1","Yes","","","","x","27 counterfeiters were lynched by being drowned in the Arkansas River.  1841 (This article has a different number of people lynched than the other articles)","","sn83016884","Southern Argus (Columbus, Miss.)",1841,10,5,"seq-1","ed-1",1,"Mississippi",871,1702,339366,170,"students","~/Code/hcij_lynching_phase_two/Storage_Older_Versions/latest_articles_aug23/16801_0.txt"
"703","16804_0.txt","RIOT IN CINCINNATI, OHIO.","16804_0",16804,"0",1841-09-15,"https://articleextractor.org/pages/16804/ncu_alligator_ver01/sn85042147/1841/09/15/ed-1/seq-2/1","Yes","","","","x","Several counterfeiters were lynched in St. Louis.  1841","","sn85042147","The North-Carolina standard (Raleigh, N.C.)",1841,9,15,"seq-2","ed-1",1,"North Carolina",874,1705,364454,173,"students","~/Code/hcij_lynching_phase_two/Storage_Older_Versions/latest_articles_aug23/16804_0.txt"
"704","16804_0.txt","A Letter to the editors of the New York New","16804_0",16804,"0",1841-09-15,"https://articleextractor.org/pages/16804/ncu_alligator_ver01/sn85042147/1841/09/15/ed-1/seq-2/1","Yes","","","","x","Several counterfeiters were lynched in St. Louis.  1841","","sn85042147","The North-Carolina standard (Raleigh, N.C.)",1841,9,15,"seq-2","ed-1",1,"North Carolina",874,1705,364454,173,"students","~/Code/hcij_lynching_phase_two/Storage_Older_Versions/latest_articles_aug23/16804_0.txt"
"705","16804_0.txt","Era, from Cincinnati, Ohio, dated the 4th inst. gives","16804_0",16804,"0",1841-09-15,"https://articleextractor.org/pages/16804/ncu_alligator_ver01/sn85042147/1841/09/15/ed-1/seq-2/1","Yes","","","","x","Several counterfeiters were lynched in St. Louis.  1841","","sn85042147","The North-Carolina standard (Raleigh, N.C.)",1841,9,15,"seq-2","ed-1",1,"North Carolina",874,1705,364454,173,"students","~/Code/hcij_lynching_phase_two/Storage_Older_Versions/latest_articles_aug23/16804_0.txt"
"706","16804_0.txt","an account of a very serious riot in that city. On","16804_0",16804,"0",1841-09-15,"https://articleextractor.org/pages/16804/ncu_alligator_ver01/sn85042147/1841/09/15/ed-1/seq-2/1","Yes","","","","x","Several counterfeiters were lynched in St. Louis.  1841","","sn85042147","The North-Carolina standard (Raleigh, N.C.)",1841,9,15,"seq-2","ed-1",1,"North Carolina",874,1705,364454,173,"students","~/Code/hcij_lynching_phase_two/Storage_Older_Versions/latest_articles_aug23/16804_0.txt"
"707","16804_0.txt","the evening of the 2d, a quarrel occurred between","16804_0",16804,"0",1841-09-15,"https://articleextractor.org/pages/16804/ncu_alligator_ver01/sn85042147/1841/09/15/ed-1/seq-2/1","Yes","","","","x","Several counterfeiters were lynched in St. Louis.  1841","","sn85042147","The North-Carolina standard (Raleigh, N.C.)",1841,9,15,"seq-2","ed-1",1,"North Carolina",874,1705,364454,173,"students","~/Code/hcij_lynching_phase_two/Storage_Older_Versions/latest_articles_aug23/16804_0.txt"
"708","16804_0.txt","several negroes and two white men, in which the","16804_0",16804,"0",1841-09-15,"https://articleextractor.org/pages/16804/ncu_alligator_ver01/sn85042147/1841/09/15/ed-1/seq-2/1","Yes","","","","x","Several counterfeiters were lynched in St. Louis.  1841","","sn85042147","The North-Carolina standard (Raleigh, N.C.)",1841,9,15,"seq-2","ed-1",1,"North Carolina",874,1705,364454,173,"students","~/Code/hcij_lynching_phase_two/Storage_Older_Versions/latest_articles_aug23/16804_0.txt"
"709","16804_0.txt","latter were badly wounded with dirk knives. A","16804_0",16804,"0",1841-09-15,"https://articleextractor.org/pages/16804/ncu_alligator_ver01/sn85042147/1841/09/15/ed-1/seq-2/1","Yes","","","","x","Several counterfeiters were lynched in St. Louis.  1841","","sn85042147","The North-Carolina standard (Raleigh, N.C.)",1841,9,15,"seq-2","ed-1",1,"North Carolina",874,1705,364454,173,"students","~/Code/hcij_lynching_phase_two/Storage_Older_Versions/latest_articles_aug23/16804_0.txt"
"710","16804_0.txt","bout 9 o'clock on the following evening, a large","16804_0",16804,"0",1841-09-15,"https://articleextractor.org/pages/16804/ncu_alligator_ver01/sn85042147/1841/09/15/ed-1/seq-2/1","Yes","","","","x","Several counterfeiters were lynched in St. Louis.  1841","","sn85042147","The North-Carolina standard (Raleigh, N.C.)",1841,9,15,"seq-2","ed-1",1,"North Carolina",874,1705,364454,173,"students","~/Code/hcij_lynching_phase_two/Storage_Older_Versions/latest_articles_aug23/16804_0.txt"
"711","16804_0.txt","concourse of people, without concert or arms, assembled","16804_0",16804,"0",1841-09-15,"https://articleextractor.org/pages/16804/ncu_alligator_ver01/sn85042147/1841/09/15/ed-1/seq-2/1","Yes","","","","x","Several counterfeiters were lynched in St. Louis.  1841","","sn85042147","The North-Carolina standard (Raleigh, N.C.)",1841,9,15,"seq-2","ed-1",1,"North Carolina",874,1705,364454,173,"students","~/Code/hcij_lynching_phase_two/Storage_Older_Versions/latest_articles_aug23/16804_0.txt"
"712","16804_0.txt","in the immediate vicinity of"" Five Points,""","16804_0",16804,"0",1841-09-15,"https://articleextractor.org/pages/16804/ncu_alligator_ver01/sn85042147/1841/09/15/ed-1/seq-2/1","Yes","","","","x","Several counterfeiters were lynched in St. Louis.  1841","","sn85042147","The North-Carolina standard (Raleigh, N.C.)",1841,9,15,"seq-2","ed-1",1,"North Carolina",874,1705,364454,173,"students","~/Code/hcij_lynching_phase_two/Storage_Older_Versions/latest_articles_aug23/16804_0.txt"
"713","16804_0.txt","or, as it is called,"" Nigger Town."" A few persons","16804_0",16804,"0",1841-09-15,"https://articleextractor.org/pages/16804/ncu_alligator_ver01/sn85042147/1841/09/15/ed-1/seq-2/1","Yes","","","","x","Several counterfeiters were lynched in St. Louis.  1841","","sn85042147","The North-Carolina standard (Raleigh, N.C.)",1841,9,15,"seq-2","ed-1",1,"North Carolina",874,1705,364454,173,"students","~/Code/hcij_lynching_phase_two/Storage_Older_Versions/latest_articles_aug23/16804_0.txt"
"714","16804_0.txt","in the mob which consisted of 3 or 400, threw stones","16804_0",16804,"0",1841-09-15,"https://articleextractor.org/pages/16804/ncu_alligator_ver01/sn85042147/1841/09/15/ed-1/seq-2/1","Yes","","","","x","Several counterfeiters were lynched in St. Louis.  1841","","sn85042147","The North-Carolina standard (Raleigh, N.C.)",1841,9,15,"seq-2","ed-1",1,"North Carolina",874,1705,364454,173,"students","~/Code/hcij_lynching_phase_two/Storage_Older_Versions/latest_articles_aug23/16804_0.txt"
"715","16804_0.txt","against the buildings of the negroes. The","16804_0",16804,"0",1841-09-15,"https://articleextractor.org/pages/16804/ncu_alligator_ver01/sn85042147/1841/09/15/ed-1/seq-2/1","Yes","","","","x","Several counterfeiters were lynched in St. Louis.  1841","","sn85042147","The North-Carolina standard (Raleigh, N.C.)",1841,9,15,"seq-2","ed-1",1,"North Carolina",874,1705,364454,173,"students","~/Code/hcij_lynching_phase_two/Storage_Older_Versions/latest_articles_aug23/16804_0.txt"
"716","16804_0.txt","negroes","16804_0",16804,"0",1841-09-15,"https://articleextractor.org/pages/16804/ncu_alligator_ver01/sn85042147/1841/09/15/ed-1/seq-2/1","Yes","","","","x","Several counterfeiters were lynched in St. Louis.  1841","","sn85042147","The North-Carolina standard (Raleigh, N.C.)",1841,9,15,"seq-2","ed-1",1,"North Carolina",874,1705,364454,173,"students","~/Code/hcij_lynching_phase_two/Storage_Older_Versions/latest_articles_aug23/16804_0.txt"
"717","16804_0.txt","immediately poured into the mob a volley of bullets,","16804_0",16804,"0",1841-09-15,"https://articleextractor.org/pages/16804/ncu_alligator_ver01/sn85042147/1841/09/15/ed-1/seq-2/1","Yes","","","","x","Several counterfeiters were lynched in St. Louis.  1841","","sn85042147","The North-Carolina standard (Raleigh, N.C.)",1841,9,15,"seq-2","ed-1",1,"North Carolina",874,1705,364454,173,"students","~/Code/hcij_lynching_phase_two/Storage_Older_Versions/latest_articles_aug23/16804_0.txt"
"718","16804_0.txt","from muskets and rifles, with which they had previously","16804_0",16804,"0",1841-09-15,"https://articleextractor.org/pages/16804/ncu_alligator_ver01/sn85042147/1841/09/15/ed-1/seq-2/1","Yes","","","","x","Several counterfeiters were lynched in St. Louis.  1841","","sn85042147","The North-Carolina standard (Raleigh, N.C.)",1841,9,15,"seq-2","ed-1",1,"North Carolina",874,1705,364454,173,"students","~/Code/hcij_lynching_phase_two/Storage_Older_Versions/latest_articles_aug23/16804_0.txt"
"719","16804_0.txt","provided themselves in anticipation of an","16804_0",16804,"0",1841-09-15,"https://articleextractor.org/pages/16804/ncu_alligator_ver01/sn85042147/1841/09/15/ed-1/seq-2/1","Yes","","","","x","Several counterfeiters were lynched in St. Louis.  1841","","sn85042147","The North-Carolina standard (Raleigh, N.C.)",1841,9,15,"seq-2","ed-1",1,"North Carolina",874,1705,364454,173,"students","~/Code/hcij_lynching_phase_two/Storage_Older_Versions/latest_articles_aug23/16804_0.txt"
"720","16804_0.txt","attack. The mob, being unarmed, fled precipitate","16804_0",16804,"0",1841-09-15,"https://articleextractor.org/pages/16804/ncu_alligator_ver01/sn85042147/1841/09/15/ed-1/seq-2/1","Yes","","","","x","Several counterfeiters were lynched in St. Louis.  1841","","sn85042147","The North-Carolina standard (Raleigh, N.C.)",1841,9,15,"seq-2","ed-1",1,"North Carolina",874,1705,364454,173,"students","~/Code/hcij_lynching_phase_two/Storage_Older_Versions/latest_articles_aug23/16804_0.txt"
"721","16804_0.txt","ly, and were pursued for nearly a square by the","16804_0",16804,"0",1841-09-15,"https://articleextractor.org/pages/16804/ncu_alligator_ver01/sn85042147/1841/09/15/ed-1/seq-2/1","Yes","","","","x","Several counterfeiters were lynched in St. Louis.  1841","","sn85042147","The North-Carolina standard (Raleigh, N.C.)",1841,9,15,"seq-2","ed-1",1,"North Carolina",874,1705,364454,173,"students","~/Code/hcij_lynching_phase_two/Storage_Older_Versions/latest_articles_aug23/16804_0.txt"
"722","16804_0.txt","blacks, who yelled out a wild shout of triumph and","16804_0",16804,"0",1841-09-15,"https://articleextractor.org/pages/16804/ncu_alligator_ver01/sn85042147/1841/09/15/ed-1/seq-2/1","Yes","","","","x","Several counterfeiters were lynched in St. Louis.  1841","","sn85042147","The North-Carolina standard (Raleigh, N.C.)",1841,9,15,"seq-2","ed-1",1,"North Carolina",874,1705,364454,173,"students","~/Code/hcij_lynching_phase_two/Storage_Older_Versions/latest_articles_aug23/16804_0.txt"
"723","16804_0.txt","defiance, and returned to their houses. About","16804_0",16804,"0",1841-09-15,"https://articleextractor.org/pages/16804/ncu_alligator_ver01/sn85042147/1841/09/15/ed-1/seq-2/1","Yes","","","","x","Several counterfeiters were lynched in St. Louis.  1841","","sn85042147","The North-Carolina standard (Raleigh, N.C.)",1841,9,15,"seq-2","ed-1",1,"North Carolina",874,1705,364454,173,"students","~/Code/hcij_lynching_phase_two/Storage_Older_Versions/latest_articles_aug23/16804_0.txt"
"724","16804_0.txt","midnight the mob advanced to the position they","16804_0",16804,"0",1841-09-15,"https://articleextractor.org/pages/16804/ncu_alligator_ver01/sn85042147/1841/09/15/ed-1/seq-2/1","Yes","","","","x","Several counterfeiters were lynched in St. Louis.  1841","","sn85042147","The North-Carolina standard (Raleigh, N.C.)",1841,9,15,"seq-2","ed-1",1,"North Carolina",874,1705,364454,173,"students","~/Code/hcij_lynching_phase_two/Storage_Older_Versions/latest_articles_aug23/16804_0.txt"
"725","16804_0.txt","had occupied in the early part of the evening, provided","16804_0",16804,"0",1841-09-15,"https://articleextractor.org/pages/16804/ncu_alligator_ver01/sn85042147/1841/09/15/ed-1/seq-2/1","Yes","","","","x","Several counterfeiters were lynched in St. Louis.  1841","","sn85042147","The North-Carolina standard (Raleigh, N.C.)",1841,9,15,"seq-2","ed-1",1,"North Carolina",874,1705,364454,173,"students","~/Code/hcij_lynching_phase_two/Storage_Older_Versions/latest_articles_aug23/16804_0.txt"
"726","16804_0.txt","with arms and a six- pounder. The six","16804_0",16804,"0",1841-09-15,"https://articleextractor.org/pages/16804/ncu_alligator_ver01/sn85042147/1841/09/15/ed-1/seq-2/1","Yes","","","","x","Several counterfeiters were lynched in St. Louis.  1841","","sn85042147","The North-Carolina standard (Raleigh, N.C.)",1841,9,15,"seq-2","ed-1",1,"North Carolina",874,1705,364454,173,"students","~/Code/hcij_lynching_phase_two/Storage_Older_Versions/latest_articles_aug23/16804_0.txt"
"727","16804_0.txt","pounder and small arms were fired, which was re","16804_0",16804,"0",1841-09-15,"https://articleextractor.org/pages/16804/ncu_alligator_ver01/sn85042147/1841/09/15/ed-1/seq-2/1","Yes","","","","x","Several counterfeiters were lynched in St. Louis.  1841","","sn85042147","The North-Carolina standard (Raleigh, N.C.)",1841,9,15,"seq-2","ed-1",1,"North Carolina",874,1705,364454,173,"students","~/Code/hcij_lynching_phase_two/Storage_Older_Versions/latest_articles_aug23/16804_0.txt"
"728","16804_0.txt","turned by the blacks, and the parties engaged in a","16804_0",16804,"0",1841-09-15,"https://articleextractor.org/pages/16804/ncu_alligator_ver01/sn85042147/1841/09/15/ed-1/seq-2/1","Yes","","","","x","Several counterfeiters were lynched in St. Louis.  1841","","sn85042147","The North-Carolina standard (Raleigh, N.C.)",1841,9,15,"seq-2","ed-1",1,"North Carolina",874,1705,364454,173,"students","~/Code/hcij_lynching_phase_two/Storage_Older_Versions/latest_articles_aug23/16804_0.txt"
"729","16804_0.txt","terrible conflict. Fortunately for the lives of many,","16804_0",16804,"0",1841-09-15,"https://articleextractor.org/pages/16804/ncu_alligator_ver01/sn85042147/1841/09/15/ed-1/seq-2/1","Yes","","","","x","Several counterfeiters were lynched in St. Louis.  1841","","sn85042147","The North-Carolina standard (Raleigh, N.C.)",1841,9,15,"seq-2","ed-1",1,"North Carolina",874,1705,364454,173,"students","~/Code/hcij_lynching_phase_two/Storage_Older_Versions/latest_articles_aug23/16804_0.txt"
"730","16804_0.txt","the prompt arrival of the military silenced the","16804_0",16804,"0",1841-09-15,"https://articleextractor.org/pages/16804/ncu_alligator_ver01/sn85042147/1841/09/15/ed-1/seq-2/1","Yes","","","","x","Several counterfeiters were lynched in St. Louis.  1841","","sn85042147","The North-Carolina standard (Raleigh, N.C.)",1841,9,15,"seq-2","ed-1",1,"North Carolina",874,1705,364454,173,"students","~/Code/hcij_lynching_phase_two/Storage_Older_Versions/latest_articles_aug23/16804_0.txt"
"731","16804_0.txt","firing, restored peace and dispersed the mob. There","16804_0",16804,"0",1841-09-15,"https://articleextractor.org/pages/16804/ncu_alligator_ver01/sn85042147/1841/09/15/ed-1/seq-2/1","Yes","","","","x","Several counterfeiters were lynched in St. Louis.  1841","","sn85042147","The North-Carolina standard (Raleigh, N.C.)",1841,9,15,"seq-2","ed-1",1,"North Carolina",874,1705,364454,173,"students","~/Code/hcij_lynching_phase_two/Storage_Older_Versions/latest_articles_aug23/16804_0.txt"
"732","16804_0.txt","are various reports of the number killed and wounded","16804_0",16804,"0",1841-09-15,"https://articleextractor.org/pages/16804/ncu_alligator_ver01/sn85042147/1841/09/15/ed-1/seq-2/1","Yes","","","","x","Several counterfeiters were lynched in St. Louis.  1841","","sn85042147","The North-Carolina standard (Raleigh, N.C.)",1841,9,15,"seq-2","ed-1",1,"North Carolina",874,1705,364454,173,"students","~/Code/hcij_lynching_phase_two/Storage_Older_Versions/latest_articles_aug23/16804_0.txt"
"733","16804_0.txt","on both sides, the truth of which cannot at pres","16804_0",16804,"0",1841-09-15,"https://articleextractor.org/pages/16804/ncu_alligator_ver01/sn85042147/1841/09/15/ed-1/seq-2/1","Yes","","","","x","Several counterfeiters were lynched in St. Louis.  1841","","sn85042147","The North-Carolina standard (Raleigh, N.C.)",1841,9,15,"seq-2","ed-1",1,"North Carolina",874,1705,364454,173,"students","~/Code/hcij_lynching_phase_two/Storage_Older_Versions/latest_articles_aug23/16804_0.txt"
"734","16804_0.txt","ent be known. The city was all in confusion and","16804_0",16804,"0",1841-09-15,"https://articleextractor.org/pages/16804/ncu_alligator_ver01/sn85042147/1841/09/15/ed-1/seq-2/1","Yes","","","","x","Several counterfeiters were lynched in St. Louis.  1841","","sn85042147","The North-Carolina standard (Raleigh, N.C.)",1841,9,15,"seq-2","ed-1",1,"North Carolina",874,1705,364454,173,"students","~/Code/hcij_lynching_phase_two/Storage_Older_Versions/latest_articles_aug23/16804_0.txt"
"735","16804_0.txt","uproar again, on the 4th, and the negroes flying in","16804_0",16804,"0",1841-09-15,"https://articleextractor.org/pages/16804/ncu_alligator_ver01/sn85042147/1841/09/15/ed-1/seq-2/1","Yes","","","","x","Several counterfeiters were lynched in St. Louis.  1841","","sn85042147","The North-Carolina standard (Raleigh, N.C.)",1841,9,15,"seq-2","ed-1",1,"North Carolina",874,1705,364454,173,"students","~/Code/hcij_lynching_phase_two/Storage_Older_Versions/latest_articles_aug23/16804_0.txt"
"736","16804_0.txt","all directions. There was no fighting or lynching,","16804_0",16804,"0",1841-09-15,"https://articleextractor.org/pages/16804/ncu_alligator_ver01/sn85042147/1841/09/15/ed-1/seq-2/1","Yes","","","","x","Several counterfeiters were lynched in St. Louis.  1841","","sn85042147","The North-Carolina standard (Raleigh, N.C.)",1841,9,15,"seq-2","ed-1",1,"North Carolina",874,1705,364454,173,"students","~/Code/hcij_lynching_phase_two/Storage_Older_Versions/latest_articles_aug23/16804_0.txt"
"737","16804_0.txt","but the people were taking the negroes into custody","16804_0",16804,"0",1841-09-15,"https://articleextractor.org/pages/16804/ncu_alligator_ver01/sn85042147/1841/09/15/ed-1/seq-2/1","Yes","","","","x","Several counterfeiters were lynched in St. Louis.  1841","","sn85042147","The North-Carolina standard (Raleigh, N.C.)",1841,9,15,"seq-2","ed-1",1,"North Carolina",874,1705,364454,173,"students","~/Code/hcij_lynching_phase_two/Storage_Older_Versions/latest_articles_aug23/16804_0.txt"
"738","16804_0.txt","as fast as they could be caught, with the design","16804_0",16804,"0",1841-09-15,"https://articleextractor.org/pages/16804/ncu_alligator_ver01/sn85042147/1841/09/15/ed-1/seq-2/1","Yes","","","","x","Several counterfeiters were lynched in St. Louis.  1841","","sn85042147","The North-Carolina standard (Raleigh, N.C.)",1841,9,15,"seq-2","ed-1",1,"North Carolina",874,1705,364454,173,"students","~/Code/hcij_lynching_phase_two/Storage_Older_Versions/latest_articles_aug23/16804_0.txt"
"739","16804_0.txt","of enforcing a law which requires all colored","16804_0",16804,"0",1841-09-15,"https://articleextractor.org/pages/16804/ncu_alligator_ver01/sn85042147/1841/09/15/ed-1/seq-2/1","Yes","","","","x","Several counterfeiters were lynched in St. Louis.  1841","","sn85042147","The North-Carolina standard (Raleigh, N.C.)",1841,9,15,"seq-2","ed-1",1,"North Carolina",874,1705,364454,173,"students","~/Code/hcij_lynching_phase_two/Storage_Older_Versions/latest_articles_aug23/16804_0.txt"
"740","16804_0.txt","residents","16804_0",16804,"0",1841-09-15,"https://articleextractor.org/pages/16804/ncu_alligator_ver01/sn85042147/1841/09/15/ed-1/seq-2/1","Yes","","","","x","Several counterfeiters were lynched in St. Louis.  1841","","sn85042147","The North-Carolina standard (Raleigh, N.C.)",1841,9,15,"seq-2","ed-1",1,"North Carolina",874,1705,364454,173,"students","~/Code/hcij_lynching_phase_two/Storage_Older_Versions/latest_articles_aug23/16804_0.txt"
"741","16804_0.txt","of Ohio to give bond for their","16804_0",16804,"0",1841-09-15,"https://articleextractor.org/pages/16804/ncu_alligator_ver01/sn85042147/1841/09/15/ed-1/seq-2/1","Yes","","","","x","Several counterfeiters were lynched in St. Louis.  1841","","sn85042147","The North-Carolina standard (Raleigh, N.C.)",1841,9,15,"seq-2","ed-1",1,"North Carolina",874,1705,364454,173,"students","~/Code/hcij_lynching_phase_two/Storage_Older_Versions/latest_articles_aug23/16804_0.txt"
"742","16804_0.txt","good","16804_0",16804,"0",1841-09-15,"https://articleextractor.org/pages/16804/ncu_alligator_ver01/sn85042147/1841/09/15/ed-1/seq-2/1","Yes","","","","x","Several counterfeiters were lynched in St. Louis.  1841","","sn85042147","The North-Carolina standard (Raleigh, N.C.)",1841,9,15,"seq-2","ed-1",1,"North Carolina",874,1705,364454,173,"students","~/Code/hcij_lynching_phase_two/Storage_Older_Versions/latest_articles_aug23/16804_0.txt"
"743","16804_0.txt","or leave the State. behavior","16804_0",16804,"0",1841-09-15,"https://articleextractor.org/pages/16804/ncu_alligator_ver01/sn85042147/1841/09/15/ed-1/seq-2/1","Yes","","","","x","Several counterfeiters were lynched in St. Louis.  1841","","sn85042147","The North-Carolina standard (Raleigh, N.C.)",1841,9,15,"seq-2","ed-1",1,"North Carolina",874,1705,364454,173,"students","~/Code/hcij_lynching_phase_two/Storage_Older_Versions/latest_articles_aug23/16804_0.txt"
"744","16806_0.txt","The remaining four ruffians made their","16806_0",16806,"0",1841-09-02,"https://articleextractor.org/pages/16806/wvu_jacob_ver01/sn84026784/1841/09/02/ed-1/seq-1/1","Yes","","","","x","23 counterfeiters were lynched by being drowned in the Arkansas River.  1841","","sn84026784",NA,1841,9,2,"seq-1","ed-1",1,"West Virginia",875,1706,699942,174,"students","~/Code/hcij_lynching_phase_two/Storage_Older_Versions/latest_articles_aug23/16806_0.txt"
"745","16806_0.txt","escape to the lowa side of the river, and","16806_0",16806,"0",1841-09-02,"https://articleextractor.org/pages/16806/wvu_jacob_ver01/sn84026784/1841/09/02/ed-1/seq-1/1","Yes","","","","x","23 counterfeiters were lynched by being drowned in the Arkansas River.  1841","","sn84026784",NA,1841,9,2,"seq-1","ed-1",1,"West Virginia",875,1706,699942,174,"students","~/Code/hcij_lynching_phase_two/Storage_Older_Versions/latest_articles_aug23/16806_0.txt"
"746","16806_0.txt","there succeeded in rallying a mob, who","16806_0",16806,"0",1841-09-02,"https://articleextractor.org/pages/16806/wvu_jacob_ver01/sn84026784/1841/09/02/ed-1/seq-1/1","Yes","","","","x","23 counterfeiters were lynched by being drowned in the Arkansas River.  1841","","sn84026784",NA,1841,9,2,"seq-1","ed-1",1,"West Virginia",875,1706,699942,174,"students","~/Code/hcij_lynching_phase_two/Storage_Older_Versions/latest_articles_aug23/16806_0.txt"
"747","16806_0.txt","came over in a ferry boat and recaptured","16806_0",16806,"0",1841-09-02,"https://articleextractor.org/pages/16806/wvu_jacob_ver01/sn84026784/1841/09/02/ed-1/seq-1/1","Yes","","","","x","23 counterfeiters were lynched by being drowned in the Arkansas River.  1841","","sn84026784",NA,1841,9,2,"seq-1","ed-1",1,"West Virginia",875,1706,699942,174,"students","~/Code/hcij_lynching_phase_two/Storage_Older_Versions/latest_articles_aug23/16806_0.txt"
"748","16806_0.txt","Fisher. This was in the middle of the","16806_0",16806,"0",1841-09-02,"https://articleextractor.org/pages/16806/wvu_jacob_ver01/sn84026784/1841/09/02/ed-1/seq-1/1","Yes","","","","x","23 counterfeiters were lynched by being drowned in the Arkansas River.  1841","","sn84026784",NA,1841,9,2,"seq-1","ed-1",1,"West Virginia",875,1706,699942,174,"students","~/Code/hcij_lynching_phase_two/Storage_Older_Versions/latest_articles_aug23/16806_0.txt"
"749","16806_0.txt","afternoon. Fisher was taken some 70","16806_0",16806,"0",1841-09-02,"https://articleextractor.org/pages/16806/wvu_jacob_ver01/sn84026784/1841/09/02/ed-1/seq-1/1","Yes","","","","x","23 counterfeiters were lynched by being drowned in the Arkansas River.  1841","","sn84026784",NA,1841,9,2,"seq-1","ed-1",1,"West Virginia",875,1706,699942,174,"students","~/Code/hcij_lynching_phase_two/Storage_Older_Versions/latest_articles_aug23/16806_0.txt"
"750","16806_0.txt","yards from the road, tied with a chain and","16806_0",16806,"0",1841-09-02,"https://articleextractor.org/pages/16806/wvu_jacob_ver01/sn84026784/1841/09/02/ed-1/seq-1/1","Yes","","","","x","23 counterfeiters were lynched by being drowned in the Arkansas River.  1841","","sn84026784",NA,1841,9,2,"seq-1","ed-1",1,"West Virginia",875,1706,699942,174,"students","~/Code/hcij_lynching_phase_two/Storage_Older_Versions/latest_articles_aug23/16806_0.txt"
"751","16806_0.txt","rope, and a guard of two men, armed with","16806_0",16806,"0",1841-09-02,"https://articleextractor.org/pages/16806/wvu_jacob_ver01/sn84026784/1841/09/02/ed-1/seq-1/1","Yes","","","","x","23 counterfeiters were lynched by being drowned in the Arkansas River.  1841","","sn84026784",NA,1841,9,2,"seq-1","ed-1",1,"West Virginia",875,1706,699942,174,"students","~/Code/hcij_lynching_phase_two/Storage_Older_Versions/latest_articles_aug23/16806_0.txt"
"752","16806_0.txt","knives and pistols, placed over him,","16806_0",16806,"0",1841-09-02,"https://articleextractor.org/pages/16806/wvu_jacob_ver01/sn84026784/1841/09/02/ed-1/seq-1/1","Yes","","","","x","23 counterfeiters were lynched by being drowned in the Arkansas River.  1841","","sn84026784",NA,1841,9,2,"seq-1","ed-1",1,"West Virginia",875,1706,699942,174,"students","~/Code/hcij_lynching_phase_two/Storage_Older_Versions/latest_articles_aug23/16806_0.txt"
"753","16806_0.txt","told him that if he hallooed instant death","16806_0",16806,"0",1841-09-02,"https://articleextractor.org/pages/16806/wvu_jacob_ver01/sn84026784/1841/09/02/ed-1/seq-1/1","Yes","","","","x","23 counterfeiters were lynched by being drowned in the Arkansas River.  1841","","sn84026784",NA,1841,9,2,"seq-1","ed-1",1,"West Virginia",875,1706,699942,174,"students","~/Code/hcij_lynching_phase_two/Storage_Older_Versions/latest_articles_aug23/16806_0.txt"
"754","16806_0.txt","was his portion. Here he remained till","16806_0",16806,"0",1841-09-02,"https://articleextractor.org/pages/16806/wvu_jacob_ver01/sn84026784/1841/09/02/ed-1/seq-1/1","Yes","","","","x","23 counterfeiters were lynched by being drowned in the Arkansas River.  1841","","sn84026784",NA,1841,9,2,"seq-1","ed-1",1,"West Virginia",875,1706,699942,174,"students","~/Code/hcij_lynching_phase_two/Storage_Older_Versions/latest_articles_aug23/16806_0.txt"
"755","16806_0.txt","dark, when he was taken to the second","16806_0",16806,"0",1841-09-02,"https://articleextractor.org/pages/16806/wvu_jacob_ver01/sn84026784/1841/09/02/ed-1/seq-1/1","Yes","","","","x","23 counterfeiters were lynched by being drowned in the Arkansas River.  1841","","sn84026784",NA,1841,9,2,"seq-1","ed-1",1,"West Virginia",875,1706,699942,174,"students","~/Code/hcij_lynching_phase_two/Storage_Older_Versions/latest_articles_aug23/16806_0.txt"
"756","16806_0.txt","island above Bloomington, and flogged by","16806_0",16806,"0",1841-09-02,"https://articleextractor.org/pages/16806/wvu_jacob_ver01/sn84026784/1841/09/02/ed-1/seq-1/1","Yes","","","","x","23 counterfeiters were lynched by being drowned in the Arkansas River.  1841","","sn84026784",NA,1841,9,2,"seq-1","ed-1",1,"West Virginia",875,1706,699942,174,"students","~/Code/hcij_lynching_phase_two/Storage_Older_Versions/latest_articles_aug23/16806_0.txt"
"757","16806_0.txt","four men until his back, legs and arms,","16806_0",16806,"0",1841-09-02,"https://articleextractor.org/pages/16806/wvu_jacob_ver01/sn84026784/1841/09/02/ed-1/seq-1/1","Yes","","","","x","23 counterfeiters were lynched by being drowned in the Arkansas River.  1841","","sn84026784",NA,1841,9,2,"seq-1","ed-1",1,"West Virginia",875,1706,699942,174,"students","~/Code/hcij_lynching_phase_two/Storage_Older_Versions/latest_articles_aug23/16806_0.txt"
"758","16806_0.txt","were cut into welts. He was then pre-","16806_0",16806,"0",1841-09-02,"https://articleextractor.org/pages/16806/wvu_jacob_ver01/sn84026784/1841/09/02/ed-1/seq-1/1","Yes","","","","x","23 counterfeiters were lynched by being drowned in the Arkansas River.  1841","","sn84026784",NA,1841,9,2,"seq-1","ed-1",1,"West Virginia",875,1706,699942,174,"students","~/Code/hcij_lynching_phase_two/Storage_Older_Versions/latest_articles_aug23/16806_0.txt"
"759","16806_0.txt","sented with a lie- bill to sign; refusing to","16806_0",16806,"0",1841-09-02,"https://articleextractor.org/pages/16806/wvu_jacob_ver01/sn84026784/1841/09/02/ed-1/seq-1/1","Yes","","","","x","23 counterfeiters were lynched by being drowned in the Arkansas River.  1841","","sn84026784",NA,1841,9,2,"seq-1","ed-1",1,"West Virginia",875,1706,699942,174,"students","~/Code/hcij_lynching_phase_two/Storage_Older_Versions/latest_articles_aug23/16806_0.txt"
"760","16806_0.txt","do which, he was again put in a cacoe in","16806_0",16806,"0",1841-09-02,"https://articleextractor.org/pages/16806/wvu_jacob_ver01/sn84026784/1841/09/02/ed-1/seq-1/1","Yes","","","","x","23 counterfeiters were lynched by being drowned in the Arkansas River.  1841","","sn84026784",NA,1841,9,2,"seq-1","ed-1",1,"West Virginia",875,1706,699942,174,"students","~/Code/hcij_lynching_phase_two/Storage_Older_Versions/latest_articles_aug23/16806_0.txt"
"761","16806_0.txt","which was a large stone, while two men","16806_0",16806,"0",1841-09-02,"https://articleextractor.org/pages/16806/wvu_jacob_ver01/sn84026784/1841/09/02/ed-1/seq-1/1","Yes","","","","x","23 counterfeiters were lynched by being drowned in the Arkansas River.  1841","","sn84026784",NA,1841,9,2,"seq-1","ed-1",1,"West Virginia",875,1706,699942,174,"students","~/Code/hcij_lynching_phase_two/Storage_Older_Versions/latest_articles_aug23/16806_0.txt"
"762","16806_0.txt","occupied another canoe, and both proceeded","16806_0",16806,"0",1841-09-02,"https://articleextractor.org/pages/16806/wvu_jacob_ver01/sn84026784/1841/09/02/ed-1/seq-1/1","Yes","","","","x","23 counterfeiters were lynched by being drowned in the Arkansas River.  1841","","sn84026784",NA,1841,9,2,"seq-1","ed-1",1,"West Virginia",875,1706,699942,174,"students","~/Code/hcij_lynching_phase_two/Storage_Older_Versions/latest_articles_aug23/16806_0.txt"
"763","16806_0.txt","down the river. On getting opposite","16806_0",16806,"0",1841-09-02,"https://articleextractor.org/pages/16806/wvu_jacob_ver01/sn84026784/1841/09/02/ed-1/seq-1/1","Yes","","","","x","23 counterfeiters were lynched by being drowned in the Arkansas River.  1841","","sn84026784",NA,1841,9,2,"seq-1","ed-1",1,"West Virginia",875,1706,699942,174,"students","~/Code/hcij_lynching_phase_two/Storage_Older_Versions/latest_articles_aug23/16806_0.txt"
"764","16806_0.txt","Burlington, a gun was heard to fire,","16806_0",16806,"0",1841-09-02,"https://articleextractor.org/pages/16806/wvu_jacob_ver01/sn84026784/1841/09/02/ed-1/seq-1/1","Yes","","","","x","23 counterfeiters were lynched by being drowned in the Arkansas River.  1841","","sn84026784",NA,1841,9,2,"seq-1","ed-1",1,"West Virginia",875,1706,699942,174,"students","~/Code/hcij_lynching_phase_two/Storage_Older_Versions/latest_articles_aug23/16806_0.txt"
"765","16806_0.txt","and soon after three others. The","16806_0",16806,"0",1841-09-02,"https://articleextractor.org/pages/16806/wvu_jacob_ver01/sn84026784/1841/09/02/ed-1/seq-1/1","Yes","","","","x","23 counterfeiters were lynched by being drowned in the Arkansas River.  1841","","sn84026784",NA,1841,9,2,"seq-1","ed-1",1,"West Virginia",875,1706,699942,174,"students","~/Code/hcij_lynching_phase_two/Storage_Older_Versions/latest_articles_aug23/16806_0.txt"
"766","16806_0.txt","becoming alarmed, separated raffians","16806_0",16806,"0",1841-09-02,"https://articleextractor.org/pages/16806/wvu_jacob_ver01/sn84026784/1841/09/02/ed-1/seq-1/1","Yes","","","","x","23 counterfeiters were lynched by being drowned in the Arkansas River.  1841","","sn84026784",NA,1841,9,2,"seq-1","ed-1",1,"West Virginia",875,1706,699942,174,"students","~/Code/hcij_lynching_phase_two/Storage_Older_Versions/latest_articles_aug23/16806_0.txt"
"767","16808_0.txt","darkness of the night. Then the pulse had","16808_0",16808,"0",1841-12-28,"https://articleextractor.org/pages/16808/whi_dynamite_ver01/sn85040303/1841/12/28/ed-1/seq-1/1","Yes","Yes","yes, 90","","x","Mob attempted to murder Mr. Carey in Houston, Texas. His slave notified him and he was able to escape. 1841","","sn85040303","Southport telegraph (Southport, W.T....)",1841,12,28,"seq-1","ed-1",1,"Wisconsin",878,1709,690696,177,"students","~/Code/hcij_lynching_phase_two/Storage_Older_Versions/latest_articles_aug23/16808_0.txt"
"768","16808_0.txt","to boat its last throb, and the cold hand of","16808_0",16808,"0",1841-12-28,"https://articleextractor.org/pages/16808/whi_dynamite_ver01/sn85040303/1841/12/28/ed-1/seq-1/1","Yes","Yes","yes, 90","","x","Mob attempted to murder Mr. Carey in Houston, Texas. His slave notified him and he was able to escape. 1841","","sn85040303","Southport telegraph (Southport, W.T....)",1841,12,28,"seq-1","ed-1",1,"Wisconsin",878,1709,690696,177,"students","~/Code/hcij_lynching_phase_two/Storage_Older_Versions/latest_articles_aug23/16808_0.txt"
"769","16808_0.txt","death steal away the last expiring breath.","16808_0",16808,"0",1841-12-28,"https://articleextractor.org/pages/16808/whi_dynamite_ver01/sn85040303/1841/12/28/ed-1/seq-1/1","Yes","Yes","yes, 90","","x","Mob attempted to murder Mr. Carey in Houston, Texas. His slave notified him and he was able to escape. 1841","","sn85040303","Southport telegraph (Southport, W.T....)",1841,12,28,"seq-1","ed-1",1,"Wisconsin",878,1709,690696,177,"students","~/Code/hcij_lynching_phase_two/Storage_Older_Versions/latest_articles_aug23/16808_0.txt"
"770","16808_0.txt","Fortunately a faithful negro servant of","16808_0",16808,"0",1841-12-28,"https://articleextractor.org/pages/16808/whi_dynamite_ver01/sn85040303/1841/12/28/ed-1/seq-1/1","Yes","Yes","yes, 90","","x","Mob attempted to murder Mr. Carey in Houston, Texas. His slave notified him and he was able to escape. 1841","","sn85040303","Southport telegraph (Southport, W.T....)",1841,12,28,"seq-1","ed-1",1,"Wisconsin",878,1709,690696,177,"students","~/Code/hcij_lynching_phase_two/Storage_Older_Versions/latest_articles_aug23/16808_0.txt"
"771","16808_0.txt","Mr. Carey had heard of the intended mur","16808_0",16808,"0",1841-12-28,"https://articleextractor.org/pages/16808/whi_dynamite_ver01/sn85040303/1841/12/28/ed-1/seq-1/1","Yes","Yes","yes, 90","","x","Mob attempted to murder Mr. Carey in Houston, Texas. His slave notified him and he was able to escape. 1841","","sn85040303","Southport telegraph (Southport, W.T....)",1841,12,28,"seq-1","ed-1",1,"Wisconsin",878,1709,690696,177,"students","~/Code/hcij_lynching_phase_two/Storage_Older_Versions/latest_articles_aug23/16808_0.txt"
"772","16808_0.txt","der, and communicated the design to his","16808_0",16808,"0",1841-12-28,"https://articleextractor.org/pages/16808/whi_dynamite_ver01/sn85040303/1841/12/28/ed-1/seq-1/1","Yes","Yes","yes, 90","","x","Mob attempted to murder Mr. Carey in Houston, Texas. His slave notified him and he was able to escape. 1841","","sn85040303","Southport telegraph (Southport, W.T....)",1841,12,28,"seq-1","ed-1",1,"Wisconsin",878,1709,690696,177,"students","~/Code/hcij_lynching_phase_two/Storage_Older_Versions/latest_articles_aug23/16808_0.txt"
"773","16808_0.txt","master, in sufficient time to give him a","16808_0",16808,"0",1841-12-28,"https://articleextractor.org/pages/16808/whi_dynamite_ver01/sn85040303/1841/12/28/ed-1/seq-1/1","Yes","Yes","yes, 90","","x","Mob attempted to murder Mr. Carey in Houston, Texas. His slave notified him and he was able to escape. 1841","","sn85040303","Southport telegraph (Southport, W.T....)",1841,12,28,"seq-1","ed-1",1,"Wisconsin",878,1709,690696,177,"students","~/Code/hcij_lynching_phase_two/Storage_Older_Versions/latest_articles_aug23/16808_0.txt"
"774","16808_0.txt","chance of escape. He managed to do this","16808_0",16808,"0",1841-12-28,"https://articleextractor.org/pages/16808/whi_dynamite_ver01/sn85040303/1841/12/28/ed-1/seq-1/1","Yes","Yes","yes, 90","","x","Mob attempted to murder Mr. Carey in Houston, Texas. His slave notified him and he was able to escape. 1841","","sn85040303","Southport telegraph (Southport, W.T....)",1841,12,28,"seq-1","ed-1",1,"Wisconsin",878,1709,690696,177,"students","~/Code/hcij_lynching_phase_two/Storage_Older_Versions/latest_articles_aug23/16808_0.txt"
"775","16808_0.txt","and when sufficiently out of the reach of","16808_0",16808,"0",1841-12-28,"https://articleextractor.org/pages/16808/whi_dynamite_ver01/sn85040303/1841/12/28/ed-1/seq-1/1","Yes","Yes","yes, 90","","x","Mob attempted to murder Mr. Carey in Houston, Texas. His slave notified him and he was able to escape. 1841","","sn85040303","Southport telegraph (Southport, W.T....)",1841,12,28,"seq-1","ed-1",1,"Wisconsin",878,1709,690696,177,"students","~/Code/hcij_lynching_phase_two/Storage_Older_Versions/latest_articles_aug23/16808_0.txt"
"776","16808_0.txt","Yoakum made the facts public to the citizens","16808_0",16808,"0",1841-12-28,"https://articleextractor.org/pages/16808/whi_dynamite_ver01/sn85040303/1841/12/28/ed-1/seq-1/1","Yes","Yes","yes, 90","","x","Mob attempted to murder Mr. Carey in Houston, Texas. His slave notified him and he was able to escape. 1841","","sn85040303","Southport telegraph (Southport, W.T....)",1841,12,28,"seq-1","ed-1",1,"Wisconsin",878,1709,690696,177,"students","~/Code/hcij_lynching_phase_two/Storage_Older_Versions/latest_articles_aug23/16808_0.txt"
"777","16808_0.txt","The people no sooner heard of it","16808_0",16808,"0",1841-12-28,"https://articleextractor.org/pages/16808/whi_dynamite_ver01/sn85040303/1841/12/28/ed-1/seq-1/1","Yes","Yes","yes, 90","","x","Mob attempted to murder Mr. Carey in Houston, Texas. His slave notified him and he was able to escape. 1841","","sn85040303","Southport telegraph (Southport, W.T....)",1841,12,28,"seq-1","ed-1",1,"Wisconsin",878,1709,690696,177,"students","~/Code/hcij_lynching_phase_two/Storage_Older_Versions/latest_articles_aug23/16808_0.txt"
"778","16808_0.txt","they were satisfied of its truth; for","16808_0",16808,"0",1841-12-28,"https://articleextractor.org/pages/16808/whi_dynamite_ver01/sn85040303/1841/12/28/ed-1/seq-1/1","Yes","Yes","yes, 90","","x","Mob attempted to murder Mr. Carey in Houston, Texas. His slave notified him and he was able to escape. 1841","","sn85040303","Southport telegraph (Southport, W.T....)",1841,12,28,"seq-1","ed-1",1,"Wisconsin",878,1709,690696,177,"students","~/Code/hcij_lynching_phase_two/Storage_Older_Versions/latest_articles_aug23/16808_0.txt"
"779","16808_0.txt","than the good character of Mr. C. is proverbial.","16808_0",16808,"0",1841-12-28,"https://articleextractor.org/pages/16808/whi_dynamite_ver01/sn85040303/1841/12/28/ed-1/seq-1/1","Yes","Yes","yes, 90","","x","Mob attempted to murder Mr. Carey in Houston, Texas. His slave notified him and he was able to escape. 1841","","sn85040303","Southport telegraph (Southport, W.T....)",1841,12,28,"seq-1","ed-1",1,"Wisconsin",878,1709,690696,177,"students","~/Code/hcij_lynching_phase_two/Storage_Older_Versions/latest_articles_aug23/16808_0.txt"
"780","16808_0.txt","From the Natchitoches Herald.","16808_0",16808,"0",1841-12-28,"https://articleextractor.org/pages/16808/whi_dynamite_ver01/sn85040303/1841/12/28/ed-1/seq-1/1","Yes","Yes","yes, 90","","x","Mob attempted to murder Mr. Carey in Houston, Texas. His slave notified him and he was able to escape. 1841","","sn85040303","Southport telegraph (Southport, W.T....)",1841,12,28,"seq-1","ed-1",1,"Wisconsin",878,1709,690696,177,"students","~/Code/hcij_lynching_phase_two/Storage_Older_Versions/latest_articles_aug23/16808_0.txt"
"781","16808_0.txt","TEXAS- MURDER- LYNCH LAW- LAST","16808_0",16808,"0",1841-12-28,"https://articleextractor.org/pages/16808/whi_dynamite_ver01/sn85040303/1841/12/28/ed-1/seq-1/1","Yes","Yes","yes, 90","","x","Mob attempted to murder Mr. Carey in Houston, Texas. His slave notified him and he was able to escape. 1841","","sn85040303","Southport telegraph (Southport, W.T....)",1841,12,28,"seq-1","ed-1",1,"Wisconsin",878,1709,690696,177,"students","~/Code/hcij_lynching_phase_two/Storage_Older_Versions/latest_articles_aug23/16808_0.txt"
"782","16808_0.txt","OF THE YOAKUM GANG.","16808_0",16808,"0",1841-12-28,"https://articleextractor.org/pages/16808/whi_dynamite_ver01/sn85040303/1841/12/28/ed-1/seq-1/1","Yes","Yes","yes, 90","","x","Mob attempted to murder Mr. Carey in Houston, Texas. His slave notified him and he was able to escape. 1841","","sn85040303","Southport telegraph (Southport, W.T....)",1841,12,28,"seq-1","ed-1",1,"Wisconsin",878,1709,690696,177,"students","~/Code/hcij_lynching_phase_two/Storage_Older_Versions/latest_articles_aug23/16808_0.txt"
"783","16808_0.txt","We have been put in possession of the","16808_0",16808,"0",1841-12-28,"https://articleextractor.org/pages/16808/whi_dynamite_ver01/sn85040303/1841/12/28/ed-1/seq-1/1","Yes","Yes","yes, 90","","x","Mob attempted to murder Mr. Carey in Houston, Texas. His slave notified him and he was able to escape. 1841","","sn85040303","Southport telegraph (Southport, W.T....)",1841,12,28,"seq-1","ed-1",1,"Wisconsin",878,1709,690696,177,"students","~/Code/hcij_lynching_phase_two/Storage_Older_Versions/latest_articles_aug23/16808_0.txt"
"784","16808_0.txt","facts in relation to this affair, which sone","16808_0",16808,"0",1841-12-28,"https://articleextractor.org/pages/16808/whi_dynamite_ver01/sn85040303/1841/12/28/ed-1/seq-1/1","Yes","Yes","yes, 90","","x","Mob attempted to murder Mr. Carey in Houston, Texas. His slave notified him and he was able to escape. 1841","","sn85040303","Southport telegraph (Southport, W.T....)",1841,12,28,"seq-1","ed-1",1,"Wisconsin",878,1709,690696,177,"students","~/Code/hcij_lynching_phase_two/Storage_Older_Versions/latest_articles_aug23/16808_0.txt"
"785","16808_0.txt","The","16808_0",16808,"0",1841-12-28,"https://articleextractor.org/pages/16808/whi_dynamite_ver01/sn85040303/1841/12/28/ed-1/seq-1/1","Yes","Yes","yes, 90","","x","Mob attempted to murder Mr. Carey in Houston, Texas. His slave notified him and he was able to escape. 1841","","sn85040303","Southport telegraph (Southport, W.T....)",1841,12,28,"seq-1","ed-1",1,"Wisconsin",878,1709,690696,177,"students","~/Code/hcij_lynching_phase_two/Storage_Older_Versions/latest_articles_aug23/16808_0.txt"
"786","16808_0.txt","the last Texas Tragedies.","16808_0",16808,"0",1841-12-28,"https://articleextractor.org/pages/16808/whi_dynamite_ver01/sn85040303/1841/12/28/ed-1/seq-1/1","Yes","Yes","yes, 90","","x","Mob attempted to murder Mr. Carey in Houston, Texas. His slave notified him and he was able to escape. 1841","","sn85040303","Southport telegraph (Southport, W.T....)",1841,12,28,"seq-1","ed-1",1,"Wisconsin",878,1709,690696,177,"students","~/Code/hcij_lynching_phase_two/Storage_Older_Versions/latest_articles_aug23/16808_0.txt"
"787","16808_0.txt","among","16808_0",16808,"0",1841-12-28,"https://articleextractor.org/pages/16808/whi_dynamite_ver01/sn85040303/1841/12/28/ed-1/seq-1/1","Yes","Yes","yes, 90","","x","Mob attempted to murder Mr. Carey in Houston, Texas. His slave notified him and he was able to escape. 1841","","sn85040303","Southport telegraph (Southport, W.T....)",1841,12,28,"seq-1","ed-1",1,"Wisconsin",878,1709,690696,177,"students","~/Code/hcij_lynching_phase_two/Storage_Older_Versions/latest_articles_aug23/16808_0.txt"
"788","16808_0.txt","citizens of Jefferson County, it appears,","16808_0",16808,"0",1841-12-28,"https://articleextractor.org/pages/16808/whi_dynamite_ver01/sn85040303/1841/12/28/ed-1/seq-1/1","Yes","Yes","yes, 90","","x","Mob attempted to murder Mr. Carey in Houston, Texas. His slave notified him and he was able to escape. 1841","","sn85040303","Southport telegraph (Southport, W.T....)",1841,12,28,"seq-1","ed-1",1,"Wisconsin",878,1709,690696,177,"students","~/Code/hcij_lynching_phase_two/Storage_Older_Versions/latest_articles_aug23/16808_0.txt"
"789","16808_0.txt","have long suffered from their outrages,","16808_0",16808,"0",1841-12-28,"https://articleextractor.org/pages/16808/whi_dynamite_ver01/sn85040303/1841/12/28/ed-1/seq-1/1","Yes","Yes","yes, 90","","x","Mob attempted to murder Mr. Carey in Houston, Texas. His slave notified him and he was able to escape. 1841","","sn85040303","Southport telegraph (Southport, W.T....)",1841,12,28,"seq-1","ed-1",1,"Wisconsin",878,1709,690696,177,"students","~/Code/hcij_lynching_phase_two/Storage_Older_Versions/latest_articles_aug23/16808_0.txt"
"790","16808_0.txt","and from their numbers and recklessness","16808_0",16808,"0",1841-12-28,"https://articleextractor.org/pages/16808/whi_dynamite_ver01/sn85040303/1841/12/28/ed-1/seq-1/1","Yes","Yes","yes, 90","","x","Mob attempted to murder Mr. Carey in Houston, Texas. His slave notified him and he was able to escape. 1841","","sn85040303","Southport telegraph (Southport, W.T....)",1841,12,28,"seq-1","ed-1",1,"Wisconsin",878,1709,690696,177,"students","~/Code/hcij_lynching_phase_two/Storage_Older_Versions/latest_articles_aug23/16808_0.txt"
"791","16808_0.txt","of character, it seemed impossible to arrest","16808_0",16808,"0",1841-12-28,"https://articleextractor.org/pages/16808/whi_dynamite_ver01/sn85040303/1841/12/28/ed-1/seq-1/1","Yes","Yes","yes, 90","","x","Mob attempted to murder Mr. Carey in Houston, Texas. His slave notified him and he was able to escape. 1841","","sn85040303","Southport telegraph (Southport, W.T....)",1841,12,28,"seq-1","ed-1",1,"Wisconsin",878,1709,690696,177,"students","~/Code/hcij_lynching_phase_two/Storage_Older_Versions/latest_articles_aug23/16808_0.txt"
"792","16808_0.txt","their injuries by the hand of civil power.","16808_0",16808,"0",1841-12-28,"https://articleextractor.org/pages/16808/whi_dynamite_ver01/sn85040303/1841/12/28/ed-1/seq-1/1","Yes","Yes","yes, 90","","x","Mob attempted to murder Mr. Carey in Houston, Texas. His slave notified him and he was able to escape. 1841","","sn85040303","Southport telegraph (Southport, W.T....)",1841,12,28,"seq-1","ed-1",1,"Wisconsin",878,1709,690696,177,"students","~/Code/hcij_lynching_phase_two/Storage_Older_Versions/latest_articles_aug23/16808_0.txt"
"793","16808_0.txt","Cattle have been stolen, robberies committed","16808_0",16808,"0",1841-12-28,"https://articleextractor.org/pages/16808/whi_dynamite_ver01/sn85040303/1841/12/28/ed-1/seq-1/1","Yes","Yes","yes, 90","","x","Mob attempted to murder Mr. Carey in Houston, Texas. His slave notified him and he was able to escape. 1841","","sn85040303","Southport telegraph (Southport, W.T....)",1841,12,28,"seq-1","ed-1",1,"Wisconsin",878,1709,690696,177,"students","~/Code/hcij_lynching_phase_two/Storage_Older_Versions/latest_articles_aug23/16808_0.txt"
"794","16808_0.txt",", and citizens insulted and murdered;","16808_0",16808,"0",1841-12-28,"https://articleextractor.org/pages/16808/whi_dynamite_ver01/sn85040303/1841/12/28/ed-1/seq-1/1","Yes","Yes","yes, 90","","x","Mob attempted to murder Mr. Carey in Houston, Texas. His slave notified him and he was able to escape. 1841","","sn85040303","Southport telegraph (Southport, W.T....)",1841,12,28,"seq-1","ed-1",1,"Wisconsin",878,1709,690696,177,"students","~/Code/hcij_lynching_phase_two/Storage_Older_Versions/latest_articles_aug23/16808_0.txt"
"795","16808_0.txt","but still, whenever they were arrested on","16808_0",16808,"0",1841-12-28,"https://articleextractor.org/pages/16808/whi_dynamite_ver01/sn85040303/1841/12/28/ed-1/seq-1/1","Yes","Yes","yes, 90","","x","Mob attempted to murder Mr. Carey in Houston, Texas. His slave notified him and he was able to escape. 1841","","sn85040303","Southport telegraph (Southport, W.T....)",1841,12,28,"seq-1","ed-1",1,"Wisconsin",878,1709,690696,177,"students","~/Code/hcij_lynching_phase_two/Storage_Older_Versions/latest_articles_aug23/16808_0.txt"
"796","16808_0.txt","the charge, the gang came forward with","16808_0",16808,"0",1841-12-28,"https://articleextractor.org/pages/16808/whi_dynamite_ver01/sn85040303/1841/12/28/ed-1/seq-1/1","Yes","Yes","yes, 90","","x","Mob attempted to murder Mr. Carey in Houston, Texas. His slave notified him and he was able to escape. 1841","","sn85040303","Southport telegraph (Southport, W.T....)",1841,12,28,"seq-1","ed-1",1,"Wisconsin",878,1709,690696,177,"students","~/Code/hcij_lynching_phase_two/Storage_Older_Versions/latest_articles_aug23/16808_0.txt"
"797","16808_0.txt","perjured oaths, and they were acquitted.ling","16808_0",16808,"0",1841-12-28,"https://articleextractor.org/pages/16808/whi_dynamite_ver01/sn85040303/1841/12/28/ed-1/seq-1/1","Yes","Yes","yes, 90","","x","Mob attempted to murder Mr. Carey in Houston, Texas. His slave notified him and he was able to escape. 1841","","sn85040303","Southport telegraph (Southport, W.T....)",1841,12,28,"seq-1","ed-1",1,"Wisconsin",878,1709,690696,177,"students","~/Code/hcij_lynching_phase_two/Storage_Older_Versions/latest_articles_aug23/16808_0.txt"
"798","16808_0.txt","6 Yoakum' was hardened into the most inveterate","16808_0",16808,"0",1841-12-28,"https://articleextractor.org/pages/16808/whi_dynamite_ver01/sn85040303/1841/12/28/ed-1/seq-1/1","Yes","Yes","yes, 90","","x","Mob attempted to murder Mr. Carey in Houston, Texas. His slave notified him and he was able to escape. 1841","","sn85040303","Southport telegraph (Southport, W.T....)",1841,12,28,"seq-1","ed-1",1,"Wisconsin",878,1709,690696,177,"students","~/Code/hcij_lynching_phase_two/Storage_Older_Versions/latest_articles_aug23/16808_0.txt"
"799","16808_0.txt","degree of erime, and seemed but","16808_0",16808,"0",1841-12-28,"https://articleextractor.org/pages/16808/whi_dynamite_ver01/sn85040303/1841/12/28/ed-1/seq-1/1","Yes","Yes","yes, 90","","x","Mob attempted to murder Mr. Carey in Houston, Texas. His slave notified him and he was able to escape. 1841","","sn85040303","Southport telegraph (Southport, W.T....)",1841,12,28,"seq-1","ed-1",1,"Wisconsin",878,1709,690696,177,"students","~/Code/hcij_lynching_phase_two/Storage_Older_Versions/latest_articles_aug23/16808_0.txt"
"800","16808_0.txt","to reap enjoyment by pursuing the most","16808_0",16808,"0",1841-12-28,"https://articleextractor.org/pages/16808/whi_dynamite_ver01/sn85040303/1841/12/28/ed-1/seq-1/1","Yes","Yes","yes, 90","","x","Mob attempted to murder Mr. Carey in Houston, Texas. His slave notified him and he was able to escape. 1841","","sn85040303","Southport telegraph (Southport, W.T....)",1841,12,28,"seq-1","ed-1",1,"Wisconsin",878,1709,690696,177,"students","~/Code/hcij_lynching_phase_two/Storage_Older_Versions/latest_articles_aug23/16808_0.txt"
"801","16808_0.txt","fiendish acts of roberry and murder. It is","16808_0",16808,"0",1841-12-28,"https://articleextractor.org/pages/16808/whi_dynamite_ver01/sn85040303/1841/12/28/ed-1/seq-1/1","Yes","Yes","yes, 90","","x","Mob attempted to murder Mr. Carey in Houston, Texas. His slave notified him and he was able to escape. 1841","","sn85040303","Southport telegraph (Southport, W.T....)",1841,12,28,"seq-1","ed-1",1,"Wisconsin",878,1709,690696,177,"students","~/Code/hcij_lynching_phase_two/Storage_Older_Versions/latest_articles_aug23/16808_0.txt"
"802","16808_0.txt","a most singular instance of the effects of","16808_0",16808,"0",1841-12-28,"https://articleextractor.org/pages/16808/whi_dynamite_ver01/sn85040303/1841/12/28/ed-1/seq-1/1","Yes","Yes","yes, 90","","x","Mob attempted to murder Mr. Carey in Houston, Texas. His slave notified him and he was able to escape. 1841","","sn85040303","Southport telegraph (Southport, W.T....)",1841,12,28,"seq-1","ed-1",1,"Wisconsin",878,1709,690696,177,"students","~/Code/hcij_lynching_phase_two/Storage_Older_Versions/latest_articles_aug23/16808_0.txt"
"803","16808_0.txt","habit. He was a rich and affluent planter,","16808_0",16808,"0",1841-12-28,"https://articleextractor.org/pages/16808/whi_dynamite_ver01/sn85040303/1841/12/28/ed-1/seq-1/1","Yes","Yes","yes, 90","","x","Mob attempted to murder Mr. Carey in Houston, Texas. His slave notified him and he was able to escape. 1841","","sn85040303","Southport telegraph (Southport, W.T....)",1841,12,28,"seq-1","ed-1",1,"Wisconsin",878,1709,690696,177,"students","~/Code/hcij_lynching_phase_two/Storage_Older_Versions/latest_articles_aug23/16808_0.txt"
"804","16808_0.txt","and lived in a sumptuous and most magni","16808_0",16808,"0",1841-12-28,"https://articleextractor.org/pages/16808/whi_dynamite_ver01/sn85040303/1841/12/28/ed-1/seq-1/1","Yes","Yes","yes, 90","","x","Mob attempted to murder Mr. Carey in Houston, Texas. His slave notified him and he was able to escape. 1841","","sn85040303","Southport telegraph (Southport, W.T....)",1841,12,28,"seq-1","ed-1",1,"Wisconsin",878,1709,690696,177,"students","~/Code/hcij_lynching_phase_two/Storage_Older_Versions/latest_articles_aug23/16808_0.txt"
"805","16808_0.txt","ficient manner- kept a splendid equipage","16808_0",16808,"0",1841-12-28,"https://articleextractor.org/pages/16808/whi_dynamite_ver01/sn85040303/1841/12/28/ed-1/seq-1/1","Yes","Yes","yes, 90","","x","Mob attempted to murder Mr. Carey in Houston, Texas. His slave notified him and he was able to escape. 1841","","sn85040303","Southport telegraph (Southport, W.T....)",1841,12,28,"seq-1","ed-1",1,"Wisconsin",878,1709,690696,177,"students","~/Code/hcij_lynching_phase_two/Storage_Older_Versions/latest_articles_aug23/16808_0.txt"
"806","16808_0.txt","-owned over a hundred negroes, and","16808_0",16808,"0",1841-12-28,"https://articleextractor.org/pages/16808/whi_dynamite_ver01/sn85040303/1841/12/28/ed-1/seq-1/1","Yes","Yes","yes, 90","","x","Mob attempted to murder Mr. Carey in Houston, Texas. His slave notified him and he was able to escape. 1841","","sn85040303","Southport telegraph (Southport, W.T....)",1841,12,28,"seq-1","ed-1",1,"Wisconsin",878,1709,690696,177,"students","~/Code/hcij_lynching_phase_two/Storage_Older_Versions/latest_articles_aug23/16808_0.txt"
"807","16808_0.txt","large tracts of land- had constantly about","16808_0",16808,"0",1841-12-28,"https://articleextractor.org/pages/16808/whi_dynamite_ver01/sn85040303/1841/12/28/ed-1/seq-1/1","Yes","Yes","yes, 90","","x","Mob attempted to murder Mr. Carey in Houston, Texas. His slave notified him and he was able to escape. 1841","","sn85040303","Southport telegraph (Southport, W.T....)",1841,12,28,"seq-1","ed-1",1,"Wisconsin",878,1709,690696,177,"students","~/Code/hcij_lynching_phase_two/Storage_Older_Versions/latest_articles_aug23/16808_0.txt"
"808","16808_0.txt","a hundred breeding mares; made a yearly","16808_0",16808,"0",1841-12-28,"https://articleextractor.org/pages/16808/whi_dynamite_ver01/sn85040303/1841/12/28/ed-1/seq-1/1","Yes","Yes","yes, 90","","x","Mob attempted to murder Mr. Carey in Houston, Texas. His slave notified him and he was able to escape. 1841","","sn85040303","Southport telegraph (Southport, W.T....)",1841,12,28,"seq-1","ed-1",1,"Wisconsin",878,1709,690696,177,"students","~/Code/hcij_lynching_phase_two/Storage_Older_Versions/latest_articles_aug23/16808_0.txt"
"809","16808_0.txt","sale of fifteen hundred cattle, and had a","16808_0",16808,"0",1841-12-28,"https://articleextractor.org/pages/16808/whi_dynamite_ver01/sn85040303/1841/12/28/ed-1/seq-1/1","Yes","Yes","yes, 90","","x","Mob attempted to murder Mr. Carey in Houston, Texas. His slave notified him and he was able to escape. 1841","","sn85040303","Southport telegraph (Southport, W.T....)",1841,12,28,"seq-1","ed-1",1,"Wisconsin",878,1709,690696,177,"students","~/Code/hcij_lynching_phase_two/Storage_Older_Versions/latest_articles_aug23/16808_0.txt"
"810","16808_0.txt","large revenue coming in from other sour","16808_0",16808,"0",1841-12-28,"https://articleextractor.org/pages/16808/whi_dynamite_ver01/sn85040303/1841/12/28/ed-1/seq-1/1","Yes","Yes","yes, 90","","x","Mob attempted to murder Mr. Carey in Houston, Texas. His slave notified him and he was able to escape. 1841","","sn85040303","Southport telegraph (Southport, W.T....)",1841,12,28,"seq-1","ed-1",1,"Wisconsin",878,1709,690696,177,"students","~/Code/hcij_lynching_phase_two/Storage_Older_Versions/latest_articles_aug23/16808_0.txt"
"811","16808_0.txt","ces. There is no doubt but that he was","16808_0",16808,"0",1841-12-28,"https://articleextractor.org/pages/16808/whi_dynamite_ver01/sn85040303/1841/12/28/ed-1/seq-1/1","Yes","Yes","yes, 90","","x","Mob attempted to murder Mr. Carey in Houston, Texas. His slave notified him and he was able to escape. 1841","","sn85040303","Southport telegraph (Southport, W.T....)",1841,12,28,"seq-1","ed-1",1,"Wisconsin",878,1709,690696,177,"students","~/Code/hcij_lynching_phase_two/Storage_Older_Versions/latest_articles_aug23/16808_0.txt"
"812","16808_0.txt","the richest man in Texas. Yet, with all","16808_0",16808,"0",1841-12-28,"https://articleextractor.org/pages/16808/whi_dynamite_ver01/sn85040303/1841/12/28/ed-1/seq-1/1","Yes","Yes","yes, 90","","x","Mob attempted to murder Mr. Carey in Houston, Texas. His slave notified him and he was able to escape. 1841","","sn85040303","Southport telegraph (Southport, W.T....)",1841,12,28,"seq-1","ed-1",1,"Wisconsin",878,1709,690696,177,"students","~/Code/hcij_lynching_phase_two/Storage_Older_Versions/latest_articles_aug23/16808_0.txt"
"813","16808_0.txt","this wealth, his disposition to plunder knew","16808_0",16808,"0",1841-12-28,"https://articleextractor.org/pages/16808/whi_dynamite_ver01/sn85040303/1841/12/28/ed-1/seq-1/1","Yes","Yes","yes, 90","","x","Mob attempted to murder Mr. Carey in Houston, Texas. His slave notified him and he was able to escape. 1841","","sn85040303","Southport telegraph (Southport, W.T....)",1841,12,28,"seq-1","ed-1",1,"Wisconsin",878,1709,690696,177,"students","~/Code/hcij_lynching_phase_two/Storage_Older_Versions/latest_articles_aug23/16808_0.txt"
"814","16808_0.txt","no bounds.","16808_0",16808,"0",1841-12-28,"https://articleextractor.org/pages/16808/whi_dynamite_ver01/sn85040303/1841/12/28/ed-1/seq-1/1","Yes","Yes","yes, 90","","x","Mob attempted to murder Mr. Carey in Houston, Texas. His slave notified him and he was able to escape. 1841","","sn85040303","Southport telegraph (Southport, W.T....)",1841,12,28,"seq-1","ed-1",1,"Wisconsin",878,1709,690696,177,"students","~/Code/hcij_lynching_phase_two/Storage_Older_Versions/latest_articles_aug23/16808_0.txt"
"815","16808_0.txt","The cause of his death arose from an","16808_0",16808,"0",1841-12-28,"https://articleextractor.org/pages/16808/whi_dynamite_ver01/sn85040303/1841/12/28/ed-1/seq-1/1","Yes","Yes","yes, 90","","x","Mob attempted to murder Mr. Carey in Houston, Texas. His slave notified him and he was able to escape. 1841","","sn85040303","Southport telegraph (Southport, W.T....)",1841,12,28,"seq-1","ed-1",1,"Wisconsin",878,1709,690696,177,"students","~/Code/hcij_lynching_phase_two/Storage_Older_Versions/latest_articles_aug23/16808_0.txt"
"816","16808_0.txt","abortive attempt to murder Mr. Carey, of","16808_0",16808,"0",1841-12-28,"https://articleextractor.org/pages/16808/whi_dynamite_ver01/sn85040303/1841/12/28/ed-1/seq-1/1","Yes","Yes","yes, 90","","x","Mob attempted to murder Mr. Carey in Houston, Texas. His slave notified him and he was able to escape. 1841","","sn85040303","Southport telegraph (Southport, W.T....)",1841,12,28,"seq-1","ed-1",1,"Wisconsin",878,1709,690696,177,"students","~/Code/hcij_lynching_phase_two/Storage_Older_Versions/latest_articles_aug23/16808_0.txt"
"817","16808_0.txt","Houston County. Mr. C. is a highly respectable","16808_0",16808,"0",1841-12-28,"https://articleextractor.org/pages/16808/whi_dynamite_ver01/sn85040303/1841/12/28/ed-1/seq-1/1","Yes","Yes","yes, 90","","x","Mob attempted to murder Mr. Carey in Houston, Texas. His slave notified him and he was able to escape. 1841","","sn85040303","Southport telegraph (Southport, W.T....)",1841,12,28,"seq-1","ed-1",1,"Wisconsin",878,1709,690696,177,"students","~/Code/hcij_lynching_phase_two/Storage_Older_Versions/latest_articles_aug23/16808_0.txt"
"818","16808_0.txt","and wealthy citizen of the town","16808_0",16808,"0",1841-12-28,"https://articleextractor.org/pages/16808/whi_dynamite_ver01/sn85040303/1841/12/28/ed-1/seq-1/1","Yes","Yes","yes, 90","","x","Mob attempted to murder Mr. Carey in Houston, Texas. His slave notified him and he was able to escape. 1841","","sn85040303","Southport telegraph (Southport, W.T....)",1841,12,28,"seq-1","ed-1",1,"Wisconsin",878,1709,690696,177,"students","~/Code/hcij_lynching_phase_two/Storage_Older_Versions/latest_articles_aug23/16808_0.txt"
"819","16808_0.txt","of Houston, and was, at the time, staying","16808_0",16808,"0",1841-12-28,"https://articleextractor.org/pages/16808/whi_dynamite_ver01/sn85040303/1841/12/28/ed-1/seq-1/1","Yes","Yes","yes, 90","","x","Mob attempted to murder Mr. Carey in Houston, Texas. His slave notified him and he was able to escape. 1841","","sn85040303","Southport telegraph (Southport, W.T....)",1841,12,28,"seq-1","ed-1",1,"Wisconsin",878,1709,690696,177,"students","~/Code/hcij_lynching_phase_two/Storage_Older_Versions/latest_articles_aug23/16808_0.txt"
"820","16808_0.txt","Yoakum He was sus","16808_0",16808,"0",1841-12-28,"https://articleextractor.org/pages/16808/whi_dynamite_ver01/sn85040303/1841/12/28/ed-1/seq-1/1","Yes","Yes","yes, 90","","x","Mob attempted to murder Mr. Carey in Houston, Texas. His slave notified him and he was able to escape. 1841","","sn85040303","Southport telegraph (Southport, W.T....)",1841,12,28,"seq-1","ed-1",1,"Wisconsin",878,1709,690696,177,"students","~/Code/hcij_lynching_phase_two/Storage_Older_Versions/latest_articles_aug23/16808_0.txt"
"821","16808_0.txt","at the residence of.","16808_0",16808,"0",1841-12-28,"https://articleextractor.org/pages/16808/whi_dynamite_ver01/sn85040303/1841/12/28/ed-1/seq-1/1","Yes","Yes","yes, 90","","x","Mob attempted to murder Mr. Carey in Houston, Texas. His slave notified him and he was able to escape. 1841","","sn85040303","Southport telegraph (Southport, W.T....)",1841,12,28,"seq-1","ed-1",1,"Wisconsin",878,1709,690696,177,"students","~/Code/hcij_lynching_phase_two/Storage_Older_Versions/latest_articles_aug23/16808_0.txt"
"822","16808_0.txt","pected of having a large sum of money","16808_0",16808,"0",1841-12-28,"https://articleextractor.org/pages/16808/whi_dynamite_ver01/sn85040303/1841/12/28/ed-1/seq-1/1","Yes","Yes","yes, 90","","x","Mob attempted to murder Mr. Carey in Houston, Texas. His slave notified him and he was able to escape. 1841","","sn85040303","Southport telegraph (Southport, W.T....)",1841,12,28,"seq-1","ed-1",1,"Wisconsin",878,1709,690696,177,"students","~/Code/hcij_lynching_phase_two/Storage_Older_Versions/latest_articles_aug23/16808_0.txt"
"823","16808_0.txt","with him, and Yoakum determined that he","16808_0",16808,"0",1841-12-28,"https://articleextractor.org/pages/16808/whi_dynamite_ver01/sn85040303/1841/12/28/ed-1/seq-1/1","Yes","Yes","yes, 90","","x","Mob attempted to murder Mr. Carey in Houston, Texas. His slave notified him and he was able to escape. 1841","","sn85040303","Southport telegraph (Southport, W.T....)",1841,12,28,"seq-1","ed-1",1,"Wisconsin",878,1709,690696,177,"students","~/Code/hcij_lynching_phase_two/Storage_Older_Versions/latest_articles_aug23/16808_0.txt"
"824","16808_0.txt","The","16808_0",16808,"0",1841-12-28,"https://articleextractor.org/pages/16808/whi_dynamite_ver01/sn85040303/1841/12/28/ed-1/seq-1/1","Yes","Yes","yes, 90","","x","Mob attempted to murder Mr. Carey in Houston, Texas. His slave notified him and he was able to escape. 1841","","sn85040303","Southport telegraph (Southport, W.T....)",1841,12,28,"seq-1","ed-1",1,"Wisconsin",878,1709,690696,177,"students","~/Code/hcij_lynching_phase_two/Storage_Older_Versions/latest_articles_aug23/16808_0.txt"
"825","16808_0.txt","should be murdered while in bed.","16808_0",16808,"0",1841-12-28,"https://articleextractor.org/pages/16808/whi_dynamite_ver01/sn85040303/1841/12/28/ed-1/seq-1/1","Yes","Yes","yes, 90","","x","Mob attempted to murder Mr. Carey in Houston, Texas. His slave notified him and he was able to escape. 1841","","sn85040303","Southport telegraph (Southport, W.T....)",1841,12,28,"seq-1","ed-1",1,"Wisconsin",878,1709,690696,177,"students","~/Code/hcij_lynching_phase_two/Storage_Older_Versions/latest_articles_aug23/16808_0.txt"
"826","16808_0.txt","plan was properly matured during the day,","16808_0",16808,"0",1841-12-28,"https://articleextractor.org/pages/16808/whi_dynamite_ver01/sn85040303/1841/12/28/ed-1/seq-1/1","Yes","Yes","yes, 90","","x","Mob attempted to murder Mr. Carey in Houston, Texas. His slave notified him and he was able to escape. 1841","","sn85040303","Southport telegraph (Southport, W.T....)",1841,12,28,"seq-1","ed-1",1,"Wisconsin",878,1709,690696,177,"students","~/Code/hcij_lynching_phase_two/Storage_Older_Versions/latest_articles_aug23/16808_0.txt"
"827","16808_0.txt","every thing placed in readiness for its","16808_0",16808,"0",1841-12-28,"https://articleextractor.org/pages/16808/whi_dynamite_ver01/sn85040303/1841/12/28/ed-1/seq-1/1","Yes","Yes","yes, 90","","x","Mob attempted to murder Mr. Carey in Houston, Texas. His slave notified him and he was able to escape. 1841","","sn85040303","Southport telegraph (Southport, W.T....)",1841,12,28,"seq-1","ed-1",1,"Wisconsin",878,1709,690696,177,"students","~/Code/hcij_lynching_phase_two/Storage_Older_Versions/latest_articles_aug23/16808_0.txt"
"828","16808_0.txt","and commission. Nothing remained but the","16808_0",16808,"0",1841-12-28,"https://articleextractor.org/pages/16808/whi_dynamite_ver01/sn85040303/1841/12/28/ed-1/seq-1/1","Yes","Yes","yes, 90","","x","Mob attempted to murder Mr. Carey in Houston, Texas. His slave notified him and he was able to escape. 1841","","sn85040303","Southport telegraph (Southport, W.T....)",1841,12,28,"seq-1","ed-1",1,"Wisconsin",878,1709,690696,177,"students","~/Code/hcij_lynching_phase_two/Storage_Older_Versions/latest_articles_aug23/16808_0.txt"
"829","16810_0.txt","A notorious murderer, named Lynch,","16810_0",16810,"0",1842-07-20,"https://articleextractor.org/pages/16810/whi_dynamite_ver01/sn85040303/1842/07/20/ed-1/seq-1/1","Yes","","","","x","A man named Lynch was lynched in San Felipe.  1842","","sn85040303","Southport telegraph (Southport, W.T....)",1842,7,20,"seq-1","ed-1",1,"Wisconsin",879,1710,690734,178,"students","~/Code/hcij_lynching_phase_two/Storage_Older_Versions/latest_articles_aug23/16810_0.txt"
"830","16810_0.txt","was lately lynched; hung without judge or","16810_0",16810,"0",1842-07-20,"https://articleextractor.org/pages/16810/whi_dynamite_ver01/sn85040303/1842/07/20/ed-1/seq-1/1","Yes","","","","x","A man named Lynch was lynched in San Felipe.  1842","","sn85040303","Southport telegraph (Southport, W.T....)",1842,7,20,"seq-1","ed-1",1,"Wisconsin",879,1710,690734,178,"students","~/Code/hcij_lynching_phase_two/Storage_Older_Versions/latest_articles_aug23/16810_0.txt"
"831","16810_0.txt","jury, at San Felipe. He had killed one or","16810_0",16810,"0",1842-07-20,"https://articleextractor.org/pages/16810/whi_dynamite_ver01/sn85040303/1842/07/20/ed-1/seq-1/1","Yes","","","","x","A man named Lynch was lynched in San Felipe.  1842","","sn85040303","Southport telegraph (Southport, W.T....)",1842,7,20,"seq-1","ed-1",1,"Wisconsin",879,1710,690734,178,"students","~/Code/hcij_lynching_phase_two/Storage_Older_Versions/latest_articles_aug23/16810_0.txt"
"832","16810_0.txt","two citizens, and wounded and threatened","16810_0",16810,"0",1842-07-20,"https://articleextractor.org/pages/16810/whi_dynamite_ver01/sn85040303/1842/07/20/ed-1/seq-1/1","Yes","","","","x","A man named Lynch was lynched in San Felipe.  1842","","sn85040303","Southport telegraph (Southport, W.T....)",1842,7,20,"seq-1","ed-1",1,"Wisconsin",879,1710,690734,178,"students","~/Code/hcij_lynching_phase_two/Storage_Older_Versions/latest_articles_aug23/16810_0.txt"
"833","16810_0.txt","the lives of others.","16810_0",16810,"0",1842-07-20,"https://articleextractor.org/pages/16810/whi_dynamite_ver01/sn85040303/1842/07/20/ed-1/seq-1/1","Yes","","","","x","A man named Lynch was lynched in San Felipe.  1842","","sn85040303","Southport telegraph (Southport, W.T....)",1842,7,20,"seq-1","ed-1",1,"Wisconsin",879,1710,690734,178,"students","~/Code/hcij_lynching_phase_two/Storage_Older_Versions/latest_articles_aug23/16810_0.txt"
"834","16810_0.txt","The Texan privateer Washington, recently","16810_0",16810,"0",1842-07-20,"https://articleextractor.org/pages/16810/whi_dynamite_ver01/sn85040303/1842/07/20/ed-1/seq-1/1","Yes","","","","x","A man named Lynch was lynched in San Felipe.  1842","","sn85040303","Southport telegraph (Southport, W.T....)",1842,7,20,"seq-1","ed-1",1,"Wisconsin",879,1710,690734,178,"students","~/Code/hcij_lynching_phase_two/Storage_Older_Versions/latest_articles_aug23/16810_0.txt"
"835","16810_0.txt","captured sent into Galveston the","16810_0",16810,"0",1842-07-20,"https://articleextractor.org/pages/16810/whi_dynamite_ver01/sn85040303/1842/07/20/ed-1/seq-1/1","Yes","","","","x","A man named Lynch was lynched in San Felipe.  1842","","sn85040303","Southport telegraph (Southport, W.T....)",1842,7,20,"seq-1","ed-1",1,"Wisconsin",879,1710,690734,178,"students","~/Code/hcij_lynching_phase_two/Storage_Older_Versions/latest_articles_aug23/16810_0.txt"
"836","16810_0.txt","schooner Mary and Elizabeth. She was","16810_0",16810,"0",1842-07-20,"https://articleextractor.org/pages/16810/whi_dynamite_ver01/sn85040303/1842/07/20/ed-1/seq-1/1","Yes","","","","x","A man named Lynch was lynched in San Felipe.  1842","","sn85040303","Southport telegraph (Southport, W.T....)",1842,7,20,"seq-1","ed-1",1,"Wisconsin",879,1710,690734,178,"students","~/Code/hcij_lynching_phase_two/Storage_Older_Versions/latest_articles_aug23/16810_0.txt"
"837","16810_0.txt","landed with a large quantity of powder,","16810_0",16810,"0",1842-07-20,"https://articleextractor.org/pages/16810/whi_dynamite_ver01/sn85040303/1842/07/20/ed-1/seq-1/1","Yes","","","","x","A man named Lynch was lynched in San Felipe.  1842","","sn85040303","Southport telegraph (Southport, W.T....)",1842,7,20,"seq-1","ed-1",1,"Wisconsin",879,1710,690734,178,"students","~/Code/hcij_lynching_phase_two/Storage_Older_Versions/latest_articles_aug23/16810_0.txt"
"838","16810_0.txt","lead, and other contraband articles of war,","16810_0",16810,"0",1842-07-20,"https://articleextractor.org/pages/16810/whi_dynamite_ver01/sn85040303/1842/07/20/ed-1/seq-1/1","Yes","","","","x","A man named Lynch was lynched in San Felipe.  1842","","sn85040303","Southport telegraph (Southport, W.T....)",1842,7,20,"seq-1","ed-1",1,"Wisconsin",879,1710,690734,178,"students","~/Code/hcij_lynching_phase_two/Storage_Older_Versions/latest_articles_aug23/16810_0.txt"
"839","16810_0.txt","together with coin. A dispute has arisen","16810_0",16810,"0",1842-07-20,"https://articleextractor.org/pages/16810/whi_dynamite_ver01/sn85040303/1842/07/20/ed-1/seq-1/1","Yes","","","","x","A man named Lynch was lynched in San Felipe.  1842","","sn85040303","Southport telegraph (Southport, W.T....)",1842,7,20,"seq-1","ed-1",1,"Wisconsin",879,1710,690734,178,"students","~/Code/hcij_lynching_phase_two/Storage_Older_Versions/latest_articles_aug23/16810_0.txt"
"840","16810_0.txt","whether she was a Mexican or an United","16810_0",16810,"0",1842-07-20,"https://articleextractor.org/pages/16810/whi_dynamite_ver01/sn85040303/1842/07/20/ed-1/seq-1/1","Yes","","","","x","A man named Lynch was lynched in San Felipe.  1842","","sn85040303","Southport telegraph (Southport, W.T....)",1842,7,20,"seq-1","ed-1",1,"Wisconsin",879,1710,690734,178,"students","~/Code/hcij_lynching_phase_two/Storage_Older_Versions/latest_articles_aug23/16810_0.txt"
"841","16810_0.txt","States vessel, which has not yet been settled","16810_0",16810,"0",1842-07-20,"https://articleextractor.org/pages/16810/whi_dynamite_ver01/sn85040303/1842/07/20/ed-1/seq-1/1","Yes","","","","x","A man named Lynch was lynched in San Felipe.  1842","","sn85040303","Southport telegraph (Southport, W.T....)",1842,7,20,"seq-1","ed-1",1,"Wisconsin",879,1710,690734,178,"students","~/Code/hcij_lynching_phase_two/Storage_Older_Versions/latest_articles_aug23/16810_0.txt"
"842","16810_0.txt",". The Mary and Elizabeth was bound","16810_0",16810,"0",1842-07-20,"https://articleextractor.org/pages/16810/whi_dynamite_ver01/sn85040303/1842/07/20/ed-1/seq-1/1","Yes","","","","x","A man named Lynch was lynched in San Felipe.  1842","","sn85040303","Southport telegraph (Southport, W.T....)",1842,7,20,"seq-1","ed-1",1,"Wisconsin",879,1710,690734,178,"students","~/Code/hcij_lynching_phase_two/Storage_Older_Versions/latest_articles_aug23/16810_0.txt"
"843","16810_0.txt","to Vera Cruz from New Orleans.","16810_0",16810,"0",1842-07-20,"https://articleextractor.org/pages/16810/whi_dynamite_ver01/sn85040303/1842/07/20/ed-1/seq-1/1","Yes","","","","x","A man named Lynch was lynched in San Felipe.  1842","","sn85040303","Southport telegraph (Southport, W.T....)",1842,7,20,"seq-1","ed-1",1,"Wisconsin",879,1710,690734,178,"students","~/Code/hcij_lynching_phase_two/Storage_Older_Versions/latest_articles_aug23/16810_0.txt"
"844","16810_0.txt","A party of fifteen men recently left","16810_0",16810,"0",1842-07-20,"https://articleextractor.org/pages/16810/whi_dynamite_ver01/sn85040303/1842/07/20/ed-1/seq-1/1","Yes","","","","x","A man named Lynch was lynched in San Felipe.  1842","","sn85040303","Southport telegraph (Southport, W.T....)",1842,7,20,"seq-1","ed-1",1,"Wisconsin",879,1710,690734,178,"students","~/Code/hcij_lynching_phase_two/Storage_Older_Versions/latest_articles_aug23/16810_0.txt"
"845","16810_0.txt","Austin for the Upper Colorado and region","16810_0",16810,"0",1842-07-20,"https://articleextractor.org/pages/16810/whi_dynamite_ver01/sn85040303/1842/07/20/ed-1/seq-1/1","Yes","","","","x","A man named Lynch was lynched in San Felipe.  1842","","sn85040303","Southport telegraph (Southport, W.T....)",1842,7,20,"seq-1","ed-1",1,"Wisconsin",879,1710,690734,178,"students","~/Code/hcij_lynching_phase_two/Storage_Older_Versions/latest_articles_aug23/16810_0.txt"
"846","16810_0.txt","of the San Saba, in search of silver mines,","16810_0",16810,"0",1842-07-20,"https://articleextractor.org/pages/16810/whi_dynamite_ver01/sn85040303/1842/07/20/ed-1/seq-1/1","Yes","","","","x","A man named Lynch was lynched in San Felipe.  1842","","sn85040303","Southport telegraph (Southport, W.T....)",1842,7,20,"seq-1","ed-1",1,"Wisconsin",879,1710,690734,178,"students","~/Code/hcij_lynching_phase_two/Storage_Older_Versions/latest_articles_aug23/16810_0.txt"
"847","16810_0.txt","known to be abundant in that section.","16810_0",16810,"0",1842-07-20,"https://articleextractor.org/pages/16810/whi_dynamite_ver01/sn85040303/1842/07/20/ed-1/seq-1/1","Yes","","","","x","A man named Lynch was lynched in San Felipe.  1842","","sn85040303","Southport telegraph (Southport, W.T....)",1842,7,20,"seq-1","ed-1",1,"Wisconsin",879,1710,690734,178,"students","~/Code/hcij_lynching_phase_two/Storage_Older_Versions/latest_articles_aug23/16810_0.txt"
"848","16810_0.txt","Capt. Dolson's company of mounted","16810_0",16810,"0",1842-07-20,"https://articleextractor.org/pages/16810/whi_dynamite_ver01/sn85040303/1842/07/20/ed-1/seq-1/1","Yes","","","","x","A man named Lynch was lynched in San Felipe.  1842","","sn85040303","Southport telegraph (Southport, W.T....)",1842,7,20,"seq-1","ed-1",1,"Wisconsin",879,1710,690734,178,"students","~/Code/hcij_lynching_phase_two/Storage_Older_Versions/latest_articles_aug23/16810_0.txt"
"849","16810_0.txt","men have left Austin on a tour into the In","16810_0",16810,"0",1842-07-20,"https://articleextractor.org/pages/16810/whi_dynamite_ver01/sn85040303/1842/07/20/ed-1/seq-1/1","Yes","","","","x","A man named Lynch was lynched in San Felipe.  1842","","sn85040303","Southport telegraph (Southport, W.T....)",1842,7,20,"seq-1","ed-1",1,"Wisconsin",879,1710,690734,178,"students","~/Code/hcij_lynching_phase_two/Storage_Older_Versions/latest_articles_aug23/16810_0.txt"
"850","16810_0.txt","dian range, though a country abounding","16810_0",16810,"0",1842-07-20,"https://articleextractor.org/pages/16810/whi_dynamite_ver01/sn85040303/1842/07/20/ed-1/seq-1/1","Yes","","","","x","A man named Lynch was lynched in San Felipe.  1842","","sn85040303","Southport telegraph (Southport, W.T....)",1842,7,20,"seq-1","ed-1",1,"Wisconsin",879,1710,690734,178,"students","~/Code/hcij_lynching_phase_two/Storage_Older_Versions/latest_articles_aug23/16810_0.txt"
"851","16810_0.txt","with buffalo, deer, bear and honey.","16810_0",16810,"0",1842-07-20,"https://articleextractor.org/pages/16810/whi_dynamite_ver01/sn85040303/1842/07/20/ed-1/seq-1/1","Yes","","","","x","A man named Lynch was lynched in San Felipe.  1842","","sn85040303","Southport telegraph (Southport, W.T....)",1842,7,20,"seq-1","ed-1",1,"Wisconsin",879,1710,690734,178,"students","~/Code/hcij_lynching_phase_two/Storage_Older_Versions/latest_articles_aug23/16810_0.txt"
"852","16810_0.txt","The crops on the Upper Brazos are","16810_0",16810,"0",1842-07-20,"https://articleextractor.org/pages/16810/whi_dynamite_ver01/sn85040303/1842/07/20/ed-1/seq-1/1","Yes","","","","x","A man named Lynch was lynched in San Felipe.  1842","","sn85040303","Southport telegraph (Southport, W.T....)",1842,7,20,"seq-1","ed-1",1,"Wisconsin",879,1710,690734,178,"students","~/Code/hcij_lynching_phase_two/Storage_Older_Versions/latest_articles_aug23/16810_0.txt"
"853","16810_0.txt","highly promising, having been recently","16810_0",16810,"0",1842-07-20,"https://articleextractor.org/pages/16810/whi_dynamite_ver01/sn85040303/1842/07/20/ed-1/seq-1/1","Yes","","","","x","A man named Lynch was lynched in San Felipe.  1842","","sn85040303","Southport telegraph (Southport, W.T....)",1842,7,20,"seq-1","ed-1",1,"Wisconsin",879,1710,690734,178,"students","~/Code/hcij_lynching_phase_two/Storage_Older_Versions/latest_articles_aug23/16810_0.txt"
"854","16810_0.txt","visited by plentiful","16810_0",16810,"0",1842-07-20,"https://articleextractor.org/pages/16810/whi_dynamite_ver01/sn85040303/1842/07/20/ed-1/seq-1/1","Yes","","","","x","A man named Lynch was lynched in San Felipe.  1842","","sn85040303","Southport telegraph (Southport, W.T....)",1842,7,20,"seq-1","ed-1",1,"Wisconsin",879,1710,690734,178,"students","~/Code/hcij_lynching_phase_two/Storage_Older_Versions/latest_articles_aug23/16810_0.txt"
"855","16810_0.txt","Hon. John Scott, Recorder of the","16810_0",16810,"0",1842-07-20,"https://articleextractor.org/pages/16810/whi_dynamite_ver01/sn85040303/1842/07/20/ed-1/seq-1/1","Yes","","","","x","A man named Lynch was lynched in San Felipe.  1842","","sn85040303","Southport telegraph (Southport, W.T....)",1842,7,20,"seq-1","ed-1",1,"Wisconsin",879,1710,690734,178,"students","~/Code/hcij_lynching_phase_two/Storage_Older_Versions/latest_articles_aug23/16810_0.txt"
"856","16810_0.txt","of Houston, is dead. city","16810_0",16810,"0",1842-07-20,"https://articleextractor.org/pages/16810/whi_dynamite_ver01/sn85040303/1842/07/20/ed-1/seq-1/1","Yes","","","","x","A man named Lynch was lynched in San Felipe.  1842","","sn85040303","Southport telegraph (Southport, W.T....)",1842,7,20,"seq-1","ed-1",1,"Wisconsin",879,1710,690734,178,"students","~/Code/hcij_lynching_phase_two/Storage_Older_Versions/latest_articles_aug23/16810_0.txt"
"857","16812_0.txt","HUNG FOR FUN.- The last Tennessee Re","16812_0",16812,"0",1842-10-27,"https://articleextractor.org/pages/16812/ohi_cousteau_ver02/sn84028889/1842/10/27/ed-1/seq-2/1","Yes","","","","x","A slave was hung by a group of men in 1842 in Tenn.","","sn84028889","The Ohio Democrat (Canal Dover, Oh...)",1842,10,27,"seq-2","ed-1",1,"Ohio",881,1712,475537,180,"students","~/Code/hcij_lynching_phase_two/Storage_Older_Versions/latest_articles_aug23/16812_0.txt"
"858","16812_0.txt","view states that the grand jury County, Tenn.","16812_0",16812,"0",1842-10-27,"https://articleextractor.org/pages/16812/ohi_cousteau_ver02/sn84028889/1842/10/27/ed-1/seq-2/1","Yes","","","","x","A slave was hung by a group of men in 1842 in Tenn.","","sn84028889","The Ohio Democrat (Canal Dover, Oh...)",1842,10,27,"seq-2","ed-1",1,"Ohio",881,1712,475537,180,"students","~/Code/hcij_lynching_phase_two/Storage_Older_Versions/latest_articles_aug23/16812_0.txt"
"859","16812_0.txt","has found a true bill against Geo. Smith, Johh","16812_0",16812,"0",1842-10-27,"https://articleextractor.org/pages/16812/ohi_cousteau_ver02/sn84028889/1842/10/27/ed-1/seq-2/1","Yes","","","","x","A slave was hung by a group of men in 1842 in Tenn.","","sn84028889","The Ohio Democrat (Canal Dover, Oh...)",1842,10,27,"seq-2","ed-1",1,"Ohio",881,1712,475537,180,"students","~/Code/hcij_lynching_phase_two/Storage_Older_Versions/latest_articles_aug23/16812_0.txt"
"860","16812_0.txt","H. Tobb, Loftin Dake, James Pharce, and","16812_0",16812,"0",1842-10-27,"https://articleextractor.org/pages/16812/ohi_cousteau_ver02/sn84028889/1842/10/27/ed-1/seq-2/1","Yes","","","","x","A slave was hung by a group of men in 1842 in Tenn.","","sn84028889","The Ohio Democrat (Canal Dover, Oh...)",1842,10,27,"seq-2","ed-1",1,"Ohio",881,1712,475537,180,"students","~/Code/hcij_lynching_phase_two/Storage_Older_Versions/latest_articles_aug23/16812_0.txt"
"861","16812_0.txt","Leroy Brown, for the murder of a slave be","16812_0",16812,"0",1842-10-27,"https://articleextractor.org/pages/16812/ohi_cousteau_ver02/sn84028889/1842/10/27/ed-1/seq-2/1","Yes","","","","x","A slave was hung by a group of men in 1842 in Tenn.","","sn84028889","The Ohio Democrat (Canal Dover, Oh...)",1842,10,27,"seq-2","ed-1",1,"Ohio",881,1712,475537,180,"students","~/Code/hcij_lynching_phase_two/Storage_Older_Versions/latest_articles_aug23/16812_0.txt"
"862","16812_0.txt","longing to John Miller. They had all got in","16812_0",16812,"0",1842-10-27,"https://articleextractor.org/pages/16812/ohi_cousteau_ver02/sn84028889/1842/10/27/ed-1/seq-2/1","Yes","","","","x","A slave was hung by a group of men in 1842 in Tenn.","","sn84028889","The Ohio Democrat (Canal Dover, Oh...)",1842,10,27,"seq-2","ed-1",1,"Ohio",881,1712,475537,180,"students","~/Code/hcij_lynching_phase_two/Storage_Older_Versions/latest_articles_aug23/16812_0.txt"
"863","16812_0.txt","to a drunken spree, and under the influence of","16812_0",16812,"0",1842-10-27,"https://articleextractor.org/pages/16812/ohi_cousteau_ver02/sn84028889/1842/10/27/ed-1/seq-2/1","Yes","","","","x","A slave was hung by a group of men in 1842 in Tenn.","","sn84028889","The Ohio Democrat (Canal Dover, Oh...)",1842,10,27,"seq-2","ed-1",1,"Ohio",881,1712,475537,180,"students","~/Code/hcij_lynching_phase_two/Storage_Older_Versions/latest_articles_aug23/16812_0.txt"
"864","16812_0.txt","liquor, enticed the negro into a loft, and hung","16812_0",16812,"0",1842-10-27,"https://articleextractor.org/pages/16812/ohi_cousteau_ver02/sn84028889/1842/10/27/ed-1/seq-2/1","Yes","","","","x","A slave was hung by a group of men in 1842 in Tenn.","","sn84028889","The Ohio Democrat (Canal Dover, Oh...)",1842,10,27,"seq-2","ed-1",1,"Ohio",881,1712,475537,180,"students","~/Code/hcij_lynching_phase_two/Storage_Older_Versions/latest_articles_aug23/16812_0.txt"
"865","16812_0.txt","him for fun, intending to cut him down in a","16812_0",16812,"0",1842-10-27,"https://articleextractor.org/pages/16812/ohi_cousteau_ver02/sn84028889/1842/10/27/ed-1/seq-2/1","Yes","","","","x","A slave was hung by a group of men in 1842 in Tenn.","","sn84028889","The Ohio Democrat (Canal Dover, Oh...)",1842,10,27,"seq-2","ed-1",1,"Ohio",881,1712,475537,180,"students","~/Code/hcij_lynching_phase_two/Storage_Older_Versions/latest_articles_aug23/16812_0.txt"
"866","16812_0.txt","moment or two before life should be extinct.","16812_0",16812,"0",1842-10-27,"https://articleextractor.org/pages/16812/ohi_cousteau_ver02/sn84028889/1842/10/27/ed-1/seq-2/1","Yes","","","","x","A slave was hung by a group of men in 1842 in Tenn.","","sn84028889","The Ohio Democrat (Canal Dover, Oh...)",1842,10,27,"seq-2","ed-1",1,"Ohio",881,1712,475537,180,"students","~/Code/hcij_lynching_phase_two/Storage_Older_Versions/latest_articles_aug23/16812_0.txt"
"867","16812_0.txt","Their drunken frolic was too far- the","16812_0",16812,"0",1842-10-27,"https://articleextractor.org/pages/16812/ohi_cousteau_ver02/sn84028889/1842/10/27/ed-1/seq-2/1","Yes","","","","x","A slave was hung by a group of men in 1842 in Tenn.","","sn84028889","The Ohio Democrat (Canal Dover, Oh...)",1842,10,27,"seq-2","ed-1",1,"Ohio",881,1712,475537,180,"students","~/Code/hcij_lynching_phase_two/Storage_Older_Versions/latest_articles_aug23/16812_0.txt"
"868","16812_0.txt","negro died. carried","16812_0",16812,"0",1842-10-27,"https://articleextractor.org/pages/16812/ohi_cousteau_ver02/sn84028889/1842/10/27/ed-1/seq-2/1","Yes","","","","x","A slave was hung by a group of men in 1842 in Tenn.","","sn84028889","The Ohio Democrat (Canal Dover, Oh...)",1842,10,27,"seq-2","ed-1",1,"Ohio",881,1712,475537,180,"students","~/Code/hcij_lynching_phase_two/Storage_Older_Versions/latest_articles_aug23/16812_0.txt"
"869","16813_0.txt","The thief doth fear each: bush an officer.'","16813_0",16813,"0",1842-01-26,"https://articleextractor.org/pages/16813/vtu_kirby_ver02/sn83025661/1842/01/26/ed-1/seq-3/1","Yes","","yes, 94","","x","A pastor was lynched by two church members in Hancock, NH. Also another man was lynched in 1842. ","","sn83025661","Vermont telegraph (Brandon [Vt.])",1842,1,26,"seq-3","ed-1",1,"Vermont",882,1713,670943,181,"students","~/Code/hcij_lynching_phase_two/Storage_Older_Versions/latest_articles_aug23/16813_0.txt"
"870","16813_0.txt","Mr. Torrey quietly withdrew from the","16813_0",16813,"0",1842-01-26,"https://articleextractor.org/pages/16813/vtu_kirby_ver02/sn83025661/1842/01/26/ed-1/seq-3/1","Yes","","yes, 94","","x","A pastor was lynched by two church members in Hancock, NH. Also another man was lynched in 1842. ","","sn83025661","Vermont telegraph (Brandon [Vt.])",1842,1,26,"seq-3","ed-1",1,"Vermont",882,1713,670943,181,"students","~/Code/hcij_lynching_phase_two/Storage_Older_Versions/latest_articles_aug23/16813_0.txt"
"871","16813_0.txt","floor of the hall to the gallery, from which","16813_0",16813,"0",1842-01-26,"https://articleextractor.org/pages/16813/vtu_kirby_ver02/sn83025661/1842/01/26/ed-1/seq-3/1","Yes","","yes, 94","","x","A pastor was lynched by two church members in Hancock, NH. Also another man was lynched in 1842. ","","sn83025661","Vermont telegraph (Brandon [Vt.])",1842,1,26,"seq-3","ed-1",1,"Vermont",882,1713,670943,181,"students","~/Code/hcij_lynching_phase_two/Storage_Older_Versions/latest_articles_aug23/16813_0.txt"
"872","16813_0.txt","he was ejected, and would have been","16813_0",16813,"0",1842-01-26,"https://articleextractor.org/pages/16813/vtu_kirby_ver02/sn83025661/1842/01/26/ed-1/seq-3/1","Yes","","yes, 94","","x","A pastor was lynched by two church members in Hancock, NH. Also another man was lynched in 1842. ","","sn83025661","Vermont telegraph (Brandon [Vt.])",1842,1,26,"seq-3","ed-1",1,"Vermont",882,1713,670943,181,"students","~/Code/hcij_lynching_phase_two/Storage_Older_Versions/latest_articles_aug23/16813_0.txt"
"873","16813_0.txt","lynched on the spot, had he not been ar","16813_0",16813,"0",1842-01-26,"https://articleextractor.org/pages/16813/vtu_kirby_ver02/sn83025661/1842/01/26/ed-1/seq-3/1","Yes","","yes, 94","","x","A pastor was lynched by two church members in Hancock, NH. Also another man was lynched in 1842. ","","sn83025661","Vermont telegraph (Brandon [Vt.])",1842,1,26,"seq-3","ed-1",1,"Vermont",882,1713,670943,181,"students","~/Code/hcij_lynching_phase_two/Storage_Older_Versions/latest_articles_aug23/16813_0.txt"
"874","16813_0.txt","rested as an abolition incendiary by","16813_0",16813,"0",1842-01-26,"https://articleextractor.org/pages/16813/vtu_kirby_ver02/sn83025661/1842/01/26/ed-1/seq-3/1","Yes","","yes, 94","","x","A pastor was lynched by two church members in Hancock, NH. Also another man was lynched in 1842. ","","sn83025661","Vermont telegraph (Brandon [Vt.])",1842,1,26,"seq-3","ed-1",1,"Vermont",882,1713,670943,181,"students","~/Code/hcij_lynching_phase_two/Storage_Older_Versions/latest_articles_aug23/16813_0.txt"
"875","16813_0.txt","officers of justice,(!) and cast into prison the,","16813_0",16813,"0",1842-01-26,"https://articleextractor.org/pages/16813/vtu_kirby_ver02/sn83025661/1842/01/26/ed-1/seq-3/1","Yes","","yes, 94","","x","A pastor was lynched by two church members in Hancock, NH. Also another man was lynched in 1842. ","","sn83025661","Vermont telegraph (Brandon [Vt.])",1842,1,26,"seq-3","ed-1",1,"Vermont",882,1713,670943,181,"students","~/Code/hcij_lynching_phase_two/Storage_Older_Versions/latest_articles_aug23/16813_0.txt"
"876","16813_1.txt","treet from a Letter from John Orvis.","16813_1",16813,"1",1842-01-26,"https://articleextractor.org/pages/16813/vtu_kirby_ver02/sn83025661/1842/01/26/ed-1/seq-3/1","Yes","","yes, 94","","x","A pastor was lynched by two church members in Hancock, NH. Also another man was lynched in 1842. ","","sn83025661","Vermont telegraph (Brandon [Vt.])",1842,1,26,"seq-3","ed-1",1,"Vermont",883,1714,670701,182,"students","~/Code/hcij_lynching_phase_two/Storage_Older_Versions/latest_articles_aug23/16813_1.txt"
"877","16813_1.txt","dibald Burgess of Hancock, N. H,","16813_1",16813,"1",1842-01-26,"https://articleextractor.org/pages/16813/vtu_kirby_ver02/sn83025661/1842/01/26/ed-1/seq-3/1","Yes","","yes, 94","","x","A pastor was lynched by two church members in Hancock, NH. Also another man was lynched in 1842. ","","sn83025661","Vermont telegraph (Brandon [Vt.])",1842,1,26,"seq-3","ed-1",1,"Vermont",883,1714,670701,182,"students","~/Code/hcij_lynching_phase_two/Storage_Older_Versions/latest_articles_aug23/16813_1.txt"
"878","16813_1.txt","Pastor of a Mobacratic Church.- A Non","16813_1",16813,"1",1842-01-26,"https://articleextractor.org/pages/16813/vtu_kirby_ver02/sn83025661/1842/01/26/ed-1/seq-3/1","Yes","","yes, 94","","x","A pastor was lynched by two church members in Hancock, NH. Also another man was lynched in 1842. ","","sn83025661","Vermont telegraph (Brandon [Vt.])",1842,1,26,"seq-3","ed-1",1,"Vermont",883,1714,670701,182,"students","~/Code/hcij_lynching_phase_two/Storage_Older_Versions/latest_articles_aug23/16813_1.txt"
"879","16813_1.txt","Resistant Lynched by two church mem-","16813_1",16813,"1",1842-01-26,"https://articleextractor.org/pages/16813/vtu_kirby_ver02/sn83025661/1842/01/26/ed-1/seq-3/1","Yes","","yes, 94","","x","A pastor was lynched by two church members in Hancock, NH. Also another man was lynched in 1842. ","","sn83025661","Vermont telegraph (Brandon [Vt.])",1842,1,26,"seq-3","ed-1",1,"Vermont",883,1714,670701,182,"students","~/Code/hcij_lynching_phase_two/Storage_Older_Versions/latest_articles_aug23/16813_1.txt"
"880","16813_1.txt","viz: Joseph Hill, jr. and Nathan","16813_1",16813,"1",1842-01-26,"https://articleextractor.org/pages/16813/vtu_kirby_ver02/sn83025661/1842/01/26/ed-1/seq-3/1","Yes","","yes, 94","","x","A pastor was lynched by two church members in Hancock, NH. Also another man was lynched in 1842. ","","sn83025661","Vermont telegraph (Brandon [Vt.])",1842,1,26,"seq-3","ed-1",1,"Vermont",883,1714,670701,182,"students","~/Code/hcij_lynching_phase_two/Storage_Older_Versions/latest_articles_aug23/16813_1.txt"
"881","16813_1.txt","Wood","16813_1",16813,"1",1842-01-26,"https://articleextractor.org/pages/16813/vtu_kirby_ver02/sn83025661/1842/01/26/ed-1/seq-3/1","Yes","","yes, 94","","x","A pastor was lynched by two church members in Hancock, NH. Also another man was lynched in 1842. ","","sn83025661","Vermont telegraph (Brandon [Vt.])",1842,1,26,"seq-3","ed-1",1,"Vermont",883,1714,670701,182,"students","~/Code/hcij_lynching_phase_two/Storage_Older_Versions/latest_articles_aug23/16813_1.txt"
"882","16813_1.txt","Dear Orsons I have long wanted to","16813_1",16813,"1",1842-01-26,"https://articleextractor.org/pages/16813/vtu_kirby_ver02/sn83025661/1842/01/26/ed-1/seq-3/1","Yes","","yes, 94","","x","A pastor was lynched by two church members in Hancock, NH. Also another man was lynched in 1842. ","","sn83025661","Vermont telegraph (Brandon [Vt.])",1842,1,26,"seq-3","ed-1",1,"Vermont",883,1714,670701,182,"students","~/Code/hcij_lynching_phase_two/Storage_Older_Versions/latest_articles_aug23/16813_1.txt"
"883","16813_1.txt","a line to you. I can sympathize with","16813_1",16813,"1",1842-01-26,"https://articleextractor.org/pages/16813/vtu_kirby_ver02/sn83025661/1842/01/26/ed-1/seq-3/1","Yes","","yes, 94","","x","A pastor was lynched by two church members in Hancock, NH. Also another man was lynched in 1842. ","","sn83025661","Vermont telegraph (Brandon [Vt.])",1842,1,26,"seq-3","ed-1",1,"Vermont",883,1714,670701,182,"students","~/Code/hcij_lynching_phase_two/Storage_Older_Versions/latest_articles_aug23/16813_1.txt"
"884","16813_1.txt","in your almost single combat, with the","16813_1",16813,"1",1842-01-26,"https://articleextractor.org/pages/16813/vtu_kirby_ver02/sn83025661/1842/01/26/ed-1/seq-3/1","Yes","","yes, 94","","x","A pastor was lynched by two church members in Hancock, NH. Also another man was lynched in 1842. ","","sn83025661","Vermont telegraph (Brandon [Vt.])",1842,1,26,"seq-3","ed-1",1,"Vermont",883,1714,670701,182,"students","~/Code/hcij_lynching_phase_two/Storage_Older_Versions/latest_articles_aug23/16813_1.txt"
"885","16813_1.txt","rers of darkness. We have met some","16813_1",16813,"1",1842-01-26,"https://articleextractor.org/pages/16813/vtu_kirby_ver02/sn83025661/1842/01/26/ed-1/seq-3/1","Yes","","yes, 94","","x","A pastor was lynched by two church members in Hancock, NH. Also another man was lynched in 1842. ","","sn83025661","Vermont telegraph (Brandon [Vt.])",1842,1,26,"seq-3","ed-1",1,"Vermont",883,1714,670701,182,"students","~/Code/hcij_lynching_phase_two/Storage_Older_Versions/latest_articles_aug23/16813_1.txt"
"886","16813_1.txt","in New Hampshire, which more fully","16813_1",16813,"1",1842-01-26,"https://articleextractor.org/pages/16813/vtu_kirby_ver02/sn83025661/1842/01/26/ed-1/seq-3/1","Yes","","yes, 94","","x","A pastor was lynched by two church members in Hancock, NH. Also another man was lynched in 1842. ","","sn83025661","Vermont telegraph (Brandon [Vt.])",1842,1,26,"seq-3","ed-1",1,"Vermont",883,1714,670701,182,"students","~/Code/hcij_lynching_phase_two/Storage_Older_Versions/latest_articles_aug23/16813_1.txt"
"887","16813_1.txt","op the wickedness of the clergy and","16813_1",16813,"1",1842-01-26,"https://articleextractor.org/pages/16813/vtu_kirby_ver02/sn83025661/1842/01/26/ed-1/seq-3/1","Yes","","yes, 94","","x","A pastor was lynched by two church members in Hancock, NH. Also another man was lynched in 1842. ","","sn83025661","Vermont telegraph (Brandon [Vt.])",1842,1,26,"seq-3","ed-1",1,"Vermont",883,1714,670701,182,"students","~/Code/hcij_lynching_phase_two/Storage_Older_Versions/latest_articles_aug23/16813_1.txt"
"888","16813_1.txt","ches than I have before seen.","16813_1",16813,"1",1842-01-26,"https://articleextractor.org/pages/16813/vtu_kirby_ver02/sn83025661/1842/01/26/ed-1/seq-3/1","Yes","","yes, 94","","x","A pastor was lynched by two church members in Hancock, NH. Also another man was lynched in 1842. ","","sn83025661","Vermont telegraph (Brandon [Vt.])",1842,1,26,"seq-3","ed-1",1,"Vermont",883,1714,670701,182,"students","~/Code/hcij_lynching_phase_two/Storage_Older_Versions/latest_articles_aug23/16813_1.txt"
"889","16813_1.txt","Sunday H. C. Wright preached","16813_1",16813,"1",1842-01-26,"https://articleextractor.org/pages/16813/vtu_kirby_ver02/sn83025661/1842/01/26/ed-1/seq-3/1","Yes","","yes, 94","","x","A pastor was lynched by two church members in Hancock, NH. Also another man was lynched in 1842. ","","sn83025661","Vermont telegraph (Brandon [Vt.])",1842,1,26,"seq-3","ed-1",1,"Vermont",883,1714,670701,182,"students","~/Code/hcij_lynching_phase_two/Storage_Older_Versions/latest_articles_aug23/16813_1.txt"
"890","16813_1.txt","ptist house in Hancock, on the' chris in","16813_1",16813,"1",1842-01-26,"https://articleextractor.org/pages/16813/vtu_kirby_ver02/sn83025661/1842/01/26/ed-1/seq-3/1","Yes","","yes, 94","","x","A pastor was lynched by two church members in Hancock, NH. Also another man was lynched in 1842. ","","sn83025661","Vermont telegraph (Brandon [Vt.])",1842,1,26,"seq-3","ed-1",1,"Vermont",883,1714,670701,182,"students","~/Code/hcij_lynching_phase_two/Storage_Older_Versions/latest_articles_aug23/16813_1.txt"
"891","16813_2.txt","street again. Then he and the seston stood","16813_2",16813,"2",1842-01-26,"https://articleextractor.org/pages/16813/vtu_kirby_ver02/sn83025661/1842/01/26/ed-1/seq-3/1","Yes","","yes, 94","","x","duplicate of paper above","","sn83025661","Vermont telegraph (Brandon [Vt.])",1842,1,26,"seq-3","ed-1",1,"Vermont",884,1715,670945,183,"students","~/Code/hcij_lynching_phase_two/Storage_Older_Versions/latest_articles_aug23/16813_2.txt"
"892","16813_2.txt","guard at the door. I began to preach repentance","16813_2",16813,"2",1842-01-26,"https://articleextractor.org/pages/16813/vtu_kirby_ver02/sn83025661/1842/01/26/ed-1/seq-3/1","Yes","","yes, 94","","x","duplicate of paper above","","sn83025661","Vermont telegraph (Brandon [Vt.])",1842,1,26,"seq-3","ed-1",1,"Vermont",884,1715,670945,183,"students","~/Code/hcij_lynching_phase_two/Storage_Older_Versions/latest_articles_aug23/16813_2.txt"
"893","16813_2.txt","to them, as to pirates and murder-","16813_2",16813,"2",1842-01-26,"https://articleextractor.org/pages/16813/vtu_kirby_ver02/sn83025661/1842/01/26/ed-1/seq-3/1","Yes","","yes, 94","","x","duplicate of paper above","","sn83025661","Vermont telegraph (Brandon [Vt.])",1842,1,26,"seq-3","ed-1",1,"Vermont",884,1715,670945,183,"students","~/Code/hcij_lynching_phase_two/Storage_Older_Versions/latest_articles_aug23/16813_2.txt"
"894","16813_2.txt","ers. They could not stand it, and","16813_2",16813,"2",1842-01-26,"https://articleextractor.org/pages/16813/vtu_kirby_ver02/sn83025661/1842/01/26/ed-1/seq-3/1","Yes","","yes, 94","","x","duplicate of paper above","","sn83025661","Vermont telegraph (Brandon [Vt.])",1842,1,26,"seq-3","ed-1",1,"Vermont",884,1715,670945,183,"students","~/Code/hcij_lynching_phase_two/Storage_Older_Versions/latest_articles_aug23/16813_2.txt"
"895","16813_2.txt","into the house. Burgess looked on skulked the","16813_2",16813,"2",1842-01-26,"https://articleextractor.org/pages/16813/vtu_kirby_ver02/sn83025661/1842/01/26/ed-1/seq-3/1","Yes","","yes, 94","","x","duplicate of paper above","","sn83025661","Vermont telegraph (Brandon [Vt.])",1842,1,26,"seq-3","ed-1",1,"Vermont",884,1715,670945,183,"students","~/Code/hcij_lynching_phase_two/Storage_Older_Versions/latest_articles_aug23/16813_2.txt"
"896","16813_2.txt","one person said a word against it.","16813_2",16813,"2",1842-01-26,"https://articleextractor.org/pages/16813/vtu_kirby_ver02/sn83025661/1842/01/26/ed-1/seq-3/1","Yes","","yes, 94","","x","duplicate of paper above","","sn83025661","Vermont telegraph (Brandon [Vt.])",1842,1,26,"seq-3","ed-1",1,"Vermont",884,1715,670945,183,"students","~/Code/hcij_lynching_phase_two/Storage_Older_Versions/latest_articles_aug23/16813_2.txt"
"897","16813_2.txt","lynching process, and said nor a word. Only","16813_2",16813,"2",1842-01-26,"https://articleextractor.org/pages/16813/vtu_kirby_ver02/sn83025661/1842/01/26/ed-1/seq-3/1","Yes","","yes, 94","","x","duplicate of paper above","","sn83025661","Vermont telegraph (Brandon [Vt.])",1842,1,26,"seq-3","ed-1",1,"Vermont",884,1715,670945,183,"students","~/Code/hcij_lynching_phase_two/Storage_Older_Versions/latest_articles_aug23/16813_2.txt"
"898","16813_3.txt","ed to say, that Oberlin Perfection and","16813_3",16813,"3",1842-01-26,"https://articleextractor.org/pages/16813/vtu_kirby_ver02/sn83025661/1842/01/26/ed-1/seq-3/1","Yes","","yes, 94","","x","duplicate","","sn83025661","Vermont telegraph (Brandon [Vt.])",1842,1,26,"seq-3","ed-1",1,"Vermont",885,1716,670706,184,"students","~/Code/hcij_lynching_phase_two/Storage_Older_Versions/latest_articles_aug23/16813_3.txt"
"899","16813_3.txt","Resistance, are identical. He told his","16813_3",16813,"3",1842-01-26,"https://articleextractor.org/pages/16813/vtu_kirby_ver02/sn83025661/1842/01/26/ed-1/seq-3/1","Yes","","yes, 94","","x","duplicate","","sn83025661","Vermont telegraph (Brandon [Vt.])",1842,1,26,"seq-3","ed-1",1,"Vermont",885,1716,670706,184,"students","~/Code/hcij_lynching_phase_two/Storage_Older_Versions/latest_articles_aug23/16813_3.txt"
"900","16813_3.txt","le that they are a cloak for all ungodli-","16813_3",16813,"3",1842-01-26,"https://articleextractor.org/pages/16813/vtu_kirby_ver02/sn83025661/1842/01/26/ed-1/seq-3/1","Yes","","yes, 94","","x","duplicate","","sn83025661","Vermont telegraph (Brandon [Vt.])",1842,1,26,"seq-3","ed-1",1,"Vermont",885,1716,670706,184,"students","~/Code/hcij_lynching_phase_two/Storage_Older_Versions/latest_articles_aug23/16813_3.txt"
"901","16813_3.txt","that this was proved from the fact","16813_3",16813,"3",1842-01-26,"https://articleextractor.org/pages/16813/vtu_kirby_ver02/sn83025661/1842/01/26/ed-1/seq-3/1","Yes","","yes, 94","","x","duplicate","","sn83025661","Vermont telegraph (Brandon [Vt.])",1842,1,26,"seq-3","ed-1",1,"Vermont",885,1716,670706,184,"students","~/Code/hcij_lynching_phase_two/Storage_Older_Versions/latest_articles_aug23/16813_3.txt"
"902","16813_3.txt","the Oberlinites lynched a young man","16813_3",16813,"3",1842-01-26,"https://articleextractor.org/pages/16813/vtu_kirby_ver02/sn83025661/1842/01/26/ed-1/seq-3/1","Yes","","yes, 94","","x","duplicate","","sn83025661","Vermont telegraph (Brandon [Vt.])",1842,1,26,"seq-3","ed-1",1,"Vermont",885,1716,670706,184,"students","~/Code/hcij_lynching_phase_two/Storage_Older_Versions/latest_articles_aug23/16813_3.txt"
"903","16813_3.txt","r pretence of being perfect; and there","16813_3",16813,"3",1842-01-26,"https://articleextractor.org/pages/16813/vtu_kirby_ver02/sn83025661/1842/01/26/ed-1/seq-3/1","Yes","","yes, 94","","x","duplicate","","sn83025661","Vermont telegraph (Brandon [Vt.])",1842,1,26,"seq-3","ed-1",1,"Vermont",885,1716,670706,184,"students","~/Code/hcij_lynching_phase_two/Storage_Older_Versions/latest_articles_aug23/16813_3.txt"
"904","16813_3.txt","are at liberty to do anything with in","16813_3",16813,"3",1842-01-26,"https://articleextractor.org/pages/16813/vtu_kirby_ver02/sn83025661/1842/01/26/ed-1/seq-3/1","Yes","","yes, 94","","x","duplicate","","sn83025661","Vermont telegraph (Brandon [Vt.])",1842,1,26,"seq-3","ed-1",1,"Vermont",885,1716,670706,184,"students","~/Code/hcij_lynching_phase_two/Storage_Older_Versions/latest_articles_aug23/16813_3.txt"
"905","16813_3.txt","ty.","16813_3",16813,"3",1842-01-26,"https://articleextractor.org/pages/16813/vtu_kirby_ver02/sn83025661/1842/01/26/ed-1/seq-3/1","Yes","","yes, 94","","x","duplicate","","sn83025661","Vermont telegraph (Brandon [Vt.])",1842,1,26,"seq-3","ed-1",1,"Vermont",885,1716,670706,184,"students","~/Code/hcij_lynching_phase_two/Storage_Older_Versions/latest_articles_aug23/16813_3.txt"
"906","16813_3.txt","the H afternoon he administered bread","16813_3",16813,"3",1842-01-26,"https://articleextractor.org/pages/16813/vtu_kirby_ver02/sn83025661/1842/01/26/ed-1/seq-3/1","Yes","","yes, 94","","x","duplicate","","sn83025661","Vermont telegraph (Brandon [Vt.])",1842,1,26,"seq-3","ed-1",1,"Vermont",885,1716,670706,184,"students","~/Code/hcij_lynching_phase_two/Storage_Older_Versions/latest_articles_aug23/16813_3.txt"
"907","16822_0.txt","MORE LYNCH LAW .--- Two men named","16822_0",16822,"0",1841-07-29,"https://articleextractor.org/pages/16822/ohi_cousteau_ver02/sn84028889/1841/07/29/ed-1/seq-2/1","Yes","","","","x","A mob lynched two men named Couch and Maythe near Grant county, Kentucky for assaulting a driver. 1841","","sn84028889","The Ohio Democrat (Canal Dover, Oh...)",1841,7,29,"seq-2","ed-1",1,"Ohio",891,1722,475520,190,"students","~/Code/hcij_lynching_phase_two/Storage_Older_Versions/latest_articles_aug23/16822_0.txt"
"908","16822_0.txt","Couch and Maythe, were lynched at Willi.","16822_0",16822,"0",1841-07-29,"https://articleextractor.org/pages/16822/ohi_cousteau_ver02/sn84028889/1841/07/29/ed-1/seq-2/1","Yes","","","","x","A mob lynched two men named Couch and Maythe near Grant county, Kentucky for assaulting a driver. 1841","","sn84028889","The Ohio Democrat (Canal Dover, Oh...)",1841,7,29,"seq-2","ed-1",1,"Ohio",891,1722,475520,190,"students","~/Code/hcij_lynching_phase_two/Storage_Older_Versions/latest_articles_aug23/16822_0.txt"
"909","16822_0.txt","amstown, Grant county, Ky, last Saturday","16822_0",16822,"0",1841-07-29,"https://articleextractor.org/pages/16822/ohi_cousteau_ver02/sn84028889/1841/07/29/ed-1/seq-2/1","Yes","","","","x","A mob lynched two men named Couch and Maythe near Grant county, Kentucky for assaulting a driver. 1841","","sn84028889","The Ohio Democrat (Canal Dover, Oh...)",1841,7,29,"seq-2","ed-1",1,"Ohio",891,1722,475520,190,"students","~/Code/hcij_lynching_phase_two/Storage_Older_Versions/latest_articles_aug23/16822_0.txt"
"910","16822_0.txt","week, for committing a murderous assault up.","16822_0",16822,"0",1841-07-29,"https://articleextractor.org/pages/16822/ohi_cousteau_ver02/sn84028889/1841/07/29/ed-1/seq-2/1","Yes","","","","x","A mob lynched two men named Couch and Maythe near Grant county, Kentucky for assaulting a driver. 1841","","sn84028889","The Ohio Democrat (Canal Dover, Oh...)",1841,7,29,"seq-2","ed-1",1,"Ohio",891,1722,475520,190,"students","~/Code/hcij_lynching_phase_two/Storage_Older_Versions/latest_articles_aug23/16822_0.txt"
"911","16822_0.txt","on a drover, named Utterbeck, whom they","16822_0",16822,"0",1841-07-29,"https://articleextractor.org/pages/16822/ohi_cousteau_ver02/sn84028889/1841/07/29/ed-1/seq-2/1","Yes","","","","x","A mob lynched two men named Couch and Maythe near Grant county, Kentucky for assaulting a driver. 1841","","sn84028889","The Ohio Democrat (Canal Dover, Oh...)",1841,7,29,"seq-2","ed-1",1,"Ohio",891,1722,475520,190,"students","~/Code/hcij_lynching_phase_two/Storage_Older_Versions/latest_articles_aug23/16822_0.txt"
"912","16822_0.txt","also robbed. The mob went to the jail in","16822_0",16822,"0",1841-07-29,"https://articleextractor.org/pages/16822/ohi_cousteau_ver02/sn84028889/1841/07/29/ed-1/seq-2/1","Yes","","","","x","A mob lynched two men named Couch and Maythe near Grant county, Kentucky for assaulting a driver. 1841","","sn84028889","The Ohio Democrat (Canal Dover, Oh...)",1841,7,29,"seq-2","ed-1",1,"Ohio",891,1722,475520,190,"students","~/Code/hcij_lynching_phase_two/Storage_Older_Versions/latest_articles_aug23/16822_0.txt"
"913","16822_0.txt","which they were confined, took them out by","16822_0",16822,"0",1841-07-29,"https://articleextractor.org/pages/16822/ohi_cousteau_ver02/sn84028889/1841/07/29/ed-1/seq-2/1","Yes","","","","x","A mob lynched two men named Couch and Maythe near Grant county, Kentucky for assaulting a driver. 1841","","sn84028889","The Ohio Democrat (Canal Dover, Oh...)",1841,7,29,"seq-2","ed-1",1,"Ohio",891,1722,475520,190,"students","~/Code/hcij_lynching_phase_two/Storage_Older_Versions/latest_articles_aug23/16822_0.txt"
"914","16822_0.txt","force, carried them to the epot where they had","16822_0",16822,"0",1841-07-29,"https://articleextractor.org/pages/16822/ohi_cousteau_ver02/sn84028889/1841/07/29/ed-1/seq-2/1","Yes","","","","x","A mob lynched two men named Couch and Maythe near Grant county, Kentucky for assaulting a driver. 1841","","sn84028889","The Ohio Democrat (Canal Dover, Oh...)",1841,7,29,"seq-2","ed-1",1,"Ohio",891,1722,475520,190,"students","~/Code/hcij_lynching_phase_two/Storage_Older_Versions/latest_articles_aug23/16822_0.txt"
"915","16822_0.txt","committed the outrage on the drover, and","16822_0",16822,"0",1841-07-29,"https://articleextractor.org/pages/16822/ohi_cousteau_ver02/sn84028889/1841/07/29/ed-1/seq-2/1","Yes","","","","x","A mob lynched two men named Couch and Maythe near Grant county, Kentucky for assaulting a driver. 1841","","sn84028889","The Ohio Democrat (Canal Dover, Oh...)",1841,7,29,"seq-2","ed-1",1,"Ohio",891,1722,475520,190,"students","~/Code/hcij_lynching_phase_two/Storage_Older_Versions/latest_articles_aug23/16822_0.txt"
"916","16822_0.txt","hung them both upon a tree. The mob seeme","16822_0",16822,"0",1841-07-29,"https://articleextractor.org/pages/16822/ohi_cousteau_ver02/sn84028889/1841/07/29/ed-1/seq-2/1","Yes","","","","x","A mob lynched two men named Couch and Maythe near Grant county, Kentucky for assaulting a driver. 1841","","sn84028889","The Ohio Democrat (Canal Dover, Oh...)",1841,7,29,"seq-2","ed-1",1,"Ohio",891,1722,475520,190,"students","~/Code/hcij_lynching_phase_two/Storage_Older_Versions/latest_articles_aug23/16822_0.txt"
"917","16822_0.txt","to have acted with the utmost order in this","16822_0",16822,"0",1841-07-29,"https://articleextractor.org/pages/16822/ohi_cousteau_ver02/sn84028889/1841/07/29/ed-1/seq-2/1","Yes","","","","x","A mob lynched two men named Couch and Maythe near Grant county, Kentucky for assaulting a driver. 1841","","sn84028889","The Ohio Democrat (Canal Dover, Oh...)",1841,7,29,"seq-2","ed-1",1,"Ohio",891,1722,475520,190,"students","~/Code/hcij_lynching_phase_two/Storage_Older_Versions/latest_articles_aug23/16822_0.txt"
"918","16822_0.txt","ehocking tragedy, and even listened with respect","16822_0",16822,"0",1841-07-29,"https://articleextractor.org/pages/16822/ohi_cousteau_ver02/sn84028889/1841/07/29/ed-1/seq-2/1","Yes","","","","x","A mob lynched two men named Couch and Maythe near Grant county, Kentucky for assaulting a driver. 1841","","sn84028889","The Ohio Democrat (Canal Dover, Oh...)",1841,7,29,"seq-2","ed-1",1,"Ohio",891,1722,475520,190,"students","~/Code/hcij_lynching_phase_two/Storage_Older_Versions/latest_articles_aug23/16822_0.txt"
"919","16822_0.txt","to the remonstrance of an eminent law","16822_0",16822,"0",1841-07-29,"https://articleextractor.org/pages/16822/ohi_cousteau_ver02/sn84028889/1841/07/29/ed-1/seq-2/1","Yes","","","","x","A mob lynched two men named Couch and Maythe near Grant county, Kentucky for assaulting a driver. 1841","","sn84028889","The Ohio Democrat (Canal Dover, Oh...)",1841,7,29,"seq-2","ed-1",1,"Ohio",891,1722,475520,190,"students","~/Code/hcij_lynching_phase_two/Storage_Older_Versions/latest_articles_aug23/16822_0.txt"
"920","16822_0.txt","yer against their proceedings. If anything can","16822_0",16822,"0",1841-07-29,"https://articleextractor.org/pages/16822/ohi_cousteau_ver02/sn84028889/1841/07/29/ed-1/seq-2/1","Yes","","","","x","A mob lynched two men named Couch and Maythe near Grant county, Kentucky for assaulting a driver. 1841","","sn84028889","The Ohio Democrat (Canal Dover, Oh...)",1841,7,29,"seq-2","ed-1",1,"Ohio",891,1722,475520,190,"students","~/Code/hcij_lynching_phase_two/Storage_Older_Versions/latest_articles_aug23/16822_0.txt"
"921","16822_0.txt","palliate such an outrage, it was the fact that","16822_0",16822,"0",1841-07-29,"https://articleextractor.org/pages/16822/ohi_cousteau_ver02/sn84028889/1841/07/29/ed-1/seq-2/1","Yes","","","","x","A mob lynched two men named Couch and Maythe near Grant county, Kentucky for assaulting a driver. 1841","","sn84028889","The Ohio Democrat (Canal Dover, Oh...)",1841,7,29,"seq-2","ed-1",1,"Ohio",891,1722,475520,190,"students","~/Code/hcij_lynching_phase_two/Storage_Older_Versions/latest_articles_aug23/16822_0.txt"
"922","16822_0.txt","one of the robbers was a notorious rascal,","16822_0",16822,"0",1841-07-29,"https://articleextractor.org/pages/16822/ohi_cousteau_ver02/sn84028889/1841/07/29/ed-1/seq-2/1","Yes","","","","x","A mob lynched two men named Couch and Maythe near Grant county, Kentucky for assaulting a driver. 1841","","sn84028889","The Ohio Democrat (Canal Dover, Oh...)",1841,7,29,"seq-2","ed-1",1,"Ohio",891,1722,475520,190,"students","~/Code/hcij_lynching_phase_two/Storage_Older_Versions/latest_articles_aug23/16822_0.txt"
"923","16822_0.txt","who had frequently escaped a legal","16822_0",16822,"0",1841-07-29,"https://articleextractor.org/pages/16822/ohi_cousteau_ver02/sn84028889/1841/07/29/ed-1/seq-2/1","Yes","","","","x","A mob lynched two men named Couch and Maythe near Grant county, Kentucky for assaulting a driver. 1841","","sn84028889","The Ohio Democrat (Canal Dover, Oh...)",1841,7,29,"seq-2","ed-1",1,"Ohio",891,1722,475520,190,"students","~/Code/hcij_lynching_phase_two/Storage_Older_Versions/latest_articles_aug23/16822_0.txt"
"924","16822_0.txt","for similar crimes. punishment","16822_0",16822,"0",1841-07-29,"https://articleextractor.org/pages/16822/ohi_cousteau_ver02/sn84028889/1841/07/29/ed-1/seq-2/1","Yes","","","","x","A mob lynched two men named Couch and Maythe near Grant county, Kentucky for assaulting a driver. 1841","","sn84028889","The Ohio Democrat (Canal Dover, Oh...)",1841,7,29,"seq-2","ed-1",1,"Ohio",891,1722,475520,190,"students","~/Code/hcij_lynching_phase_two/Storage_Older_Versions/latest_articles_aug23/16822_0.txt"
"925","16832_0.txt","Siscellaneous.","16832_0",16832,"0",1841-12-02,"https://articleextractor.org/pages/16832/vi_bees_ver01/sn85025007/1841/12/02/ed-1/seq-1/1","Yes","Yes","yes, 90","","x","Mob attempted to murder Mr. Carey in Houston, Texas. His slave notified him and he was able to escape. 1841","","sn85025007","Alexandria gazette (Alexandria, D.C...)",1841,12,2,"seq-1","ed-1",1,"District of Columbia",904,1735,627315,193,"students","~/Code/hcij_lynching_phase_two/Storage_Older_Versions/latest_articles_aug23/16832_0.txt"
"926","16832_0.txt","From the Natchitoches llerald.","16832_0",16832,"0",1841-12-02,"https://articleextractor.org/pages/16832/vi_bees_ver01/sn85025007/1841/12/02/ed-1/seq-1/1","Yes","Yes","yes, 90","","x","Mob attempted to murder Mr. Carey in Houston, Texas. His slave notified him and he was able to escape. 1841","","sn85025007","Alexandria gazette (Alexandria, D.C...)",1841,12,2,"seq-1","ed-1",1,"District of Columbia",904,1735,627315,193,"students","~/Code/hcij_lynching_phase_two/Storage_Older_Versions/latest_articles_aug23/16832_0.txt"
"927","16832_0.txt","TEXAS.","16832_0",16832,"0",1841-12-02,"https://articleextractor.org/pages/16832/vi_bees_ver01/sn85025007/1841/12/02/ed-1/seq-1/1","Yes","Yes","yes, 90","","x","Mob attempted to murder Mr. Carey in Houston, Texas. His slave notified him and he was able to escape. 1841","","sn85025007","Alexandria gazette (Alexandria, D.C...)",1841,12,2,"seq-1","ed-1",1,"District of Columbia",904,1735,627315,193,"students","~/Code/hcij_lynching_phase_two/Storage_Older_Versions/latest_articles_aug23/16832_0.txt"
"928","16832_0.txt","Murder -- Lynch Law- Last of the Yoakum","16832_0",16832,"0",1841-12-02,"https://articleextractor.org/pages/16832/vi_bees_ver01/sn85025007/1841/12/02/ed-1/seq-1/1","Yes","Yes","yes, 90","","x","Mob attempted to murder Mr. Carey in Houston, Texas. His slave notified him and he was able to escape. 1841","","sn85025007","Alexandria gazette (Alexandria, D.C...)",1841,12,2,"seq-1","ed-1",1,"District of Columbia",904,1735,627315,193,"students","~/Code/hcij_lynching_phase_two/Storage_Older_Versions/latest_articles_aug23/16832_0.txt"
"929","16832_0.txt","Gang.","16832_0",16832,"0",1841-12-02,"https://articleextractor.org/pages/16832/vi_bees_ver01/sn85025007/1841/12/02/ed-1/seq-1/1","Yes","Yes","yes, 90","","x","Mob attempted to murder Mr. Carey in Houston, Texas. His slave notified him and he was able to escape. 1841","","sn85025007","Alexandria gazette (Alexandria, D.C...)",1841,12,2,"seq-1","ed-1",1,"District of Columbia",904,1735,627315,193,"students","~/Code/hcij_lynching_phase_two/Storage_Older_Versions/latest_articles_aug23/16832_0.txt"
"930","16832_0.txt","We have been put in possession of the facts","16832_0",16832,"0",1841-12-02,"https://articleextractor.org/pages/16832/vi_bees_ver01/sn85025007/1841/12/02/ed-1/seq-1/1","Yes","Yes","yes, 90","","x","Mob attempted to murder Mr. Carey in Houston, Texas. His slave notified him and he was able to escape. 1841","","sn85025007","Alexandria gazette (Alexandria, D.C...)",1841,12,2,"seq-1","ed-1",1,"District of Columbia",904,1735,627315,193,"students","~/Code/hcij_lynching_phase_two/Storage_Older_Versions/latest_articles_aug23/16832_0.txt"
"931","16832_0.txt","M.in relation to this affair, which is one among","16832_0",16832,"0",1841-12-02,"https://articleextractor.org/pages/16832/vi_bees_ver01/sn85025007/1841/12/02/ed-1/seq-1/1","Yes","Yes","yes, 90","","x","Mob attempted to murder Mr. Carey in Houston, Texas. His slave notified him and he was able to escape. 1841","","sn85025007","Alexandria gazette (Alexandria, D.C...)",1841,12,2,"seq-1","ed-1",1,"District of Columbia",904,1735,627315,193,"students","~/Code/hcij_lynching_phase_two/Storage_Older_Versions/latest_articles_aug23/16832_0.txt"
"932","16832_0.txt","the last Texas tragedies.","16832_0",16832,"0",1841-12-02,"https://articleextractor.org/pages/16832/vi_bees_ver01/sn85025007/1841/12/02/ed-1/seq-1/1","Yes","Yes","yes, 90","","x","Mob attempted to murder Mr. Carey in Houston, Texas. His slave notified him and he was able to escape. 1841","","sn85025007","Alexandria gazette (Alexandria, D.C...)",1841,12,2,"seq-1","ed-1",1,"District of Columbia",904,1735,627315,193,"students","~/Code/hcij_lynching_phase_two/Storage_Older_Versions/latest_articles_aug23/16832_0.txt"
"933","16832_0.txt","Jefferson county, it appears, have long suf","16832_0",16832,"0",1841-12-02,"https://articleextractor.org/pages/16832/vi_bees_ver01/sn85025007/1841/12/02/ed-1/seq-1/1","Yes","Yes","yes, 90","","x","Mob attempted to murder Mr. Carey in Houston, Texas. His slave notified him and he was able to escape. 1841","","sn85025007","Alexandria gazette (Alexandria, D.C...)",1841,12,2,"seq-1","ed-1",1,"District of Columbia",904,1735,627315,193,"students","~/Code/hcij_lynching_phase_two/Storage_Older_Versions/latest_articles_aug23/16832_0.txt"
"934","16832_0.txt","lered from their outrages; and from their","16832_0",16832,"0",1841-12-02,"https://articleextractor.org/pages/16832/vi_bees_ver01/sn85025007/1841/12/02/ed-1/seq-1/1","Yes","Yes","yes, 90","","x","Mob attempted to murder Mr. Carey in Houston, Texas. His slave notified him and he was able to escape. 1841","","sn85025007","Alexandria gazette (Alexandria, D.C...)",1841,12,2,"seq-1","ed-1",1,"District of Columbia",904,1735,627315,193,"students","~/Code/hcij_lynching_phase_two/Storage_Older_Versions/latest_articles_aug23/16832_0.txt"
"935","16832_0.txt","numbers and total recklessness of character,","16832_0",16832,"0",1841-12-02,"https://articleextractor.org/pages/16832/vi_bees_ver01/sn85025007/1841/12/02/ed-1/seq-1/1","Yes","Yes","yes, 90","","x","Mob attempted to murder Mr. Carey in Houston, Texas. His slave notified him and he was able to escape. 1841","","sn85025007","Alexandria gazette (Alexandria, D.C...)",1841,12,2,"seq-1","ed-1",1,"District of Columbia",904,1735,627315,193,"students","~/Code/hcij_lynching_phase_two/Storage_Older_Versions/latest_articles_aug23/16832_0.txt"
"936","16832_0.txt","It seemed impossible to arrest their injuries by","16832_0",16832,"0",1841-12-02,"https://articleextractor.org/pages/16832/vi_bees_ver01/sn85025007/1841/12/02/ed-1/seq-1/1","Yes","Yes","yes, 90","","x","Mob attempted to murder Mr. Carey in Houston, Texas. His slave notified him and he was able to escape. 1841","","sn85025007","Alexandria gazette (Alexandria, D.C...)",1841,12,2,"seq-1","ed-1",1,"District of Columbia",904,1735,627315,193,"students","~/Code/hcij_lynching_phase_two/Storage_Older_Versions/latest_articles_aug23/16832_0.txt"
"937","16832_0.txt","the hand of civil power. Cattle had been","16832_0",16832,"0",1841-12-02,"https://articleextractor.org/pages/16832/vi_bees_ver01/sn85025007/1841/12/02/ed-1/seq-1/1","Yes","Yes","yes, 90","","x","Mob attempted to murder Mr. Carey in Houston, Texas. His slave notified him and he was able to escape. 1841","","sn85025007","Alexandria gazette (Alexandria, D.C...)",1841,12,2,"seq-1","ed-1",1,"District of Columbia",904,1735,627315,193,"students","~/Code/hcij_lynching_phase_two/Storage_Older_Versions/latest_articles_aug23/16832_0.txt"
"938","16832_0.txt","stolen, robberies committed, and citizens insulted","16832_0",16832,"0",1841-12-02,"https://articleextractor.org/pages/16832/vi_bees_ver01/sn85025007/1841/12/02/ed-1/seq-1/1","Yes","Yes","yes, 90","","x","Mob attempted to murder Mr. Carey in Houston, Texas. His slave notified him and he was able to escape. 1841","","sn85025007","Alexandria gazette (Alexandria, D.C...)",1841,12,2,"seq-1","ed-1",1,"District of Columbia",904,1735,627315,193,"students","~/Code/hcij_lynching_phase_two/Storage_Older_Versions/latest_articles_aug23/16832_0.txt"
"939","16832_0.txt","and murdered; but still, whenever any","16832_0",16832,"0",1841-12-02,"https://articleextractor.org/pages/16832/vi_bees_ver01/sn85025007/1841/12/02/ed-1/seq-1/1","Yes","Yes","yes, 90","","x","Mob attempted to murder Mr. Carey in Houston, Texas. His slave notified him and he was able to escape. 1841","","sn85025007","Alexandria gazette (Alexandria, D.C...)",1841,12,2,"seq-1","ed-1",1,"District of Columbia",904,1735,627315,193,"students","~/Code/hcij_lynching_phase_two/Storage_Older_Versions/latest_articles_aug23/16832_0.txt"
"940","16832_0.txt","were arrested on the charge, the gang came","16832_0",16832,"0",1841-12-02,"https://articleextractor.org/pages/16832/vi_bees_ver01/sn85025007/1841/12/02/ed-1/seq-1/1","Yes","Yes","yes, 90","","x","Mob attempted to murder Mr. Carey in Houston, Texas. His slave notified him and he was able to escape. 1841","","sn85025007","Alexandria gazette (Alexandria, D.C...)",1841,12,2,"seq-1","ed-1",1,"District of Columbia",904,1735,627315,193,"students","~/Code/hcij_lynching_phase_two/Storage_Older_Versions/latest_articles_aug23/16832_0.txt"
"941","16832_0.txt","forward with perjured oaths, and they were","16832_0",16832,"0",1841-12-02,"https://articleextractor.org/pages/16832/vi_bees_ver01/sn85025007/1841/12/02/ed-1/seq-1/1","Yes","Yes","yes, 90","","x","Mob attempted to murder Mr. Carey in Houston, Texas. His slave notified him and he was able to escape. 1841","","sn85025007","Alexandria gazette (Alexandria, D.C...)",1841,12,2,"seq-1","ed-1",1,"District of Columbia",904,1735,627315,193,"students","~/Code/hcij_lynching_phase_two/Storage_Older_Versions/latest_articles_aug23/16832_0.txt"
"942","16832_0.txt","acquitted."" Yoakum"" was hardened into","16832_0",16832,"0",1841-12-02,"https://articleextractor.org/pages/16832/vi_bees_ver01/sn85025007/1841/12/02/ed-1/seq-1/1","Yes","Yes","yes, 90","","x","Mob attempted to murder Mr. Carey in Houston, Texas. His slave notified him and he was able to escape. 1841","","sn85025007","Alexandria gazette (Alexandria, D.C...)",1841,12,2,"seq-1","ed-1",1,"District of Columbia",904,1735,627315,193,"students","~/Code/hcij_lynching_phase_two/Storage_Older_Versions/latest_articles_aug23/16832_0.txt"
"943","16832_0.txt","the most inveterate degree of crime, and","16832_0",16832,"0",1841-12-02,"https://articleextractor.org/pages/16832/vi_bees_ver01/sn85025007/1841/12/02/ed-1/seq-1/1","Yes","Yes","yes, 90","","x","Mob attempted to murder Mr. Carey in Houston, Texas. His slave notified him and he was able to escape. 1841","","sn85025007","Alexandria gazette (Alexandria, D.C...)",1841,12,2,"seq-1","ed-1",1,"District of Columbia",904,1735,627315,193,"students","~/Code/hcij_lynching_phase_two/Storage_Older_Versions/latest_articles_aug23/16832_0.txt"
"944","16832_0.txt","seemed but to reap enjoyment by pursuing","16832_0",16832,"0",1841-12-02,"https://articleextractor.org/pages/16832/vi_bees_ver01/sn85025007/1841/12/02/ed-1/seq-1/1","Yes","Yes","yes, 90","","x","Mob attempted to murder Mr. Carey in Houston, Texas. His slave notified him and he was able to escape. 1841","","sn85025007","Alexandria gazette (Alexandria, D.C...)",1841,12,2,"seq-1","ed-1",1,"District of Columbia",904,1735,627315,193,"students","~/Code/hcij_lynching_phase_two/Storage_Older_Versions/latest_articles_aug23/16832_0.txt"
"945","16832_0.txt","the most fiendish acts of robbery and murder.","16832_0",16832,"0",1841-12-02,"https://articleextractor.org/pages/16832/vi_bees_ver01/sn85025007/1841/12/02/ed-1/seq-1/1","Yes","Yes","yes, 90","","x","Mob attempted to murder Mr. Carey in Houston, Texas. His slave notified him and he was able to escape. 1841","","sn85025007","Alexandria gazette (Alexandria, D.C...)",1841,12,2,"seq-1","ed-1",1,"District of Columbia",904,1735,627315,193,"students","~/Code/hcij_lynching_phase_two/Storage_Older_Versions/latest_articles_aug23/16832_0.txt"
"946","16832_0.txt","is a most singular instance of the effects of","16832_0",16832,"0",1841-12-02,"https://articleextractor.org/pages/16832/vi_bees_ver01/sn85025007/1841/12/02/ed-1/seq-1/1","Yes","Yes","yes, 90","","x","Mob attempted to murder Mr. Carey in Houston, Texas. His slave notified him and he was able to escape. 1841","","sn85025007","Alexandria gazette (Alexandria, D.C...)",1841,12,2,"seq-1","ed-1",1,"District of Columbia",904,1735,627315,193,"students","~/Code/hcij_lynching_phase_two/Storage_Older_Versions/latest_articles_aug23/16832_0.txt"
"947","16832_0.txt","habit. He was a rich and afluent planter, and","16832_0",16832,"0",1841-12-02,"https://articleextractor.org/pages/16832/vi_bees_ver01/sn85025007/1841/12/02/ed-1/seq-1/1","Yes","Yes","yes, 90","","x","Mob attempted to murder Mr. Carey in Houston, Texas. His slave notified him and he was able to escape. 1841","","sn85025007","Alexandria gazette (Alexandria, D.C...)",1841,12,2,"seq-1","ed-1",1,"District of Columbia",904,1735,627315,193,"students","~/Code/hcij_lynching_phase_two/Storage_Older_Versions/latest_articles_aug23/16832_0.txt"
"948","16832_0.txt","lived in a sumptuous and most magnificent","16832_0",16832,"0",1841-12-02,"https://articleextractor.org/pages/16832/vi_bees_ver01/sn85025007/1841/12/02/ed-1/seq-1/1","Yes","Yes","yes, 90","","x","Mob attempted to murder Mr. Carey in Houston, Texas. His slave notified him and he was able to escape. 1841","","sn85025007","Alexandria gazette (Alexandria, D.C...)",1841,12,2,"seq-1","ed-1",1,"District of Columbia",904,1735,627315,193,"students","~/Code/hcij_lynching_phase_two/Storage_Older_Versions/latest_articles_aug23/16832_0.txt"
"949","16832_0.txt","manner- kept a splendid equippage -- owned","16832_0",16832,"0",1841-12-02,"https://articleextractor.org/pages/16832/vi_bees_ver01/sn85025007/1841/12/02/ed-1/seq-1/1","Yes","Yes","yes, 90","","x","Mob attempted to murder Mr. Carey in Houston, Texas. His slave notified him and he was able to escape. 1841","","sn85025007","Alexandria gazette (Alexandria, D.C...)",1841,12,2,"seq-1","ed-1",1,"District of Columbia",904,1735,627315,193,"students","~/Code/hcij_lynching_phase_two/Storage_Older_Versions/latest_articles_aug23/16832_0.txt"
"950","16832_0.txt","over a hundred negroes and large tracts of","16832_0",16832,"0",1841-12-02,"https://articleextractor.org/pages/16832/vi_bees_ver01/sn85025007/1841/12/02/ed-1/seq-1/1","Yes","Yes","yes, 90","","x","Mob attempted to murder Mr. Carey in Houston, Texas. His slave notified him and he was able to escape. 1841","","sn85025007","Alexandria gazette (Alexandria, D.C...)",1841,12,2,"seq-1","ed-1",1,"District of Columbia",904,1735,627315,193,"students","~/Code/hcij_lynching_phase_two/Storage_Older_Versions/latest_articles_aug23/16832_0.txt"
"951","16832_0.txt","land- had constantly about a hundred breed","16832_0",16832,"0",1841-12-02,"https://articleextractor.org/pages/16832/vi_bees_ver01/sn85025007/1841/12/02/ed-1/seq-1/1","Yes","Yes","yes, 90","","x","Mob attempted to murder Mr. Carey in Houston, Texas. His slave notified him and he was able to escape. 1841","","sn85025007","Alexandria gazette (Alexandria, D.C...)",1841,12,2,"seq-1","ed-1",1,"District of Columbia",904,1735,627315,193,"students","~/Code/hcij_lynching_phase_two/Storage_Older_Versions/latest_articles_aug23/16832_0.txt"
"952","16832_0.txt","ing mares, made a yearly sale of fifteen hundred","16832_0",16832,"0",1841-12-02,"https://articleextractor.org/pages/16832/vi_bees_ver01/sn85025007/1841/12/02/ed-1/seq-1/1","Yes","Yes","yes, 90","","x","Mob attempted to murder Mr. Carey in Houston, Texas. His slave notified him and he was able to escape. 1841","","sn85025007","Alexandria gazette (Alexandria, D.C...)",1841,12,2,"seq-1","ed-1",1,"District of Columbia",904,1735,627315,193,"students","~/Code/hcij_lynching_phase_two/Storage_Older_Versions/latest_articles_aug23/16832_0.txt"
"953","16832_0.txt","cattle, and had a large revenue coming","16832_0",16832,"0",1841-12-02,"https://articleextractor.org/pages/16832/vi_bees_ver01/sn85025007/1841/12/02/ed-1/seq-1/1","Yes","Yes","yes, 90","","x","Mob attempted to murder Mr. Carey in Houston, Texas. His slave notified him and he was able to escape. 1841","","sn85025007","Alexandria gazette (Alexandria, D.C...)",1841,12,2,"seq-1","ed-1",1,"District of Columbia",904,1735,627315,193,"students","~/Code/hcij_lynching_phase_two/Storage_Older_Versions/latest_articles_aug23/16832_0.txt"
"954","16832_0.txt","other There is no doubt","16832_0",16832,"0",1841-12-02,"https://articleextractor.org/pages/16832/vi_bees_ver01/sn85025007/1841/12/02/ed-1/seq-1/1","Yes","Yes","yes, 90","","x","Mob attempted to murder Mr. Carey in Houston, Texas. His slave notified him and he was able to escape. 1841","","sn85025007","Alexandria gazette (Alexandria, D.C...)",1841,12,2,"seq-1","ed-1",1,"District of Columbia",904,1735,627315,193,"students","~/Code/hcij_lynching_phase_two/Storage_Older_Versions/latest_articles_aug23/16832_0.txt"
"955","16832_0.txt","that he was the richest man in Texas. Yet","16832_0",16832,"0",1841-12-02,"https://articleextractor.org/pages/16832/vi_bees_ver01/sn85025007/1841/12/02/ed-1/seq-1/1","Yes","Yes","yes, 90","","x","Mob attempted to murder Mr. Carey in Houston, Texas. His slave notified him and he was able to escape. 1841","","sn85025007","Alexandria gazette (Alexandria, D.C...)",1841,12,2,"seq-1","ed-1",1,"District of Columbia",904,1735,627315,193,"students","~/Code/hcij_lynching_phase_two/Storage_Older_Versions/latest_articles_aug23/16832_0.txt"
"956","16832_0.txt","with all this wealth, his disposition to plunder","16832_0",16832,"0",1841-12-02,"https://articleextractor.org/pages/16832/vi_bees_ver01/sn85025007/1841/12/02/ed-1/seq-1/1","Yes","Yes","yes, 90","","x","Mob attempted to murder Mr. Carey in Houston, Texas. His slave notified him and he was able to escape. 1841","","sn85025007","Alexandria gazette (Alexandria, D.C...)",1841,12,2,"seq-1","ed-1",1,"District of Columbia",904,1735,627315,193,"students","~/Code/hcij_lynching_phase_two/Storage_Older_Versions/latest_articles_aug23/16832_0.txt"
"957","16832_0.txt","knew no bounds.","16832_0",16832,"0",1841-12-02,"https://articleextractor.org/pages/16832/vi_bees_ver01/sn85025007/1841/12/02/ed-1/seq-1/1","Yes","Yes","yes, 90","","x","Mob attempted to murder Mr. Carey in Houston, Texas. His slave notified him and he was able to escape. 1841","","sn85025007","Alexandria gazette (Alexandria, D.C...)",1841,12,2,"seq-1","ed-1",1,"District of Columbia",904,1735,627315,193,"students","~/Code/hcij_lynching_phase_two/Storage_Older_Versions/latest_articles_aug23/16832_0.txt"
"958","16832_0.txt","The case of his death arose from an abortive","16832_0",16832,"0",1841-12-02,"https://articleextractor.org/pages/16832/vi_bees_ver01/sn85025007/1841/12/02/ed-1/seq-1/1","Yes","Yes","yes, 90","","x","Mob attempted to murder Mr. Carey in Houston, Texas. His slave notified him and he was able to escape. 1841","","sn85025007","Alexandria gazette (Alexandria, D.C...)",1841,12,2,"seq-1","ed-1",1,"District of Columbia",904,1735,627315,193,"students","~/Code/hcij_lynching_phase_two/Storage_Older_Versions/latest_articles_aug23/16832_0.txt"
"959","16832_0.txt","attempt to murder Mr. Carey of Hous:","16832_0",16832,"0",1841-12-02,"https://articleextractor.org/pages/16832/vi_bees_ver01/sn85025007/1841/12/02/ed-1/seq-1/1","Yes","Yes","yes, 90","","x","Mob attempted to murder Mr. Carey in Houston, Texas. His slave notified him and he was able to escape. 1841","","sn85025007","Alexandria gazette (Alexandria, D.C...)",1841,12,2,"seq-1","ed-1",1,"District of Columbia",904,1735,627315,193,"students","~/Code/hcij_lynching_phase_two/Storage_Older_Versions/latest_articles_aug23/16832_0.txt"
"960","16832_0.txt","ton county.- Mr. C. is a highly respectable and","16832_0",16832,"0",1841-12-02,"https://articleextractor.org/pages/16832/vi_bees_ver01/sn85025007/1841/12/02/ed-1/seq-1/1","Yes","Yes","yes, 90","","x","Mob attempted to murder Mr. Carey in Houston, Texas. His slave notified him and he was able to escape. 1841","","sn85025007","Alexandria gazette (Alexandria, D.C...)",1841,12,2,"seq-1","ed-1",1,"District of Columbia",904,1735,627315,193,"students","~/Code/hcij_lynching_phase_two/Storage_Older_Versions/latest_articles_aug23/16832_0.txt"
"961","16832_0.txt","wealthy citizen of the town of Houston, and","16832_0",16832,"0",1841-12-02,"https://articleextractor.org/pages/16832/vi_bees_ver01/sn85025007/1841/12/02/ed-1/seq-1/1","Yes","Yes","yes, 90","","x","Mob attempted to murder Mr. Carey in Houston, Texas. His slave notified him and he was able to escape. 1841","","sn85025007","Alexandria gazette (Alexandria, D.C...)",1841,12,2,"seq-1","ed-1",1,"District of Columbia",904,1735,627315,193,"students","~/Code/hcij_lynching_phase_two/Storage_Older_Versions/latest_articles_aug23/16832_0.txt"
"962","16832_0.txt","was at the time staying at the residence of Yoa","16832_0",16832,"0",1841-12-02,"https://articleextractor.org/pages/16832/vi_bees_ver01/sn85025007/1841/12/02/ed-1/seq-1/1","Yes","Yes","yes, 90","","x","Mob attempted to murder Mr. Carey in Houston, Texas. His slave notified him and he was able to escape. 1841","","sn85025007","Alexandria gazette (Alexandria, D.C...)",1841,12,2,"seq-1","ed-1",1,"District of Columbia",904,1735,627315,193,"students","~/Code/hcij_lynching_phase_two/Storage_Older_Versions/latest_articles_aug23/16832_0.txt"
"963","16832_0.txt","kum. He was suspected of having a large","16832_0",16832,"0",1841-12-02,"https://articleextractor.org/pages/16832/vi_bees_ver01/sn85025007/1841/12/02/ed-1/seq-1/1","Yes","Yes","yes, 90","","x","Mob attempted to murder Mr. Carey in Houston, Texas. His slave notified him and he was able to escape. 1841","","sn85025007","Alexandria gazette (Alexandria, D.C...)",1841,12,2,"seq-1","ed-1",1,"District of Columbia",904,1735,627315,193,"students","~/Code/hcij_lynching_phase_two/Storage_Older_Versions/latest_articles_aug23/16832_0.txt"
"964","16832_0.txt","sum of money with him, and Yoakum de-","16832_0",16832,"0",1841-12-02,"https://articleextractor.org/pages/16832/vi_bees_ver01/sn85025007/1841/12/02/ed-1/seq-1/1","Yes","Yes","yes, 90","","x","Mob attempted to murder Mr. Carey in Houston, Texas. His slave notified him and he was able to escape. 1841","","sn85025007","Alexandria gazette (Alexandria, D.C...)",1841,12,2,"seq-1","ed-1",1,"District of Columbia",904,1735,627315,193,"students","~/Code/hcij_lynching_phase_two/Storage_Older_Versions/latest_articles_aug23/16832_0.txt"
"965","16832_0.txt","termined that he should be murdered while","16832_0",16832,"0",1841-12-02,"https://articleextractor.org/pages/16832/vi_bees_ver01/sn85025007/1841/12/02/ed-1/seq-1/1","Yes","Yes","yes, 90","","x","Mob attempted to murder Mr. Carey in Houston, Texas. His slave notified him and he was able to escape. 1841","","sn85025007","Alexandria gazette (Alexandria, D.C...)",1841,12,2,"seq-1","ed-1",1,"District of Columbia",904,1735,627315,193,"students","~/Code/hcij_lynching_phase_two/Storage_Older_Versions/latest_articles_aug23/16832_0.txt"
"966","16832_0.txt","in bed. The plan was operly managed du","16832_0",16832,"0",1841-12-02,"https://articleextractor.org/pages/16832/vi_bees_ver01/sn85025007/1841/12/02/ed-1/seq-1/1","Yes","Yes","yes, 90","","x","Mob attempted to murder Mr. Carey in Houston, Texas. His slave notified him and he was able to escape. 1841","","sn85025007","Alexandria gazette (Alexandria, D.C...)",1841,12,2,"seq-1","ed-1",1,"District of Columbia",904,1735,627315,193,"students","~/Code/hcij_lynching_phase_two/Storage_Older_Versions/latest_articles_aug23/16832_0.txt"
"967","16832_0.txt","ring the day, and everything placed in","16832_0",16832,"0",1841-12-02,"https://articleextractor.org/pages/16832/vi_bees_ver01/sn85025007/1841/12/02/ed-1/seq-1/1","Yes","Yes","yes, 90","","x","Mob attempted to murder Mr. Carey in Houston, Texas. His slave notified him and he was able to escape. 1841","","sn85025007","Alexandria gazette (Alexandria, D.C...)",1841,12,2,"seq-1","ed-1",1,"District of Columbia",904,1735,627315,193,"students","~/Code/hcij_lynching_phase_two/Storage_Older_Versions/latest_articles_aug23/16832_0.txt"
"968","16832_0.txt","Less for the commission. Nothing remained read","16832_0",16832,"0",1841-12-02,"https://articleextractor.org/pages/16832/vi_bees_ver01/sn85025007/1841/12/02/ed-1/seq-1/1","Yes","Yes","yes, 90","","x","Mob attempted to murder Mr. Carey in Houston, Texas. His slave notified him and he was able to escape. 1841","","sn85025007","Alexandria gazette (Alexandria, D.C...)",1841,12,2,"seq-1","ed-1",1,"District of Columbia",904,1735,627315,193,"students","~/Code/hcij_lynching_phase_two/Storage_Older_Versions/latest_articles_aug23/16832_0.txt"
